Transaction_ID,Date,Customer_ID,Age,Product_Category,Product_Price,Quantity,Discount_Applied,Payment_Method,Delivery_Days,Customer_Rating,Returned,Final_Price,Month,Day_of_Week,Week
1,2023-04-13,1861,27,Fashion,129.5309691818966,4,20,Debit Card,14,5,0,414.49910138206917,4,Thursday,15
2,2023-12-15,1567,39,Books,332.71925333112404,1,15,Credit Card,5,5,0,282.8113653314554,12,Friday,50
3,2023-09-28,2083,30,Electronics,567.3516894701131,1,0,Digital Wallet,7,2,0,567.3516894701131,9,Thursday,39
4,2023-04-17,1649,26,Fashion,195.30682289860536,4,0,Debit Card,13,4,0,781.2272915944214,4,Monday,16
5,2023-03-13,1038,50,Sports,802.6174198486873,3,0,Debit Card,12,4,0,2407.8522595460618,3,Monday,11
6,2023-07-08,2072,31,Home,972.4349444394023,2,5,Credit Card,3,3,0,1847.6263944348643,7,Saturday,27
7,2023-01-21,2443,65,Home,222.61180596284734,3,5,Debit Card,8,5,1,634.4436469941148,1,Saturday,3
8,2023-04-13,1636,37,Books,195.04284514267016,4,15,Net Banking,2,3,0,663.1456734850785,4,Thursday,15
9,2023-05-02,2036,32,Electronics,460.3857210794702,4,10,Digital Wallet,13,4,0,1657.3885958860928,5,Tuesday,18
10,2023-08-03,1035,49,Sports,750.2876243686318,3,10,Debit Card,8,5,0,2025.7765857953057,8,Thursday,31
11,2023-11-27,1100,50,Books,288.7846041328989,2,15,Net Banking,2,5,0,490.9338270259281,11,Monday,48
12,2023-03-29,2109,34,Books,29.681109610307598,2,5,Credit Card,7,5,0,56.394108259584435,3,Wednesday,13
13,2023-04-10,2246,41,Electronics,545.808421752565,2,20,Debit Card,2,5,0,873.293474804104,4,Monday,15
14,2023-12-26,2361,47,Sports,957.0345620896345,2,15,Net Banking,7,5,0,1626.9587555523785,12,Tuesday,52
15,2023-06-01,1165,30,Electronics,397.3640868528761,2,10,Credit Card,1,5,0,715.255356335177,6,Thursday,22
16,2023-05-11,1382,64,Home,425.9332086412694,1,15,Net Banking,6,3,0,362.043227345079,5,Thursday,19
17,2023-05-30,2399,65,Fashion,969.2126999428975,1,15,Credit Card,10,4,0,823.8307949514628,5,Tuesday,22
18,2023-11-05,2494,33,Home,697.661535510461,4,0,Digital Wallet,7,5,0,2790.646142041844,11,Sunday,44
19,2023-09-15,1789,19,Home,721.9802036137039,1,5,Debit Card,4,4,0,685.8811934330187,9,Friday,37
20,2023-12-10,1030,34,Books,567.074985317357,2,0,Digital Wallet,11,3,0,1134.149970634714,12,Sunday,49
21,2023-10-21,2398,49,Home,974.8631187546092,2,5,Digital Wallet,11,5,0,1852.2399256337574,10,Saturday,42
22,2023-07-11,1010,60,Sports,691.9778195813005,2,15,Debit Card,1,3,0,1176.3622932882108,7,Tuesday,28
23,2023-10-04,2325,25,Home,896.0824240891178,4,5,Digital Wallet,12,4,1,3405.1132115386476,10,Wednesday,40
24,2023-06-10,1095,69,Sports,702.385077075889,4,10,Digital Wallet,6,4,0,2528.5862774732004,6,Saturday,23
25,2023-11-10,2213,20,Electronics,737.764666591992,3,0,Net Banking,4,3,0,2213.293999775976,11,Friday,45
26,2023-01-22,1452,29,Books,297.506812920824,1,15,Credit Card,3,5,0,252.8807909827004,1,Sunday,3
27,2023-09-10,1191,37,Sports,310.4439110336808,1,10,Digital Wallet,4,5,0,279.39951993031275,9,Sunday,36
28,2023-08-24,1485,33,Home,785.154803080269,3,5,Debit Card,6,5,0,2237.6911887787664,8,Thursday,34
29,2023-12-11,2289,31,Books,303.7392262782006,3,5,Net Banking,5,4,0,865.6567948928716,12,Monday,50
30,2023-02-18,2447,33,Books,567.1423700935163,1,10,Credit Card,2,5,0,510.4281330841647,2,Saturday,7
31,2023-02-28,2151,66,Sports,256.85878779763493,2,5,Digital Wallet,2,5,0,488.03169681550634,2,Tuesday,9
32,2023-06-19,1237,60,Sports,818.8135470009787,1,0,Digital Wallet,3,4,0,818.8135470009787,6,Monday,25
33,2023-07-07,2378,66,Fashion,119.3963377154131,2,20,Debit Card,11,4,0,191.03414034466095,7,Friday,27
34,2023-09-28,2135,68,Fashion,831.1521733640478,4,5,Digital Wallet,6,5,0,3158.3782587833816,9,Thursday,39
35,2023-07-09,2469,50,Books,606.7025025025258,1,15,Debit Card,12,5,0,515.6971271271469,7,Sunday,27
36,2023-06-24,2366,47,Fashion,195.04043947880652,1,5,Digital Wallet,14,5,0,185.28841750486617,6,Saturday,25
37,2023-02-20,2168,29,Home,546.615031651057,4,15,Digital Wallet,1,3,0,1858.4911076135938,2,Monday,8
38,2023-12-30,2088,32,Electronics,289.67384847886706,4,5,Debit Card,11,1,0,1100.7606242196948,12,Saturday,52
39,2023-02-24,2270,35,Books,330.2326613831916,4,5,Credit Card,7,5,0,1254.884113256128,2,Friday,8
40,2023-09-01,1734,45,Electronics,358.0127611809115,4,15,Net Banking,8,1,0,1217.243388015099,9,Friday,35
41,2023-11-16,1990,40,Fashion,72.68605450259773,4,0,Debit Card,7,2,0,290.7442180103909,11,Thursday,46
42,2023-05-11,1824,31,Sports,986.1020675574032,3,20,Credit Card,11,3,0,2366.644962137768,5,Thursday,19
43,2023-11-03,2462,47,Books,41.21928184991185,3,20,Credit Card,3,4,0,98.92627643978845,11,Friday,44
44,2023-05-15,1105,50,Fashion,665.8719044524356,4,0,Debit Card,6,4,0,2663.4876178097425,5,Monday,20
45,2023-01-21,1180,62,Home,377.51537127985625,4,5,Net Banking,14,5,0,1434.5584108634537,1,Saturday,3
46,2023-11-25,1183,32,Books,649.5501880372319,4,20,Debit Card,4,5,0,2078.560601719142,11,Saturday,47
47,2023-06-16,1225,24,Books,362.68577055670795,4,0,Digital Wallet,5,4,0,1450.7430822268318,6,Friday,24
48,2023-10-01,1776,32,Sports,677.0131397962701,2,0,Digital Wallet,3,4,0,1354.0262795925403,10,Sunday,39
49,2023-03-30,1789,69,Books,731.9431543736772,2,20,Credit Card,5,5,0,1171.1090469978835,3,Thursday,13
50,2023-11-12,2112,59,Sports,693.6471139956484,4,15,Digital Wallet,6,4,0,2358.4001875852045,11,Sunday,45
51,2023-01-14,1687,63,Fashion,122.82236154457075,4,10,Net Banking,8,5,1,442.16050156045475,1,Saturday,2
52,2023-08-30,1529,55,Home,660.3243023081378,1,15,Debit Card,12,4,0,561.2756569619171,8,Wednesday,35
53,2023-09-22,2394,63,Home,287.1876739595563,4,5,Net Banking,6,5,0,1091.313161046314,9,Friday,38
54,2023-12-12,1971,61,Books,38.51335686364018,4,15,Credit Card,9,4,0,130.94541333637662,12,Tuesday,50
55,2023-02-22,1935,28,Books,420.68236517006443,3,10,Digital Wallet,10,5,0,1135.842385959174,2,Wednesday,8
56,2023-12-06,2422,46,Fashion,439.207671775763,2,10,Digital Wallet,10,5,0,790.5738091963734,12,Wednesday,49
57,2023-04-02,1105,48,Sports,472.502392018922,4,0,Debit Card,14,5,0,1890.009568075688,4,Sunday,13
58,2023-09-21,2294,42,Home,707.7759237368091,2,5,Net Banking,10,5,0,1344.7742550999371,9,Thursday,38
59,2023-02-04,1830,69,Sports,315.75537105103456,2,0,Net Banking,10,5,0,631.5107421020691,2,Saturday,5
60,2023-07-25,1678,41,Fashion,322.12770797288334,1,15,Debit Card,4,5,1,273.8085517769508,7,Tuesday,30
61,2023-03-22,1848,36,Home,69.94673367884799,2,15,Digital Wallet,2,5,0,118.90944725404158,3,Wednesday,12
62,2023-02-19,2055,19,Home,689.953003832373,2,20,Credit Card,12,5,1,1103.924806131797,2,Sunday,7
63,2023-12-26,1392,39,Electronics,572.1478304855881,4,0,Credit Card,9,4,0,2288.5913219423524,12,Tuesday,52
64,2023-01-02,1039,37,Fashion,355.9308615668502,3,0,Debit Card,11,4,0,1067.7925847005506,1,Monday,1
65,2023-02-23,1659,50,Fashion,708.1370891281811,4,0,Debit Card,3,1,0,2832.5483565127242,2,Thursday,8
66,2023-04-16,2241,25,Electronics,541.9841717346084,4,0,Debit Card,11,4,0,2167.9366869384335,4,Sunday,15
67,2023-09-17,1980,42,Sports,474.5524964118343,3,10,Net Banking,7,5,1,1281.2917403119527,9,Sunday,37
68,2023-11-06,2105,63,Electronics,516.2112982245152,3,20,Digital Wallet,4,2,0,1238.9071157388364,11,Monday,45
69,2023-07-10,1844,26,Fashion,639.9846440143859,1,5,Digital Wallet,12,5,0,607.9854118136666,7,Monday,28
70,2023-08-06,1200,51,Sports,663.4025785288535,3,5,Debit Card,12,5,1,1890.6973488072322,8,Sunday,31
71,2023-02-13,1446,40,Home,296.06824094931,4,5,Credit Card,1,5,0,1125.059315607378,2,Monday,7
72,2023-06-11,2451,22,Electronics,149.3359297572417,3,10,Net Banking,8,5,0,403.2070103445526,6,Sunday,23
73,2023-07-21,2061,42,Sports,165.06783937861357,3,20,Debit Card,13,3,0,396.16281450867257,7,Friday,29
74,2023-09-27,2234,25,Sports,642.9969770439716,3,20,Net Banking,12,5,0,1543.192744905532,9,Wednesday,39
75,2023-12-17,1443,33,Sports,874.1445529094547,2,10,Debit Card,4,2,0,1573.4601952370185,12,Sunday,50
76,2023-10-31,2350,65,Electronics,415.4013155620963,1,0,Net Banking,11,5,0,415.4013155620963,10,Tuesday,44
77,2023-09-28,1760,62,Home,177.82495872616775,2,15,Credit Card,6,2,0,302.30242983448517,9,Thursday,39
78,2023-08-03,1226,69,Sports,759.0364733109161,2,0,Credit Card,7,3,0,1518.0729466218322,8,Thursday,31
79,2023-09-09,1047,32,Electronics,834.164579675254,1,5,Credit Card,8,5,0,792.4563506914913,9,Saturday,36
80,2023-07-09,2041,18,Fashion,881.7766186897569,2,0,Credit Card,10,5,0,1763.5532373795138,7,Sunday,27
81,2023-10-23,1911,39,Electronics,610.7631146245959,3,10,Digital Wallet,2,4,0,1649.060409486409,10,Monday,43
82,2023-08-01,2462,20,Electronics,862.1212737942038,1,5,Digital Wallet,9,5,0,819.0152101044936,8,Tuesday,31
83,2023-07-27,1186,55,Electronics,25.2608088639236,2,15,Net Banking,10,4,0,42.94337506867012,7,Thursday,30
84,2023-08-25,1344,31,Sports,116.16344375182828,4,5,Debit Card,13,2,0,441.42108625694743,8,Friday,34
85,2023-12-04,1223,53,Electronics,101.65030638157776,2,0,Digital Wallet,3,5,0,203.30061276315553,12,Monday,49
86,2023-02-22,1829,35,Fashion,715.4786374121857,4,20,Debit Card,1,5,0,2289.531639718994,2,Wednesday,8
87,2023-10-07,1487,64,Sports,78.88596570814323,3,20,Net Banking,2,5,0,189.32631769954378,10,Saturday,40
88,2023-08-05,1876,58,Fashion,501.400728741644,4,20,Debit Card,8,5,0,1604.482331973261,8,Saturday,31
89,2023-09-09,1848,35,Books,477.9798296499262,2,5,Credit Card,10,5,0,908.1616763348597,9,Saturday,36
90,2023-07-07,2252,20,Electronics,317.5964883226585,2,20,Credit Card,6,4,0,508.15438131625365,7,Friday,27
91,2023-02-10,2413,27,Sports,871.7011182426788,2,10,Digital Wallet,11,4,0,1569.0620128368219,2,Friday,6
92,2023-06-06,1978,66,Sports,178.72886986119605,1,15,Net Banking,1,4,0,151.91953938201664,6,Tuesday,23
93,2023-01-15,2016,56,Electronics,358.9381565552474,1,20,Digital Wallet,11,5,0,287.1505252441979,1,Sunday,2
94,2023-10-28,1187,64,Home,776.4297850226998,2,10,Digital Wallet,9,3,0,1397.5736130408595,10,Saturday,43
95,2023-03-06,1269,18,Home,40.1180912493514,2,10,Digital Wallet,7,4,0,72.21256424883252,3,Monday,10
96,2023-12-11,1309,44,Fashion,676.2208962439049,3,5,Net Banking,10,5,0,1927.229554295129,12,Monday,50
97,2023-11-23,2155,44,Electronics,818.2337490979548,1,5,Credit Card,11,3,0,777.322061643057,11,Thursday,47
98,2023-01-09,2095,28,Electronics,932.9451604497856,1,15,Credit Card,3,5,0,793.0033863823178,1,Monday,2
99,2023-12-10,1844,66,Books,877.53367408657,1,15,Digital Wallet,13,1,0,745.9036229735846,12,Sunday,49
100,2023-05-09,2210,22,Home,326.19027566534834,4,0,Debit Card,7,5,0,1304.7611026613934,5,Tuesday,19
101,2023-05-16,1485,24,Home,590.5004999097231,2,15,Credit Card,6,4,0,1003.8508498465292,5,Tuesday,20
102,2023-03-04,2214,36,Electronics,86.5205582189612,3,5,Credit Card,3,2,0,246.5835909240394,3,Saturday,9
103,2023-05-19,2445,46,Fashion,265.29130351252854,3,10,Net Banking,8,5,0,716.2865194838271,5,Friday,20
104,2023-03-22,1119,32,Electronics,103.2801549600323,2,0,Credit Card,1,5,0,206.5603099200646,3,Wednesday,12
105,2023-06-12,1219,52,Fashion,322.0354172524242,2,15,Credit Card,5,1,0,547.4602093291212,6,Monday,24
106,2023-10-16,1052,64,Home,876.4353413241416,3,10,Digital Wallet,8,4,0,2366.3754215751824,10,Monday,42
107,2023-09-18,2474,54,Books,353.6951712775497,4,5,Digital Wallet,3,4,0,1344.041650854689,9,Monday,38
108,2023-08-19,2435,29,Sports,566.2791219714121,3,20,Net Banking,11,4,0,1359.069892731389,8,Saturday,33
109,2023-02-10,2260,47,Home,439.0470396337914,4,0,Net Banking,13,4,0,1756.1881585351657,2,Friday,6
110,2023-01-28,1757,37,Fashion,464.32735905574793,4,10,Debit Card,10,5,0,1671.5784926006927,1,Saturday,4
111,2023-05-15,1737,54,Electronics,969.8763313181927,1,5,Credit Card,11,4,0,921.382514752283,5,Monday,20
112,2023-07-20,1719,20,Home,303.19292358121936,2,5,Digital Wallet,12,4,0,576.0665548043168,7,Thursday,29
113,2023-11-24,1405,26,Books,631.0512248279397,1,0,Digital Wallet,6,5,1,631.0512248279397,11,Friday,47
114,2023-09-25,1607,58,Fashion,425.8620428836526,4,0,Credit Card,10,1,0,1703.4481715346103,9,Monday,39
115,2023-02-02,2020,56,Electronics,70.53471923720934,3,15,Net Banking,11,5,0,179.86353405488381,2,Thursday,5
116,2023-02-17,1421,43,Sports,494.4375233079936,1,15,Digital Wallet,2,5,0,420.27189481179454,2,Friday,7
117,2023-03-03,1711,19,Fashion,815.2098957546573,3,0,Net Banking,9,4,0,2445.629687263972,3,Friday,9
118,2023-08-04,1246,40,Electronics,107.76543899487149,4,0,Digital Wallet,2,3,0,431.06175597948595,8,Friday,31
119,2023-10-20,1071,40,Sports,78.89592892234587,3,10,Digital Wallet,5,2,0,213.01900809033384,10,Friday,42
120,2023-04-09,1184,38,Electronics,162.095205189334,1,15,Debit Card,3,5,0,137.7809244109339,4,Sunday,14
121,2023-06-21,1005,33,Sports,766.756110275413,4,5,Digital Wallet,10,5,0,2913.673219046569,6,Wednesday,25
122,2023-12-26,2229,26,Sports,726.7554303032906,2,15,Credit Card,12,5,0,1235.484231515594,12,Tuesday,52
123,2023-08-02,1905,30,Sports,569.3675912170495,1,15,Credit Card,9,5,0,483.96245253449206,8,Wednesday,31
124,2023-02-04,1386,45,Electronics,473.54414005170605,1,0,Credit Card,9,5,0,473.54414005170605,2,Saturday,5
125,2023-08-15,1698,44,Sports,889.4425565555958,2,0,Net Banking,7,5,1,1778.8851131111917,8,Tuesday,33
126,2023-04-11,2099,68,Fashion,769.0308455951476,4,15,Digital Wallet,10,3,0,2614.7048750235017,4,Tuesday,15
127,2023-05-11,2200,69,Books,813.8228287887871,2,20,Net Banking,5,4,0,1302.1165260620594,5,Thursday,19
128,2023-09-14,1826,34,Books,815.1296783371477,1,20,Debit Card,9,4,0,652.1037426697181,9,Thursday,37
129,2023-01-05,1348,55,Sports,646.2899831981024,4,15,Digital Wallet,7,5,0,2197.385942873548,1,Thursday,1
130,2023-08-06,2278,53,Books,463.4344780727864,3,20,Credit Card,2,4,0,1112.2427473746873,8,Sunday,31
131,2023-09-12,1307,18,Books,866.0309750597938,1,15,Debit Card,10,5,0,736.1263288008247,9,Tuesday,37
132,2023-12-25,2368,35,Sports,926.7473434272182,3,0,Debit Card,1,5,0,2780.2420302816545,12,Monday,52
133,2023-10-10,2150,68,Sports,33.567982825759586,2,0,Digital Wallet,10,1,0,67.13596565151917,10,Tuesday,41
134,2023-07-26,1286,26,Fashion,61.03932453358879,4,0,Credit Card,10,5,0,244.15729813435516,7,Wednesday,30
135,2023-01-15,1765,30,Home,959.1558639393529,2,5,Net Banking,14,3,0,1822.3961414847704,1,Sunday,2
136,2023-12-12,1724,57,Electronics,284.3890077057528,3,0,Digital Wallet,4,4,0,853.1670231172584,12,Tuesday,50
137,2023-02-11,1761,62,Sports,874.6357452529245,1,0,Credit Card,10,5,0,874.6357452529245,2,Saturday,6
138,2023-06-28,1382,32,Sports,394.9071677717886,4,15,Debit Card,8,5,0,1342.6843704240812,6,Wednesday,26
139,2023-03-04,2429,60,Books,127.90905703326204,2,20,Digital Wallet,6,4,0,204.65449125321928,3,Saturday,9
140,2023-12-18,1387,61,Fashion,89.63876820724093,3,20,Debit Card,14,4,0,215.13304369737827,12,Monday,51
141,2023-08-19,1524,63,Books,164.94282008965192,3,0,Credit Card,2,4,0,494.8284602689557,8,Saturday,33
142,2023-08-29,1638,21,Sports,257.3942629186911,1,0,Net Banking,5,3,0,257.3942629186911,8,Tuesday,35
143,2023-02-21,1937,50,Sports,493.6331703915179,3,0,Net Banking,9,5,0,1480.8995111745537,2,Tuesday,8
144,2023-04-06,1275,41,Books,704.4829215601258,4,15,Debit Card,6,4,0,2395.2419333044277,4,Thursday,14
145,2023-08-10,1499,53,Sports,986.5345907204469,3,15,Debit Card,6,5,0,2515.6632063371394,8,Thursday,32
146,2023-08-19,1716,68,Home,447.0916758562793,1,15,Debit Card,7,5,0,380.0279244778374,8,Saturday,33
147,2023-08-25,1336,58,Electronics,523.0030929196788,2,20,Digital Wallet,13,4,0,836.8049486714862,8,Friday,34
148,2023-05-23,1931,27,Electronics,526.5975443694231,4,5,Credit Card,11,4,0,2001.0706686038077,5,Tuesday,21
149,2023-06-20,1480,53,Electronics,544.0400119330567,2,20,Debit Card,5,5,0,870.4640190928908,6,Tuesday,25
150,2023-01-29,1910,37,Home,522.5632505334177,2,15,Debit Card,3,4,0,888.35752590681,1,Sunday,4
151,2023-02-05,2296,58,Sports,18.68700751129865,3,10,Debit Card,3,5,0,50.45492028050636,2,Sunday,5
152,2023-01-13,2081,62,Books,11.7075738887423,3,5,Net Banking,5,3,0,33.36658558291555,1,Friday,2
153,2023-06-09,2351,61,Fashion,106.68965494486169,1,0,Debit Card,4,4,0,106.68965494486169,6,Friday,23
154,2023-11-23,1108,28,Sports,110.54103739488704,3,20,Credit Card,5,2,0,265.2984897477289,11,Thursday,47
155,2023-07-06,2302,29,Home,707.8479398652481,3,5,Net Banking,14,4,0,2017.366628615957,7,Thursday,27
156,2023-08-31,1327,35,Home,212.86687219083976,2,10,Credit Card,9,5,1,383.16036994351157,8,Thursday,35
157,2023-03-27,1314,47,Electronics,895.7669637080568,4,5,Net Banking,5,5,1,3403.9144620906154,3,Monday,13
158,2023-10-11,2497,61,Sports,929.3202662812492,3,20,Net Banking,4,4,0,2230.3686390749986,10,Wednesday,41
159,2023-03-07,2134,65,Electronics,976.1344045169398,4,15,Digital Wallet,13,4,0,3318.8569753575953,3,Tuesday,10
160,2023-06-19,1698,54,Fashion,939.6904918381499,3,0,Net Banking,4,4,0,2819.07147551445,6,Monday,25
161,2023-02-14,1780,37,Electronics,279.16943869933937,3,15,Net Banking,1,3,0,711.8820686833153,2,Tuesday,7
162,2023-03-03,2252,42,Fashion,514.6790762564774,1,15,Credit Card,10,5,0,437.4772148180058,3,Friday,9
163,2023-05-14,1155,29,Home,183.7004204949716,3,20,Credit Card,4,5,0,440.8810091879319,5,Sunday,19
164,2023-10-11,2496,38,Electronics,808.1475586207088,1,15,Debit Card,12,3,1,686.9254248276025,10,Wednesday,41
165,2023-01-28,2295,42,Electronics,889.5473880926551,2,15,Digital Wallet,14,5,0,1512.2305597575137,1,Saturday,4
166,2023-04-18,1886,28,Books,852.7759509045397,4,20,Net Banking,4,5,0,2728.8830428945275,4,Tuesday,16
167,2023-02-13,2025,26,Home,439.0332792098665,3,20,Digital Wallet,9,3,0,1053.6798701036796,2,Monday,7
168,2023-12-06,1757,67,Books,761.0871458399132,1,10,Debit Card,11,5,0,684.9784312559219,12,Wednesday,49
169,2023-10-13,1721,42,Fashion,106.60337788050674,2,15,Digital Wallet,4,4,0,181.22574239686145,10,Friday,41
170,2023-11-27,1912,52,Fashion,49.84232291305818,3,5,Net Banking,7,5,0,142.0506203022158,11,Monday,48
171,2023-05-08,2309,69,Home,755.7040501656733,1,0,Credit Card,1,4,0,755.7040501656733,5,Monday,19
172,2023-12-14,1870,49,Fashion,431.1017215853969,1,0,Digital Wallet,14,1,0,431.1017215853969,12,Thursday,50
173,2023-08-19,1012,66,Home,995.5937720921735,2,20,Net Banking,7,5,0,1592.9500353474778,8,Saturday,33
174,2023-07-09,1607,31,Fashion,106.28167369697708,3,20,Debit Card,14,5,0,255.07601687274502,7,Sunday,27
175,2023-08-13,1497,18,Sports,857.0714047198813,3,10,Net Banking,2,5,0,2314.0927927436796,8,Sunday,32
176,2023-10-10,1237,34,Electronics,485.1832348737018,4,15,Digital Wallet,12,3,0,1649.622998570586,10,Tuesday,41
177,2023-05-01,2117,42,Sports,828.8786935488382,3,20,Net Banking,11,5,0,1989.3088645172118,5,Monday,18
178,2023-04-26,2361,25,Home,818.9560093484434,1,20,Net Banking,8,4,0,655.1648074787548,4,Wednesday,17
179,2023-08-21,1780,22,Home,916.8320813484565,4,0,Digital Wallet,1,5,0,3667.328325393826,8,Monday,34
180,2023-09-16,2194,22,Sports,304.87151117324174,4,15,Digital Wallet,10,5,0,1036.563137989022,9,Saturday,37
181,2023-12-25,1605,58,Electronics,950.301359927383,3,10,Debit Card,3,4,0,2565.813671803934,12,Monday,52
182,2023-07-17,1660,52,Electronics,160.15029075404408,4,20,Net Banking,8,4,0,512.4809304129411,7,Monday,29
183,2023-05-17,1848,36,Books,91.14908981755562,1,20,Credit Card,10,5,0,72.9192718540445,5,Wednesday,20
184,2023-11-14,1935,40,Fashion,437.29936219862566,1,20,Digital Wallet,8,5,0,349.8394897589005,11,Tuesday,46
185,2023-06-14,2490,26,Books,830.0397389554242,2,0,Net Banking,11,5,0,1660.0794779108485,6,Wednesday,24
186,2023-08-13,1627,47,Electronics,478.6869193271111,1,20,Credit Card,13,4,0,382.9495354616889,8,Sunday,32
187,2023-11-03,1142,67,Sports,830.993810755209,2,20,Credit Card,5,5,0,1329.5900972083346,11,Friday,44
188,2023-08-22,2224,33,Fashion,732.3899377363622,4,0,Net Banking,5,5,0,2929.5597509454487,8,Tuesday,34
189,2023-06-21,2203,50,Sports,217.33410227754422,2,20,Net Banking,8,5,0,347.73456364407076,6,Wednesday,25
190,2023-06-01,1713,19,Books,949.3928086504692,3,15,Net Banking,10,5,0,2420.9516620586965,6,Thursday,22
191,2023-11-11,2387,31,Home,70.17335694310938,2,15,Credit Card,5,3,1,119.29470680328595,11,Saturday,45
192,2023-06-09,1478,63,Sports,899.2969104683569,3,0,Net Banking,9,5,0,2697.8907314050707,6,Friday,23
193,2023-04-06,1564,18,Books,311.3990145004703,4,15,Digital Wallet,1,5,0,1058.756649301599,4,Thursday,14
194,2023-08-21,1470,43,Books,505.1466023327553,2,10,Credit Card,5,4,1,909.2638841989595,8,Monday,34
195,2023-06-29,1383,42,Books,428.12835397372714,1,20,Digital Wallet,3,4,0,342.5026831789817,6,Thursday,26
196,2023-04-23,1925,33,Home,180.11621134774703,3,10,Digital Wallet,3,5,0,486.313770638917,4,Sunday,16
197,2023-11-14,1416,32,Home,364.5653977376762,4,15,Net Banking,2,4,0,1239.522352308099,11,Tuesday,46
198,2023-02-21,1307,43,Home,201.00509192986732,1,0,Digital Wallet,3,4,0,201.00509192986732,2,Tuesday,8
199,2023-09-25,1648,64,Fashion,211.8476107059186,3,0,Net Banking,7,5,0,635.5428321177558,9,Monday,39
200,2023-10-22,2390,61,Home,195.18626766611655,4,10,Credit Card,8,2,0,702.6705635980196,10,Sunday,42
201,2023-04-23,2024,33,Home,494.1272065431283,4,15,Digital Wallet,12,4,0,1680.032502246636,4,Sunday,16
202,2023-04-11,2067,31,Home,799.9520538362024,1,20,Net Banking,8,5,0,639.961643068962,4,Tuesday,15
203,2023-04-23,1738,46,Sports,573.2803334236286,4,15,Debit Card,11,4,0,1949.153133640337,4,Sunday,16
204,2023-03-22,2121,41,Home,894.2745226653335,2,15,Net Banking,8,5,0,1520.2666885310668,3,Wednesday,12
205,2023-07-06,2288,64,Fashion,640.179043690957,4,0,Debit Card,1,4,1,2560.716174763828,7,Thursday,27
206,2023-04-23,1139,32,Books,692.4467144762784,3,5,Net Banking,14,5,0,1973.4731362573934,4,Sunday,16
207,2023-01-02,2260,36,Sports,670.9311574297332,3,20,Debit Card,11,4,0,1610.2347778313597,1,Monday,1
208,2023-05-10,1973,25,Electronics,454.96460125190373,3,20,Digital Wallet,7,4,0,1091.915043004569,5,Wednesday,19
209,2023-08-08,2016,51,Home,692.445433978082,2,0,Debit Card,2,5,0,1384.890867956164,8,Tuesday,32
210,2023-02-23,1952,19,Books,79.01066900427155,1,15,Digital Wallet,11,3,0,67.15906865363081,2,Thursday,8
211,2023-12-09,1903,44,Books,861.2529571965065,2,0,Digital Wallet,10,5,0,1722.505914393013,12,Saturday,49
212,2023-08-12,1071,27,Sports,780.0340220094782,2,15,Net Banking,4,5,0,1326.057837416113,8,Saturday,32
213,2023-08-13,2213,52,Electronics,252.77765864936202,2,5,Digital Wallet,5,5,1,480.27755143378783,8,Sunday,32
214,2023-05-06,2291,40,Fashion,770.3521297115416,4,5,Credit Card,12,4,0,2927.338092903858,5,Saturday,18
215,2023-05-10,2344,66,Books,22.51617538601831,1,10,Debit Card,1,5,0,20.26455784741648,5,Wednesday,19
216,2023-02-22,1106,25,Books,225.07410675607161,4,15,Net Banking,14,4,0,765.2519629706435,2,Wednesday,8
217,2023-06-21,2255,45,Books,74.48586628418698,2,0,Digital Wallet,4,2,0,148.97173256837397,6,Wednesday,25
218,2023-08-06,2065,40,Books,782.4246474517157,3,0,Debit Card,4,4,0,2347.273942355147,8,Sunday,31
219,2023-06-09,1882,21,Sports,758.3154096666033,2,0,Debit Card,9,5,0,1516.6308193332065,6,Friday,23
220,2023-07-17,1138,31,Electronics,815.4996635638123,1,10,Credit Card,9,5,0,733.9496972074311,7,Monday,29
221,2023-09-04,1614,59,Books,14.436876392273547,3,20,Debit Card,13,2,0,34.64850334145651,9,Monday,36
222,2023-11-20,1862,46,Fashion,506.22039941162393,1,0,Net Banking,13,5,0,506.22039941162393,11,Monday,47
223,2023-07-22,1272,18,Fashion,707.7878355421632,2,5,Net Banking,11,5,0,1344.7968875301099,7,Saturday,29
224,2023-07-03,1415,21,Home,163.8471174516253,1,0,Digital Wallet,10,4,0,163.8471174516253,7,Monday,27
225,2023-05-03,1505,49,Books,653.2928202374984,4,0,Digital Wallet,1,5,0,2613.1712809499936,5,Wednesday,18
226,2023-09-12,1732,50,Books,93.26899831658886,3,0,Net Banking,8,3,1,279.8069949497666,9,Tuesday,37
227,2023-10-21,1423,66,Books,189.51259754327003,1,20,Debit Card,4,5,1,151.61007803461604,10,Saturday,42
228,2023-10-07,2430,43,Books,481.03884684465504,3,0,Debit Card,4,5,1,1443.1165405339652,10,Saturday,40
229,2023-11-21,1389,34,Books,657.029501154291,3,20,Credit Card,5,4,0,1576.8708027702985,11,Tuesday,47
230,2023-04-08,1341,56,Fashion,154.41043568435714,2,20,Digital Wallet,2,5,0,247.05669709497144,4,Saturday,14
231,2023-07-17,1945,40,Electronics,193.3710975226285,2,10,Debit Card,1,3,1,348.0679755407313,7,Monday,29
232,2023-08-28,1613,49,Electronics,212.40190339500637,3,5,Debit Card,5,5,1,605.3454246757682,8,Monday,35
233,2023-05-24,1492,69,Home,246.3137966519887,1,0,Digital Wallet,7,1,0,246.3137966519887,5,Wednesday,21
234,2023-04-07,1191,32,Fashion,234.28831004102832,3,0,Net Banking,10,5,0,702.864930123085,4,Friday,14
235,2023-07-20,1498,30,Books,401.19761741266035,2,0,Debit Card,9,5,0,802.3952348253207,7,Thursday,29
236,2023-05-04,1821,19,Electronics,657.2517543283557,1,20,Credit Card,12,5,0,525.8014034626846,5,Thursday,18
237,2023-07-06,2256,36,Sports,443.65146530312495,3,15,Debit Card,12,4,0,1131.3112365229686,7,Thursday,27
238,2023-11-22,1226,41,Sports,778.2141696623893,2,5,Debit Card,13,5,0,1478.6069223585396,11,Wednesday,47
239,2023-12-15,2394,62,Sports,722.0758208891286,3,0,Credit Card,2,4,0,2166.227462667386,12,Friday,50
240,2023-09-16,1138,41,Books,135.2616449085849,3,15,Net Banking,12,4,0,344.9171945168915,9,Saturday,37
241,2023-05-28,1855,28,Books,58.35320708753649,3,15,Credit Card,8,4,0,148.80067807321805,5,Sunday,21
242,2023-09-09,1816,39,Home,879.16214835961,1,15,Credit Card,7,5,0,747.2878261056685,9,Saturday,36
243,2023-12-12,2172,32,Home,89.03275589724468,2,5,Digital Wallet,2,4,0,169.1622362047649,12,Tuesday,50
244,2023-05-27,2138,27,Home,156.85578891251595,2,15,Debit Card,5,5,0,266.6548411512771,5,Saturday,21
245,2023-05-28,2473,58,Sports,31.911942802536878,4,0,Net Banking,7,5,0,127.64777121014751,5,Sunday,21
246,2023-12-18,2086,44,Books,632.0530016456672,3,0,Debit Card,3,5,0,1896.1590049370016,12,Monday,51
247,2023-07-18,1103,26,Sports,586.546857526765,3,10,Net Banking,2,3,0,1583.6765153222657,7,Tuesday,29
248,2023-11-04,1870,69,Home,987.034629770903,4,20,Credit Card,6,5,0,3158.51081526689,11,Saturday,44
249,2023-05-08,1667,45,Books,888.0630723540003,3,15,Digital Wallet,10,3,0,2264.560834502701,5,Monday,19
250,2023-02-08,1272,18,Fashion,416.7347457061006,1,20,Credit Card,13,5,0,333.38779656488055,2,Wednesday,6
251,2023-12-04,2029,34,Electronics,377.86998250340963,4,20,Debit Card,6,5,1,1209.1839440109109,12,Monday,49
252,2023-12-26,2170,48,Electronics,303.8835139371852,2,20,Digital Wallet,11,5,0,486.21362229949636,12,Tuesday,52
253,2023-05-09,1183,61,Home,160.88285083750256,3,20,Digital Wallet,4,5,0,386.1188420100061,5,Tuesday,19
254,2023-09-24,2051,27,Sports,146.70282003598896,2,20,Debit Card,1,4,0,234.72451205758236,9,Sunday,38
255,2023-05-31,2142,54,Fashion,140.96087092950938,3,0,Net Banking,5,4,0,422.88261278852815,5,Wednesday,22
256,2023-10-25,1292,46,Books,122.97360961491076,4,5,Digital Wallet,1,4,1,467.29971653666087,10,Wednesday,43
257,2023-04-09,2394,35,Sports,248.10692198148155,2,15,Net Banking,11,2,0,421.7817673685186,4,Sunday,14
258,2023-09-20,2267,64,Home,313.60194400998523,3,15,Net Banking,14,5,0,799.6849572254623,9,Wednesday,38
259,2023-09-09,2241,55,Sports,961.9631813285267,1,0,Net Banking,11,4,0,961.9631813285267,9,Saturday,36
260,2023-05-24,1176,56,Home,582.6885184918668,4,0,Digital Wallet,8,5,0,2330.7540739674673,5,Wednesday,21
261,2023-12-12,2322,66,Electronics,987.7198167681481,3,20,Credit Card,2,5,0,2370.5275602435554,12,Tuesday,50
262,2023-04-22,1057,23,Electronics,378.7422783474165,3,5,Digital Wallet,9,5,1,1079.415493290137,4,Saturday,16
263,2023-03-01,2292,57,Sports,463.0503662635466,3,15,Credit Card,9,5,0,1180.778433972044,3,Wednesday,9
264,2023-01-02,1307,29,Fashion,331.3328725736264,4,10,Digital Wallet,3,3,0,1192.7983412650551,1,Monday,1
265,2023-10-31,2311,31,Books,191.05877438758716,3,0,Credit Card,6,4,0,573.1763231627615,10,Tuesday,44
266,2023-09-11,1976,61,Home,151.7330606998034,3,10,Credit Card,9,5,0,409.67926388946915,9,Monday,37
267,2023-05-20,2128,27,Books,945.6284058297535,2,15,Digital Wallet,7,1,0,1607.568289910581,5,Saturday,20
268,2023-02-06,2251,37,Electronics,986.9425749807682,2,0,Net Banking,4,1,0,1973.8851499615364,2,Monday,6
269,2023-06-09,2270,32,Fashion,54.46040154364424,4,15,Net Banking,3,5,0,185.1653652483904,6,Friday,23
270,2023-01-09,1699,48,Fashion,158.84241598444885,4,0,Credit Card,2,5,0,635.3696639377954,1,Monday,2
271,2023-08-21,1082,24,Books,429.2888513780124,1,15,Debit Card,10,5,1,364.8955236713105,8,Monday,34
272,2023-04-09,2209,58,Electronics,194.47014158096326,3,10,Debit Card,10,3,0,525.0693822686007,4,Sunday,14
273,2023-05-27,1251,27,Books,370.24158969061443,2,5,Digital Wallet,1,5,0,703.4590204121674,5,Saturday,21
274,2023-10-31,2378,27,Sports,137.80538636103702,2,0,Digital Wallet,11,5,0,275.61077272207405,10,Tuesday,44
275,2023-07-27,1795,65,Fashion,461.9466391545723,3,10,Digital Wallet,10,5,0,1247.2559257173455,7,Thursday,30
276,2023-05-11,1896,56,Fashion,278.9776700075667,3,15,Debit Card,11,4,0,711.393058519295,5,Thursday,19
277,2023-06-01,1209,45,Sports,358.3860052010742,4,10,Net Banking,1,5,0,1290.1896187238672,6,Thursday,22
278,2023-02-23,1815,47,Electronics,103.36952494812012,1,0,Digital Wallet,12,5,0,103.36952494812012,2,Thursday,8
279,2023-04-30,1608,54,Fashion,433.8467702030403,1,10,Digital Wallet,4,5,0,390.4620931827363,4,Sunday,17
280,2023-06-10,1446,20,Home,983.4250348519541,4,15,Net Banking,4,4,1,3343.645118496644,6,Saturday,23
281,2023-04-26,1459,67,Home,335.5447164123784,4,20,Credit Card,9,5,0,1073.743092519611,4,Wednesday,17
282,2023-03-16,1967,60,Electronics,877.6649820940107,2,5,Digital Wallet,10,5,0,1667.5634659786203,3,Thursday,11
283,2023-04-23,1471,32,Sports,844.7671502074483,4,5,Debit Card,1,5,0,3210.115170788303,4,Sunday,16
284,2023-04-14,1369,38,Books,952.5378341142385,1,20,Debit Card,11,4,0,762.0302672913908,4,Friday,15
285,2023-12-06,1899,69,Electronics,792.2084171444235,2,0,Digital Wallet,4,4,0,1584.416834288847,12,Wednesday,49
286,2023-09-11,1922,54,Books,663.0008587882268,1,10,Debit Card,3,4,1,596.7007729094041,9,Monday,37
287,2023-08-15,1136,29,Electronics,858.018599785183,3,10,Net Banking,9,5,0,2316.6502194199943,8,Tuesday,33
288,2023-04-22,1366,21,Home,84.88823385077615,1,20,Credit Card,13,5,0,67.91058708062091,4,Saturday,16
289,2023-04-09,1911,64,Sports,468.2023506268197,2,20,Credit Card,5,4,0,749.1237610029116,4,Sunday,14
290,2023-06-02,1183,26,Home,989.3636762289083,1,15,Digital Wallet,9,5,1,840.9591247945721,6,Friday,22
291,2023-12-15,2310,56,Sports,771.9041497817849,2,15,Digital Wallet,10,5,0,1312.2370546290342,12,Friday,50
292,2023-12-04,1471,59,Books,962.4546242568508,2,5,Credit Card,6,4,0,1828.6637860880164,12,Monday,49
293,2023-07-13,2398,45,Electronics,781.8380125721443,4,0,Credit Card,11,4,0,3127.352050288577,7,Thursday,28
294,2023-11-06,1653,40,Fashion,876.1331477677228,1,0,Digital Wallet,9,3,0,876.1331477677228,11,Monday,45
295,2023-06-12,1748,62,Fashion,709.464335980159,4,20,Debit Card,1,5,0,2270.285875136509,6,Monday,24
296,2023-07-27,1536,57,Sports,762.8969843730674,4,5,Digital Wallet,13,3,1,2899.0085406176563,7,Thursday,30
297,2023-06-18,1801,61,Sports,527.9462297411056,1,5,Net Banking,4,5,1,501.5489182540503,6,Sunday,24
298,2023-06-10,2273,39,Home,924.9953238059916,2,15,Digital Wallet,4,5,0,1572.4920504701856,6,Saturday,23
299,2023-03-09,1919,41,Fashion,826.7885215171281,3,10,Digital Wallet,14,4,0,2232.3290080962456,3,Thursday,10
300,2023-10-16,1509,68,Home,845.4461160089759,1,0,Digital Wallet,10,2,0,845.4461160089759,10,Monday,42
301,2023-10-04,1629,43,Books,676.2790099534218,4,5,Digital Wallet,10,5,0,2569.8602378230025,10,Wednesday,40
302,2023-10-31,2001,47,Fashion,311.5341476163765,4,15,Digital Wallet,6,4,0,1059.2161018956801,10,Tuesday,44
303,2023-05-15,2096,50,Books,45.27349743623794,2,15,Digital Wallet,10,5,0,76.9649456416045,5,Monday,20
304,2023-07-14,2305,33,Electronics,936.2985781154491,4,15,Debit Card,13,5,0,3183.415165592527,7,Friday,28
305,2023-05-08,1915,39,Home,590.259145317442,3,10,Digital Wallet,1,2,0,1593.6996923570935,5,Monday,19
306,2023-02-02,2383,66,Sports,305.16154143665887,4,5,Credit Card,10,5,0,1159.6138574593037,2,Thursday,5
307,2023-06-25,2033,67,Fashion,157.64375676906243,2,20,Digital Wallet,5,5,0,252.2300108304999,6,Sunday,25
308,2023-01-22,2234,60,Home,831.2279338457471,1,20,Debit Card,3,3,0,664.9823470765978,1,Sunday,3
309,2023-08-26,1151,35,Sports,838.154992503103,2,15,Net Banking,1,4,0,1424.863487255275,8,Saturday,34
310,2023-06-07,2028,24,Electronics,816.3628884492261,4,15,Credit Card,6,5,0,2775.633820727369,6,Wednesday,23
311,2023-02-07,2218,67,Fashion,648.6318650471184,2,10,Digital Wallet,3,1,0,1167.537357084813,2,Tuesday,6
312,2023-08-18,2306,43,Books,372.3552337159571,4,15,Digital Wallet,4,1,0,1266.0077946342542,8,Friday,33
313,2023-12-31,1463,25,Electronics,311.02958193245445,2,5,Credit Card,12,5,0,590.9562056716634,12,Sunday,52
314,2023-02-20,2136,23,Sports,18.469222416988483,1,15,Digital Wallet,9,5,0,15.69883905444021,2,Monday,8
315,2023-09-21,1270,47,Fashion,835.271483101358,4,15,Debit Card,2,5,0,2839.923042544617,9,Thursday,38
316,2023-10-10,2186,56,Fashion,96.55837051870604,3,5,Digital Wallet,1,4,0,275.1913559783122,10,Tuesday,41
317,2023-01-27,1459,40,Electronics,634.44744806036,3,0,Net Banking,10,4,0,1903.34234418108,1,Friday,4
318,2023-08-14,1104,49,Fashion,509.03419737168747,3,20,Debit Card,6,5,0,1221.68207369205,8,Monday,33
319,2023-10-04,2305,39,Sports,531.4224653370876,3,15,Digital Wallet,12,5,0,1355.1272866095735,10,Wednesday,40
320,2023-10-13,1161,59,Electronics,927.4457168546955,4,5,Net Banking,1,5,0,3524.2937240478427,10,Friday,41
321,2023-04-07,1350,60,Books,41.29886115852969,4,20,Credit Card,1,4,0,132.156355707295,4,Friday,14
322,2023-10-11,1433,62,Electronics,775.6583023824846,1,10,Debit Card,14,4,0,698.0924721442362,10,Wednesday,41
323,2023-11-13,1851,26,Electronics,61.531874383634054,2,0,Digital Wallet,7,5,0,123.06374876726811,11,Monday,46
324,2023-10-31,1139,48,Books,47.77206987602343,4,15,Digital Wallet,2,5,0,162.42503757847965,10,Tuesday,44
325,2023-05-27,2494,24,Sports,435.5195211599681,3,0,Credit Card,4,2,1,1306.5585634799045,5,Saturday,21
326,2023-01-04,2155,26,Home,72.44442259953706,4,15,Credit Card,4,3,0,246.31103683842602,1,Wednesday,1
327,2023-02-04,1086,30,Home,791.2525117799829,3,15,Debit Card,2,5,0,2017.6939050389565,2,Saturday,5
328,2023-07-11,1182,20,Books,534.2674627118538,1,15,Debit Card,6,5,0,454.1273433050757,7,Tuesday,28
329,2023-02-18,1367,52,Sports,38.7483948331767,2,0,Debit Card,10,4,0,77.4967896663534,2,Saturday,7
330,2023-01-17,1128,50,Fashion,50.095679617100316,4,10,Digital Wallet,14,4,0,180.34444662156113,1,Tuesday,3
331,2023-06-21,2269,38,Books,616.5418444420845,2,5,Digital Wallet,2,3,1,1171.4295044399605,6,Wednesday,25
332,2023-08-08,1669,48,Home,808.0506994818209,3,5,Debit Card,12,4,0,2302.9444935231895,8,Tuesday,32
333,2023-06-07,2401,69,Sports,443.4215359620258,3,10,Digital Wallet,8,4,0,1197.23814709747,6,Wednesday,23
334,2023-02-15,1148,51,Electronics,559.0348648202681,2,10,Credit Card,4,4,0,1006.2627566764827,2,Wednesday,7
335,2023-01-06,1984,49,Sports,801.8311595094026,1,15,Net Banking,1,5,0,681.5564855829922,1,Friday,1
336,2023-04-09,1851,52,Sports,614.401112301401,2,15,Digital Wallet,7,5,0,1044.4818909123817,4,Sunday,14
337,2023-08-21,2456,32,Home,232.5126352822313,2,5,Debit Card,6,5,1,441.7740070362394,8,Monday,34
338,2023-02-06,1627,49,Home,616.9215056107838,4,15,Digital Wallet,12,5,0,2097.533119076665,2,Monday,6
339,2023-10-07,2492,23,Fashion,631.9966644745614,4,15,Credit Card,14,3,0,2148.7886592135087,10,Saturday,40
340,2023-12-15,1445,62,Fashion,736.7659110723155,3,10,Debit Card,6,3,0,1989.267959895252,12,Friday,50
341,2023-10-29,1883,38,Books,624.6654456812332,4,0,Net Banking,11,5,0,2498.661782724933,10,Sunday,43
342,2023-06-30,1293,50,Electronics,969.5497091534576,1,20,Debit Card,3,5,0,775.6397673227661,6,Friday,26
343,2023-04-05,2166,49,Fashion,205.3154256298978,1,20,Debit Card,10,4,0,164.25234050391825,4,Wednesday,14
344,2023-04-09,1249,69,Home,951.5797727714055,1,15,Debit Card,7,3,1,808.8428068556947,4,Sunday,14
345,2023-07-07,1877,36,Sports,542.9560954465161,3,15,Digital Wallet,6,5,1,1384.5380433886162,7,Friday,27
346,2023-04-26,1947,50,Books,675.2365790899629,1,20,Net Banking,10,4,0,540.1892632719704,4,Wednesday,17
347,2023-07-10,1974,45,Fashion,108.46698147766796,1,10,Credit Card,10,1,0,97.62028332990117,7,Monday,28
348,2023-09-10,2325,48,Sports,386.77018196432596,4,20,Digital Wallet,9,5,0,1237.6645822858432,9,Sunday,36
349,2023-06-10,2048,38,Sports,771.6853549985409,3,20,Net Banking,3,5,0,1852.0448519964984,6,Saturday,23
350,2023-09-13,1788,51,Fashion,709.8419049480004,2,20,Net Banking,3,5,0,1135.7470479168007,9,Wednesday,37
351,2023-11-19,1983,32,Electronics,49.73799428375608,1,15,Digital Wallet,4,1,0,42.27729514119267,11,Sunday,46
352,2023-05-08,1888,31,Electronics,551.1283208622722,4,15,Debit Card,3,5,1,1873.8362909317254,5,Monday,19
353,2023-01-18,1889,36,Books,97.39541103872534,2,20,Net Banking,4,5,0,155.83265766196055,1,Wednesday,3
354,2023-10-08,1069,60,Electronics,995.8978648863807,1,15,Credit Card,6,5,0,846.5131851534236,10,Sunday,40
355,2023-08-11,1624,32,Books,898.3236226479617,2,20,Digital Wallet,1,4,0,1437.3177962367388,8,Friday,32
356,2023-02-23,1874,23,Home,30.86985382425159,2,10,Net Banking,2,5,0,55.56573688365286,2,Thursday,8
357,2023-02-27,2135,69,Fashion,860.0630831136045,3,15,Credit Card,10,4,0,2193.1608619396916,2,Monday,9
358,2023-11-19,2387,26,Sports,920.2353045528235,3,0,Credit Card,6,2,0,2760.7059136584708,11,Sunday,46
359,2023-12-26,2326,54,Books,360.01274033782056,1,15,Credit Card,12,4,0,306.0108292871475,12,Tuesday,52
360,2023-06-23,1470,37,Electronics,722.3066384972882,1,10,Credit Card,13,5,0,650.0759746475594,6,Friday,25
361,2023-10-07,1090,51,Books,447.6827087457011,3,10,Digital Wallet,6,5,1,1208.743313613393,10,Saturday,40
362,2023-04-24,1529,55,Books,658.6801597305806,1,15,Credit Card,12,5,0,559.8781357709935,4,Monday,17
363,2023-10-15,1660,43,Electronics,346.91423025520953,1,5,Digital Wallet,14,3,1,329.56851874244904,10,Sunday,41
364,2023-12-08,1738,35,Electronics,329.33364426693566,3,20,Credit Card,1,5,0,790.4007462406457,12,Friday,49
365,2023-05-31,1725,45,Fashion,430.1895499690033,2,20,Credit Card,6,4,0,688.3032799504053,5,Wednesday,22
366,2023-05-07,1871,68,Sports,154.11208106597616,1,10,Digital Wallet,14,4,0,138.70087295937856,5,Sunday,18
367,2023-06-04,1191,26,Fashion,832.8275747910287,4,15,Debit Card,11,5,0,2831.6137542894976,6,Sunday,22
368,2023-09-30,2265,49,Fashion,355.2109164080203,3,5,Net Banking,12,4,0,1012.3511117628578,9,Saturday,39
369,2023-04-14,1137,23,Electronics,406.1480583667867,1,0,Net Banking,9,5,1,406.1480583667867,4,Friday,15
370,2023-10-26,1344,31,Electronics,895.1140665751232,1,20,Digital Wallet,8,4,0,716.0912532600986,10,Thursday,43
371,2023-09-03,2203,45,Sports,501.65757592253965,3,5,Credit Card,10,4,0,1429.7240913792377,9,Sunday,35
372,2023-06-25,2008,41,Books,548.8113702573543,4,20,Digital Wallet,5,4,1,1756.1963848235337,6,Sunday,25
373,2023-02-08,1502,30,Fashion,956.9331435293275,4,15,Credit Card,13,4,0,3253.5726879997133,2,Wednesday,6
374,2023-06-19,1202,60,Sports,887.8591193135393,3,20,Digital Wallet,4,4,0,2130.8618863524944,6,Monday,25
375,2023-09-04,1572,29,Fashion,177.77204179955513,4,0,Net Banking,6,4,0,711.0881671982205,9,Monday,36
376,2023-01-26,1191,68,Books,478.482879618924,1,15,Digital Wallet,11,5,0,406.7104476760854,1,Thursday,4
377,2023-12-21,1004,36,Fashion,971.5832651542601,4,10,Net Banking,14,3,0,3497.6997545553363,12,Thursday,51
378,2023-11-02,2260,38,Home,378.6426352463167,1,5,Net Banking,12,5,0,359.7105034840008,11,Thursday,44
379,2023-01-13,1310,44,Sports,377.85737743103806,2,20,Net Banking,5,5,1,604.5718038896609,1,Friday,2
380,2023-11-12,1548,36,Electronics,203.0799294712628,4,15,Digital Wallet,13,5,0,690.4717602022935,11,Sunday,45
381,2023-11-09,1055,41,Fashion,123.17988297793396,2,15,Debit Card,6,5,0,209.4058010624877,11,Thursday,45
382,2023-02-05,1442,43,Sports,742.9017428484219,3,20,Digital Wallet,14,3,0,1782.9641828362126,2,Sunday,5
383,2023-06-22,2260,62,Sports,772.3301640145013,4,10,Digital Wallet,14,3,0,2780.388590452205,6,Thursday,25
384,2023-01-20,1869,45,Fashion,969.32283386797,1,20,Debit Card,10,5,0,775.458267094376,1,Friday,3
385,2023-11-17,2220,63,Electronics,775.6840287963093,4,10,Debit Card,11,5,0,2792.462503666714,11,Friday,46
386,2023-09-21,1584,35,Electronics,250.91896909326272,3,20,Net Banking,3,4,0,602.2055258238305,9,Thursday,38
387,2023-05-22,1751,61,Fashion,49.71541250563029,3,15,Credit Card,7,5,0,126.77430188935723,5,Monday,21
388,2023-05-23,2472,53,Sports,985.5830105259636,1,0,Credit Card,8,5,0,985.5830105259636,5,Tuesday,21
389,2023-04-02,1359,59,Electronics,347.0461885881697,4,0,Net Banking,5,5,0,1388.1847543526787,4,Sunday,13
390,2023-12-20,1818,46,Fashion,318.85182700809656,2,15,Digital Wallet,5,5,0,542.0481059137642,12,Wednesday,51
391,2023-11-18,1029,34,Fashion,906.8956576518887,3,0,Credit Card,12,2,0,2720.686972955666,11,Saturday,46
392,2023-10-15,1107,21,Fashion,589.2488995595363,3,10,Digital Wallet,4,2,0,1590.972028810748,10,Sunday,41
393,2023-08-03,1843,61,Sports,222.72246211064322,1,15,Debit Card,10,4,0,189.31409279404673,8,Thursday,31
394,2023-12-08,1716,62,Electronics,890.2052802890771,4,10,Debit Card,5,1,0,3204.7390090406775,12,Friday,49
395,2023-02-20,1890,46,Sports,993.427246504196,2,15,Net Banking,12,5,0,1688.826319057133,2,Monday,8
396,2023-06-02,1959,21,Home,95.81177553932241,4,10,Digital Wallet,10,1,0,344.9223919415607,6,Friday,22
397,2023-07-05,2468,27,Electronics,863.6291120194624,4,10,Net Banking,11,1,0,3109.0648032700647,7,Wednesday,27
398,2023-03-04,1892,42,Sports,396.61054070755006,2,0,Credit Card,8,3,0,793.2210814151001,3,Saturday,9
399,2023-07-09,2461,48,Electronics,528.8317220416374,1,15,Credit Card,5,5,0,449.50696373539176,7,Sunday,27
400,2023-05-05,1731,20,Home,915.6678160073309,3,20,Credit Card,9,5,0,2197.6027584175945,5,Friday,18
401,2023-05-30,1605,64,Books,973.6454038173661,1,0,Digital Wallet,13,5,0,973.6454038173661,5,Tuesday,22
402,2023-11-10,1456,19,Fashion,269.5422713047114,1,10,Net Banking,12,5,0,242.58804417424025,11,Friday,45
403,2023-02-27,1614,42,Sports,220.72226325031465,4,10,Net Banking,13,4,0,794.6001477011328,2,Monday,9
404,2023-12-08,1697,66,Home,89.71139300559673,2,20,Credit Card,1,1,0,143.53822880895478,12,Friday,49
405,2023-11-01,1673,23,Home,566.1798741355166,3,20,Net Banking,7,5,0,1358.83169792524,11,Wednesday,44
406,2023-06-29,2270,43,Electronics,23.46835149616159,4,10,Debit Card,5,5,0,84.48606538618172,6,Thursday,26
407,2023-06-19,1542,25,Electronics,417.7793146338372,3,20,Debit Card,4,1,0,1002.6703551212094,6,Monday,25
408,2023-11-22,1856,52,Fashion,82.65017648548847,4,5,Debit Card,3,4,0,314.0706706448562,11,Wednesday,47
409,2023-09-28,1896,44,Electronics,411.17352510004065,2,0,Debit Card,12,5,0,822.3470502000813,9,Thursday,39
410,2023-02-23,2462,42,Sports,49.53286737295317,3,15,Net Banking,10,4,0,126.30881180103057,2,Thursday,8
411,2023-04-11,1277,35,Sports,836.8650880026812,3,20,Debit Card,7,4,0,2008.476211206435,4,Tuesday,15
412,2023-09-21,1551,18,Sports,217.6416039991802,1,20,Debit Card,12,5,0,174.11328319934418,9,Thursday,38
413,2023-02-22,1110,65,Books,335.02562325433286,4,5,Debit Card,2,2,0,1273.0973683664647,2,Wednesday,8
414,2023-03-01,1384,56,Sports,871.347516640328,4,15,Debit Card,5,5,1,2962.581556577115,3,Wednesday,9
415,2023-04-18,1760,20,Electronics,748.803400718883,4,5,Debit Card,2,4,1,2845.4529227317553,4,Tuesday,16
416,2023-01-05,2214,21,Electronics,226.8479780256379,1,15,Digital Wallet,7,2,0,192.8207813217922,1,Thursday,1
417,2023-04-13,1693,58,Sports,81.1804244709211,1,0,Digital Wallet,6,5,0,81.1804244709211,4,Thursday,15
418,2023-07-15,2449,54,Home,718.5170390867861,3,20,Debit Card,13,3,0,1724.4408938082868,7,Saturday,28
419,2023-09-19,1404,68,Home,396.79552518122824,4,0,Debit Card,10,5,0,1587.182100724913,9,Tuesday,38
420,2023-12-31,2358,32,Home,768.4191991270391,4,15,Net Banking,7,4,0,2612.625277031933,12,Sunday,52
421,2023-12-16,2232,25,Fashion,450.8418246514583,3,20,Debit Card,12,1,0,1082.0203791635,12,Saturday,50
422,2023-02-16,1021,55,Books,352.54238884255363,3,5,Credit Card,9,2,0,1004.7458082012778,2,Thursday,7
423,2023-12-21,1677,67,Sports,456.69335413027255,3,10,Digital Wallet,13,5,0,1233.072056151736,12,Thursday,51
424,2023-11-07,1610,36,Fashion,751.0733958139699,2,5,Debit Card,2,4,0,1427.0394520465427,11,Tuesday,45
425,2023-11-04,2231,64,Home,903.1980836749703,2,10,Digital Wallet,9,4,1,1625.7565506149467,11,Saturday,44
426,2023-05-24,1007,43,Sports,59.26952462268978,3,5,Debit Card,7,4,0,168.91814517466588,5,Wednesday,21
427,2023-09-26,1701,56,Fashion,528.8704258146856,1,15,Credit Card,2,5,0,449.5398619424828,9,Tuesday,39
428,2023-05-04,1528,27,Electronics,42.507074793038825,1,0,Debit Card,10,1,0,42.507074793038825,5,Thursday,18
429,2023-04-16,1601,55,Home,473.72544957411515,4,10,Digital Wallet,2,5,0,1705.4116184668146,4,Sunday,15
430,2023-06-07,1656,31,Fashion,886.4300008059314,2,15,Digital Wallet,4,5,0,1506.9310013700833,6,Wednesday,23
431,2023-05-27,1165,66,Electronics,367.9743637561066,2,0,Digital Wallet,2,4,0,735.9487275122132,5,Saturday,21
432,2023-05-25,1848,58,Home,933.1259168698368,3,0,Net Banking,1,4,0,2799.3777506095103,5,Thursday,21
433,2023-04-30,1495,36,Books,634.3023869341033,3,20,Digital Wallet,6,5,0,1522.3257286418482,4,Sunday,17
434,2023-11-15,1589,47,Home,934.8137903550763,3,20,Debit Card,10,4,1,2243.553096852183,11,Wednesday,46
435,2023-10-02,1428,22,Books,759.5949591583944,3,20,Credit Card,14,5,0,1823.0279019801467,10,Monday,40
436,2023-04-02,1773,48,Books,112.40081498227467,3,10,Credit Card,11,1,0,303.4822004521416,4,Sunday,13
437,2023-02-27,1162,24,Books,238.8398538870503,1,10,Debit Card,5,4,0,214.9558684983453,2,Monday,9
438,2023-12-12,1365,36,Sports,400.22875003767115,1,0,Net Banking,12,5,0,400.22875003767115,12,Tuesday,50
439,2023-08-17,2262,48,Sports,178.40581319195527,3,10,Debit Card,3,4,0,481.6956956182792,8,Thursday,33
440,2023-04-27,1071,69,Books,499.9624887288939,1,0,Digital Wallet,11,4,0,499.9624887288939,4,Thursday,17
441,2023-11-14,2468,56,Electronics,476.65447414447567,3,15,Net Banking,1,5,0,1215.468909068413,11,Tuesday,46
442,2023-10-06,1654,41,Books,956.6966060471075,3,5,Debit Card,9,5,0,2726.585327234256,10,Friday,40
443,2023-05-07,1268,51,Fashion,439.390604067018,2,0,Net Banking,8,3,0,878.781208134036,5,Sunday,18
444,2023-05-09,1414,40,Books,787.7705362451178,1,0,Credit Card,6,5,0,787.7705362451178,5,Tuesday,19
445,2023-02-27,2268,65,Sports,942.491439402965,1,15,Debit Card,6,5,0,801.1177234925203,2,Monday,9
446,2023-05-02,2015,62,Sports,878.2189426642457,2,20,Debit Card,12,5,0,1405.1503082627933,5,Tuesday,18
447,2023-01-01,1674,57,Fashion,216.5809482664759,1,20,Credit Card,4,5,0,173.26475861318073,1,Sunday,52
448,2023-08-27,2083,23,Fashion,501.0695953110088,2,20,Net Banking,13,5,0,801.7113524976141,8,Sunday,34
449,2023-10-17,1005,55,Home,354.26238447296646,4,0,Credit Card,2,5,0,1417.0495378918658,10,Tuesday,42
450,2023-04-06,1981,58,Electronics,405.86010818584333,1,0,Net Banking,12,3,0,405.86010818584333,4,Thursday,14
451,2023-05-06,1569,53,Electronics,367.1987579832937,3,10,Debit Card,4,5,0,991.4366465548931,5,Saturday,18
452,2023-04-28,1406,44,Electronics,828.0956180732541,2,10,Net Banking,14,3,0,1490.5721125318573,4,Friday,17
453,2023-02-17,2240,28,Sports,457.617664571223,3,5,Net Banking,2,1,0,1304.2103440279855,2,Friday,7
454,2023-03-30,1025,22,Electronics,528.4573889222413,3,5,Digital Wallet,13,5,0,1506.1035584283877,3,Thursday,13
455,2023-08-25,2028,34,Home,982.6228834766039,1,10,Digital Wallet,7,3,0,884.3605951289435,8,Friday,34
456,2023-09-29,1985,69,Home,69.37947946960128,2,0,Digital Wallet,9,5,0,138.75895893920256,9,Friday,39
457,2023-07-08,1389,24,Electronics,493.07806339284133,4,15,Credit Card,13,5,0,1676.4654155356604,7,Saturday,27
458,2023-07-11,1709,44,Fashion,776.3210898766549,3,10,Credit Card,2,4,0,2096.0669426669688,7,Tuesday,28
459,2023-03-10,1570,64,Home,159.65033860634426,3,0,Digital Wallet,9,2,0,478.9510158190328,3,Friday,10
460,2023-10-05,2471,32,Fashion,615.4162786686262,4,10,Debit Card,9,5,0,2215.498603207054,10,Thursday,40
461,2023-12-15,1753,63,Sports,247.0701317391221,2,20,Debit Card,8,5,0,395.3122107825954,12,Friday,50
462,2023-09-04,1145,30,Home,868.7300720923218,1,10,Debit Card,1,5,0,781.8570648830897,9,Monday,36
463,2023-03-17,2411,28,Fashion,333.8286687460785,3,20,Credit Card,5,3,0,801.1888049905884,3,Friday,11
464,2023-06-03,1784,62,Electronics,335.7721887319004,1,0,Net Banking,14,5,0,335.7721887319004,6,Saturday,22
465,2023-05-24,2272,43,Sports,602.2119397327145,2,20,Credit Card,10,4,1,963.5391035723433,5,Wednesday,21
466,2023-03-27,1525,39,Books,191.72727903870964,4,10,Digital Wallet,13,4,0,690.2182045393547,3,Monday,13
467,2023-07-04,2485,45,Books,292.03975251403045,1,20,Net Banking,13,3,0,233.63180201122438,7,Tuesday,27
468,2023-10-12,1012,41,Electronics,422.46553161821737,2,15,Debit Card,11,4,0,718.1914037509695,10,Thursday,41
469,2023-08-08,1902,46,Sports,360.10148450870923,1,20,Credit Card,4,5,0,288.0811876069674,8,Tuesday,32
470,2023-03-10,1383,26,Sports,529.6284458255266,1,20,Credit Card,7,5,0,423.7027566604213,3,Friday,10
471,2023-02-16,1555,59,Sports,603.6437426282766,3,5,Digital Wallet,13,5,0,1720.3846664905884,2,Thursday,7
472,2023-04-04,1886,21,Sports,571.0007792126629,1,15,Debit Card,11,5,0,485.35066233076344,4,Tuesday,14
473,2023-08-26,2422,66,Books,657.6266288720129,3,0,Credit Card,14,4,0,1972.8798866160387,8,Saturday,34
474,2023-07-23,1018,63,Fashion,314.67202144174206,2,20,Credit Card,8,5,0,503.47523430678734,7,Sunday,29
475,2023-08-06,1574,35,Sports,135.16196488347776,2,15,Net Banking,14,2,0,229.7753403019122,8,Sunday,31
476,2023-12-07,1750,60,Fashion,763.1994660167663,3,0,Credit Card,10,5,0,2289.598398050299,12,Thursday,49
477,2023-02-08,2003,33,Sports,852.2725788043751,4,15,Net Banking,11,4,0,2897.7267679348756,2,Wednesday,6
478,2023-04-10,1418,50,Home,264.4361699002079,1,5,Credit Card,13,2,0,251.2143614051975,4,Monday,15
479,2023-10-16,2360,46,Home,413.02103659643956,2,0,Debit Card,8,4,0,826.0420731928791,10,Monday,42
480,2023-09-11,1418,56,Home,503.5835247939197,2,0,Digital Wallet,2,5,0,1007.1670495878394,9,Monday,37
481,2023-08-10,1121,27,Sports,537.993574325407,4,20,Debit Card,3,5,0,1721.5794378413027,8,Thursday,32
482,2023-12-23,1431,26,Fashion,662.8952693767753,2,10,Digital Wallet,13,5,0,1193.2114848781957,12,Saturday,51
483,2023-01-23,1043,48,Books,51.18720102176813,3,0,Credit Card,10,4,0,153.56160306530438,1,Monday,4
484,2023-09-07,2340,45,Electronics,724.2623119066768,4,0,Debit Card,10,5,0,2897.0492476267073,9,Thursday,36
485,2023-01-10,1380,20,Books,71.35129690961617,2,5,Net Banking,7,4,0,135.5674641282707,1,Tuesday,2
486,2023-09-03,1144,31,Sports,473.6056819961392,4,5,Digital Wallet,4,5,0,1799.701591585329,9,Sunday,35
487,2023-11-21,2350,42,Home,829.3944242135022,4,5,Digital Wallet,6,4,0,3151.6988120113083,11,Tuesday,47
488,2023-04-10,1362,32,Home,456.7031601456123,2,20,Credit Card,8,3,0,730.7250562329797,4,Monday,15
489,2023-10-17,2073,19,Fashion,157.5988512805653,2,0,Digital Wallet,8,5,0,315.1977025611306,10,Tuesday,42
490,2023-06-29,2088,41,Sports,985.1835065559001,2,5,Digital Wallet,7,5,0,1871.8486624562101,6,Thursday,26
491,2023-08-11,1354,31,Books,890.3926074535207,4,5,Digital Wallet,13,5,1,3383.4919083233785,8,Friday,32
492,2023-09-07,1799,65,Sports,773.6004968927639,3,15,Credit Card,12,4,0,1972.681267076548,9,Thursday,36
493,2023-05-27,2187,24,Sports,417.3964868702183,3,15,Debit Card,2,5,0,1064.3610415190567,5,Saturday,21
494,2023-04-06,2164,53,Home,192.0072696204048,1,5,Credit Card,2,4,0,182.40690613938455,4,Thursday,14
495,2023-09-14,1825,67,Books,941.9970696043162,2,20,Net Banking,3,1,0,1507.195311366906,9,Thursday,37
496,2023-11-21,2151,41,Electronics,537.0276152519676,3,10,Digital Wallet,4,5,0,1449.9745611803125,11,Tuesday,47
497,2023-01-04,1397,44,Home,853.8319057836103,1,15,Digital Wallet,1,5,0,725.7571199160687,1,Wednesday,1
498,2023-01-16,1879,54,Books,348.6740557018315,1,15,Debit Card,5,5,0,296.37294734655677,1,Monday,3
499,2023-10-07,1462,55,Fashion,341.9354339086759,2,0,Digital Wallet,14,4,0,683.8708678173518,10,Saturday,40
500,2023-12-02,1807,47,Home,985.6850758672987,1,0,Debit Card,7,5,0,985.6850758672987,12,Saturday,48
501,2023-09-04,1186,44,Fashion,526.6147180099013,3,5,Digital Wallet,12,5,0,1500.8519463282184,9,Monday,36
502,2023-09-15,1731,56,Home,149.28846962213882,1,0,Digital Wallet,10,5,0,149.28846962213882,9,Friday,37
503,2023-06-09,2213,32,Sports,227.47793121476033,1,0,Credit Card,11,4,0,227.47793121476033,6,Friday,23
504,2023-12-06,2411,43,Books,487.1248365987936,3,10,Credit Card,5,5,0,1315.2370588167428,12,Wednesday,49
505,2023-06-01,1428,18,Fashion,52.046201383527226,1,20,Net Banking,14,5,0,41.636961106821786,6,Thursday,22
506,2023-06-27,1857,21,Home,467.90864552451745,1,5,Debit Card,7,4,0,444.51321324829155,6,Tuesday,26
507,2023-06-12,2307,46,Fashion,424.7514336593263,4,10,Net Banking,5,5,1,1529.1051611735747,6,Monday,24
508,2023-02-02,1236,18,Home,781.5429026662921,1,5,Credit Card,11,4,0,742.4657575329775,2,Thursday,5
509,2023-06-28,2217,60,Home,361.39254484434935,1,20,Debit Card,10,5,0,289.1140358754795,6,Wednesday,26
510,2023-04-11,2310,67,Electronics,982.7232739242033,4,5,Credit Card,8,5,0,3734.3484409119724,4,Tuesday,15
511,2023-09-25,1770,63,Electronics,188.9622201078941,4,0,Debit Card,7,4,0,755.8488804315764,9,Monday,39
512,2023-11-19,1757,39,Electronics,595.0768181184535,4,20,Digital Wallet,14,5,0,1904.2458179790513,11,Sunday,46
513,2023-03-06,1135,28,Fashion,98.80230403817208,2,10,Net Banking,1,4,0,177.84414726870975,3,Monday,10
514,2023-06-17,1791,27,Sports,736.5253441540422,2,10,Net Banking,11,5,0,1325.745619477276,6,Saturday,24
515,2023-11-26,1170,34,Home,994.8061511813518,3,15,Debit Card,1,5,0,2536.755685512447,11,Sunday,47
516,2023-02-12,1158,53,Books,820.9472513741159,1,10,Net Banking,12,4,0,738.8525262367043,2,Sunday,6
517,2023-02-13,1200,64,Electronics,560.1465053130983,3,15,Credit Card,5,2,0,1428.3735885484004,2,Monday,7
518,2023-10-12,1961,43,Fashion,489.89394382569515,2,0,Net Banking,14,5,0,979.7878876513903,10,Thursday,41
519,2023-01-12,1582,65,Fashion,836.6796616541784,1,10,Debit Card,2,5,0,753.0116954887606,1,Thursday,2
520,2023-04-05,1875,38,Fashion,936.614343863617,1,20,Net Banking,9,4,0,749.2914750908936,4,Wednesday,14
521,2023-10-29,1370,30,Books,989.314460540112,4,15,Net Banking,2,3,0,3363.6691658363807,10,Sunday,43
522,2023-09-10,1102,26,Books,402.5738352888393,2,10,Credit Card,12,2,0,724.6329035199108,9,Sunday,36
523,2023-08-30,2001,28,Electronics,991.0083000465672,1,0,Digital Wallet,9,4,0,991.0083000465672,8,Wednesday,35
524,2023-02-04,2148,28,Books,164.36698965209317,4,20,Credit Card,10,5,0,525.9743668866981,2,Saturday,5
525,2023-08-03,2336,23,Electronics,261.01427817259014,1,20,Net Banking,2,4,0,208.81142253807212,8,Thursday,31
526,2023-12-03,1975,18,Books,98.12596348655724,2,0,Net Banking,4,5,0,196.25192697311448,12,Sunday,48
527,2023-03-31,1797,23,Books,279.0211313196368,3,10,Digital Wallet,3,2,0,753.3570545630193,3,Friday,13
528,2023-09-21,2481,30,Books,770.258176101831,3,5,Digital Wallet,6,3,0,2195.2358018902187,9,Thursday,38
529,2023-04-03,2253,39,Electronics,854.3951145966652,1,10,Credit Card,4,1,0,768.9556031369987,4,Monday,14
530,2023-03-31,1657,48,Home,781.103718651546,4,15,Digital Wallet,9,5,0,2655.7526434152564,3,Friday,13
531,2023-04-25,1881,39,Electronics,634.7551203860193,4,15,Credit Card,9,4,0,2158.167409312465,4,Tuesday,17
532,2023-04-15,2220,54,Home,518.8268473974191,4,10,Debit Card,13,5,1,1867.776650630709,4,Saturday,15
533,2023-07-15,1732,64,Fashion,711.61724632151,2,15,Net Banking,10,4,0,1209.749318746567,7,Saturday,28
534,2023-11-10,1422,44,Fashion,396.9252137745496,3,5,Digital Wallet,14,4,0,1131.2368592574664,11,Friday,45
535,2023-04-24,1571,67,Electronics,842.8952679847048,3,5,Debit Card,9,4,0,2402.2515137564087,4,Monday,17
536,2023-03-16,1170,69,Home,680.4181930370175,1,20,Debit Card,3,4,0,544.3345544296141,3,Thursday,11
537,2023-08-05,2405,31,Home,700.8266515094645,3,15,Credit Card,3,5,0,1787.107961349134,8,Saturday,31
538,2023-10-04,1172,64,Home,540.5766331977806,4,10,Credit Card,4,5,0,1946.07587951201,10,Wednesday,40
539,2023-09-06,1662,22,Fashion,886.3766943690608,2,20,Digital Wallet,9,1,0,1418.2027109904975,9,Wednesday,36
540,2023-06-13,1452,53,Electronics,259.494586342262,4,5,Credit Card,14,5,0,986.0794281005955,6,Tuesday,24
541,2023-12-23,1349,49,Sports,387.3361768274402,4,20,Debit Card,6,5,1,1239.4757658478088,12,Saturday,51
542,2023-07-11,1493,51,Home,779.8661439809122,3,0,Debit Card,9,5,0,2339.5984319427366,7,Tuesday,28
543,2023-08-15,1619,24,Home,497.82140716804435,2,15,Net Banking,8,4,0,846.2963921856754,8,Tuesday,33
544,2023-06-26,2027,59,Sports,890.3218732899489,2,10,Debit Card,7,3,0,1602.5793719219082,6,Monday,26
545,2023-04-09,2116,65,Electronics,352.9353265652238,4,5,Digital Wallet,13,5,0,1341.1542409478504,4,Sunday,14
546,2023-02-05,1918,27,Home,375.6368671314483,1,20,Net Banking,5,4,0,300.50949370515866,2,Sunday,5
547,2023-04-06,1005,67,Electronics,889.8484314927591,3,10,Credit Card,13,5,0,2402.59076503045,4,Thursday,14
548,2023-06-01,1287,34,Home,469.7266169802206,1,15,Net Banking,9,5,1,399.2676244331875,6,Thursday,22
549,2023-05-31,2169,47,Books,520.9633383604619,4,10,Debit Card,4,2,0,1875.4680180976627,5,Wednesday,22
550,2023-07-09,2447,38,Home,339.4360781823226,3,15,Digital Wallet,14,5,0,865.5619993649226,7,Sunday,27
551,2023-08-12,1607,30,Books,283.9032427572911,1,15,Credit Card,4,5,0,241.31775634369743,8,Saturday,32
552,2023-02-06,1456,18,Electronics,659.3892237300081,1,15,Credit Card,8,5,0,560.4808401705069,2,Monday,6
553,2023-09-25,2225,18,Home,128.64225492579183,1,20,Debit Card,4,5,0,102.91380394063347,9,Monday,39
554,2023-07-02,2235,64,Fashion,880.4799147710802,3,15,Digital Wallet,7,5,0,2245.2237826662545,7,Sunday,26
555,2023-01-13,2029,50,Fashion,781.4111053974568,1,10,Debit Card,4,1,0,703.2699948577111,1,Friday,2
556,2023-10-06,1623,55,Sports,198.84078106874475,2,0,Debit Card,11,5,0,397.6815621374895,10,Friday,40
557,2023-08-05,1375,42,Fashion,697.0797463663197,4,10,Digital Wallet,1,4,0,2509.4870869187507,8,Saturday,31
558,2023-12-21,1446,43,Books,606.6065920727785,3,20,Debit Card,10,1,0,1455.8558209746686,12,Thursday,51
559,2023-12-27,1834,30,Fashion,192.68970022927766,2,15,Digital Wallet,9,4,0,327.57249038977204,12,Wednesday,52
560,2023-10-13,2129,45,Fashion,280.47147098973016,1,0,Digital Wallet,4,5,0,280.47147098973016,10,Friday,41
561,2023-09-30,1810,50,Fashion,414.89663869649604,4,20,Debit Card,3,4,0,1327.6692438287873,9,Saturday,39
562,2023-03-03,2424,54,Home,702.2503078930191,1,5,Debit Card,3,5,0,667.1377924983681,3,Friday,9
563,2023-03-25,2119,58,Sports,642.3361747288359,2,5,Net Banking,9,5,0,1220.438731984788,3,Saturday,12
564,2023-08-05,2411,47,Electronics,536.912499199931,1,5,Credit Card,8,4,0,510.06687423993435,8,Saturday,31
565,2023-12-08,1958,66,Sports,770.7264376828939,3,0,Credit Card,10,4,0,2312.1793130486817,12,Friday,49
566,2023-07-06,2475,65,Books,760.3583622101042,2,10,Digital Wallet,7,4,0,1368.6450519781877,7,Thursday,27
567,2023-01-19,1848,25,Home,621.6805625216333,3,0,Net Banking,7,1,0,1865.0416875648998,1,Thursday,3
568,2023-06-26,1808,66,Home,789.120182550977,4,0,Digital Wallet,4,4,0,3156.480730203908,6,Monday,26
569,2023-04-10,1978,64,Fashion,340.9207410314171,3,0,Net Banking,3,2,0,1022.7622230942513,4,Monday,15
570,2023-08-21,1415,18,Fashion,882.4370330393796,3,5,Digital Wallet,12,5,0,2514.9455441622317,8,Monday,34
571,2023-03-17,1725,29,Books,618.7609849439214,1,10,Credit Card,4,5,0,556.8848864495293,3,Friday,11
572,2023-09-22,1453,22,Home,824.1398786743063,1,0,Net Banking,6,5,0,824.1398786743063,9,Friday,38
573,2023-10-11,2314,41,Electronics,550.8163137423811,2,10,Debit Card,12,4,0,991.469364736286,10,Wednesday,41
574,2023-07-25,2216,23,Sports,226.25386253879356,4,15,Debit Card,13,4,0,769.2631326318981,7,Tuesday,30
575,2023-08-11,1149,42,Home,546.9860273915256,2,0,Credit Card,14,5,0,1093.9720547830511,8,Friday,32
576,2023-02-21,1758,18,Electronics,377.4005471388222,4,0,Net Banking,4,5,0,1509.6021885552889,2,Tuesday,8
577,2023-12-05,1778,42,Electronics,700.5240456767235,4,0,Debit Card,4,3,0,2802.096182706894,12,Tuesday,49
578,2023-05-24,1972,18,Sports,481.03585381738844,3,15,Debit Card,2,4,0,1226.6414272343404,5,Wednesday,21
579,2023-03-10,1762,49,Electronics,837.7516768784108,1,15,Debit Card,14,5,0,712.0889253466491,3,Friday,10
580,2023-04-09,2001,59,Books,681.2917871986975,4,5,Credit Card,7,4,0,2588.9087913550507,4,Sunday,14
581,2023-01-25,2416,59,Electronics,687.6989887010108,1,20,Digital Wallet,6,1,0,550.1591909608086,1,Wednesday,4
582,2023-02-22,2339,20,Books,224.98378015615432,4,10,Debit Card,2,2,0,809.9416085621556,2,Wednesday,8
583,2023-05-31,1075,66,Electronics,984.4072688263775,1,20,Debit Card,5,5,0,787.5258150611021,5,Wednesday,22
584,2023-05-24,1598,36,Fashion,843.2584571787738,2,0,Digital Wallet,6,5,1,1686.5169143575476,5,Wednesday,21
585,2023-02-26,2293,60,Electronics,791.1148357150877,1,0,Debit Card,5,4,0,791.1148357150877,2,Sunday,8
586,2023-02-08,1224,46,Books,336.9130729084272,3,5,Net Banking,4,3,0,960.2022577890174,2,Wednesday,6
587,2023-04-19,1112,67,Electronics,540.2753363187596,4,20,Debit Card,11,4,0,1728.881076220031,4,Wednesday,16
588,2023-06-30,1250,19,Electronics,145.73215619358535,3,0,Digital Wallet,11,4,0,437.19646858075606,6,Friday,26
589,2023-02-11,2256,26,Electronics,543.0912168960789,4,20,Credit Card,9,4,0,1737.8918940674525,2,Saturday,6
590,2023-07-05,1840,34,Books,154.4303540184544,3,5,Credit Card,3,4,0,440.12650895259503,7,Wednesday,27
591,2023-08-11,1713,63,Electronics,557.5074655497052,4,20,Net Banking,11,2,0,1784.0238897590568,8,Friday,32
592,2023-05-02,2106,53,Sports,652.2346613533566,1,10,Debit Card,2,5,0,587.0111952180209,5,Tuesday,18
593,2023-05-13,1124,34,Sports,396.2940075774033,4,5,Debit Card,9,5,0,1505.9172287941326,5,Saturday,19
594,2023-06-12,2198,66,Books,503.5594295479803,3,20,Digital Wallet,8,5,0,1208.5426309151528,6,Monday,24
595,2023-08-03,2092,29,Fashion,876.89685379784,3,0,Digital Wallet,9,5,0,2630.69056139352,8,Thursday,31
596,2023-08-09,2070,37,Sports,117.47751325578128,4,15,Net Banking,10,5,0,399.4235450696563,8,Wednesday,32
597,2023-08-23,1883,67,Home,793.8155640696564,4,15,Net Banking,11,5,0,2698.9729178368316,8,Wednesday,34
598,2023-11-27,2279,20,Sports,179.04700548623444,2,5,Debit Card,3,4,0,340.1893104238454,11,Monday,48
599,2023-05-26,1029,60,Home,46.34090297658211,2,15,Debit Card,1,4,0,78.77953506018959,5,Friday,21
600,2023-08-27,1280,67,Books,193.7188567175973,1,10,Net Banking,11,5,0,174.3469710458376,8,Sunday,34
601,2023-03-17,1923,21,Fashion,767.3927580707848,1,5,Credit Card,1,5,0,729.0231201672456,3,Friday,11
602,2023-01-09,2260,34,Home,411.0748126034914,1,0,Credit Card,3,5,0,411.0748126034914,1,Monday,2
603,2023-03-15,2271,67,Home,873.7953116777201,1,0,Credit Card,4,5,1,873.7953116777201,3,Wednesday,11
604,2023-09-10,1367,54,Sports,529.4604657704432,1,5,Credit Card,2,4,0,502.987442481921,9,Sunday,36
605,2023-08-18,1494,63,Home,32.02784840706765,4,15,Net Banking,8,4,0,108.89468458403002,8,Friday,33
606,2023-01-07,2048,59,Books,719.5464735059074,2,15,Digital Wallet,14,4,0,1223.2290049600426,1,Saturday,1
607,2023-06-23,1717,32,Books,119.13057963402038,4,0,Credit Card,13,5,0,476.5223185360815,6,Friday,25
608,2023-05-21,2016,50,Books,791.4858371273052,2,10,Net Banking,12,5,0,1424.6745068291493,5,Sunday,20
609,2023-06-17,2337,33,Sports,176.42152430712824,2,15,Credit Card,3,2,0,299.916591322118,6,Saturday,24
610,2023-06-19,1605,28,Fashion,351.9919219474583,3,10,Debit Card,13,5,0,950.3781892581376,6,Monday,25
611,2023-10-10,1374,37,Sports,763.6587153291067,3,15,Credit Card,14,5,0,1947.329724089222,10,Tuesday,41
612,2023-05-02,1638,55,Books,954.6890439016574,2,5,Net Banking,4,4,0,1813.909183413149,5,Tuesday,18
613,2023-07-13,2048,41,Sports,377.71961114026504,4,20,Debit Card,6,5,0,1208.702755648848,7,Thursday,28
614,2023-01-05,2357,33,Books,831.1062179969464,2,0,Debit Card,10,5,0,1662.2124359938928,1,Thursday,1
615,2023-01-29,2378,47,Electronics,198.88434282108034,1,5,Credit Card,13,4,0,188.9401256800263,1,Sunday,4
616,2023-06-14,1115,51,Electronics,809.1079725004662,4,15,Credit Card,6,4,0,2750.967106501585,6,Wednesday,24
617,2023-12-05,1047,18,Home,660.9191186636886,4,0,Debit Card,13,4,1,2643.676474654754,12,Tuesday,49
618,2023-05-16,1098,41,Fashion,200.81607214024476,2,20,Digital Wallet,2,4,0,321.3057154243916,5,Tuesday,20
619,2023-12-31,2482,41,Electronics,309.47892074789746,1,20,Net Banking,6,2,0,247.583136598318,12,Sunday,52
620,2023-11-17,1404,26,Books,140.45317971106564,2,15,Net Banking,4,3,0,238.7704055088116,11,Friday,46
621,2023-12-08,2237,39,Sports,389.13734095367016,1,0,Net Banking,5,5,0,389.13734095367016,12,Friday,49
622,2023-05-25,1684,29,Sports,211.61215471204463,4,15,Net Banking,7,5,1,719.4813260209518,5,Thursday,21
623,2023-11-23,1902,34,Home,647.5579740941688,2,20,Net Banking,7,5,0,1036.0927585506702,11,Thursday,47
624,2023-08-05,1502,42,Sports,994.5600531783531,1,5,Debit Card,6,5,0,944.8320505194354,8,Saturday,31
625,2023-10-28,2471,45,Electronics,21.8890714534215,3,5,Net Banking,10,5,0,62.38385364225127,10,Saturday,43
626,2023-05-12,1893,32,Sports,545.5106151544256,4,10,Digital Wallet,6,5,0,1963.8382145559324,5,Friday,19
627,2023-10-19,1257,47,Electronics,577.9299315735196,4,20,Digital Wallet,6,4,0,1849.375781035263,10,Thursday,42
628,2023-03-11,1843,68,Electronics,915.0667017840037,3,20,Credit Card,4,4,0,2196.160084281609,3,Saturday,10
629,2023-09-09,1120,44,Fashion,510.94528141926816,1,15,Credit Card,3,4,1,434.30348920637795,9,Saturday,36
630,2023-10-02,1809,39,Home,548.2644054484683,4,10,Credit Card,1,5,0,1973.751859614486,10,Monday,40
631,2023-12-30,1977,27,Books,476.9362733151047,1,10,Credit Card,3,5,0,429.24264598359423,12,Saturday,52
632,2023-07-01,1053,48,Electronics,276.2152615158666,3,0,Debit Card,3,5,0,828.6457845475998,7,Saturday,26
633,2023-06-16,2018,44,Home,65.46884191642454,2,15,Digital Wallet,9,5,0,111.29703125792172,6,Friday,24
634,2023-04-01,2354,29,Books,414.57110538773776,4,5,Debit Card,14,5,0,1575.3702004734034,4,Saturday,13
635,2023-07-21,1783,63,Sports,62.06555652827175,4,0,Digital Wallet,3,5,1,248.262226113087,7,Friday,29
636,2023-12-12,1240,48,Home,554.9875447712586,1,10,Debit Card,8,5,0,499.4887902941328,12,Tuesday,50
637,2023-01-19,1482,49,Home,314.2207068098702,4,5,Digital Wallet,8,5,0,1194.0386858775066,1,Thursday,3
638,2023-02-08,2012,49,Home,538.2663775101736,2,20,Credit Card,3,5,0,861.2262040162777,2,Wednesday,6
639,2023-05-06,1186,58,Sports,142.9539947512348,3,15,Digital Wallet,10,5,0,364.53268661564874,5,Saturday,18
640,2023-06-22,1655,62,Sports,933.3036660819661,4,10,Credit Card,10,4,0,3359.8931978950777,6,Thursday,25
641,2023-05-21,1261,52,Home,895.5760311144355,3,20,Digital Wallet,12,1,1,2149.3824746746454,5,Sunday,20
642,2023-08-30,1952,63,Fashion,198.09654411026165,1,10,Debit Card,13,1,0,178.28688969923547,8,Wednesday,35
643,2023-08-08,2387,38,Electronics,350.0098404610698,2,5,Net Banking,6,1,0,665.0186968760327,8,Tuesday,32
644,2023-05-06,1490,27,Sports,617.3578441334598,4,0,Digital Wallet,12,5,0,2469.4313765338393,5,Saturday,18
645,2023-02-27,1430,33,Fashion,104.72934523284721,3,5,Debit Card,8,3,0,298.47863391361454,2,Monday,9
646,2023-05-28,1238,24,Sports,361.0221429049893,2,15,Net Banking,8,3,0,613.7376429384818,5,Sunday,21
647,2023-11-13,1303,21,Home,258.60116395081604,3,15,Debit Card,10,4,0,659.4329680745809,11,Monday,46
648,2023-12-27,1297,44,Fashion,916.3615614295297,1,10,Net Banking,10,4,0,824.7254052865768,12,Wednesday,52
649,2023-01-01,1075,69,Books,853.9855299263131,2,5,Credit Card,9,5,0,1622.5725068599947,1,Sunday,52
650,2023-12-14,2356,42,Electronics,584.0344138541951,2,0,Digital Wallet,9,2,0,1168.0688277083902,12,Thursday,50
651,2023-07-09,1998,48,Electronics,525.1428735028584,1,15,Debit Card,8,5,0,446.3714424774296,7,Sunday,27
652,2023-07-10,1641,28,Sports,931.4185365999432,1,0,Digital Wallet,7,4,0,931.4185365999432,7,Monday,28
653,2023-11-08,2497,65,Electronics,933.1035051490272,4,20,Credit Card,10,5,0,2985.931216476887,11,Wednesday,45
654,2023-04-27,1826,37,Books,969.6368240981438,1,10,Credit Card,3,5,1,872.6731416883295,4,Thursday,17
655,2023-05-14,1282,53,Fashion,134.1250952671058,1,0,Digital Wallet,7,5,1,134.1250952671058,5,Sunday,19
656,2023-02-27,1590,34,Fashion,168.95223265553852,3,10,Debit Card,4,4,0,456.171028169954,2,Monday,9
657,2023-02-13,1071,62,Home,679.9693316930877,2,20,Debit Card,2,5,0,1087.9509307089404,2,Monday,7
658,2023-06-22,2286,28,Fashion,546.0201318437464,3,0,Debit Card,14,5,0,1638.0603955312392,6,Thursday,25
659,2023-06-09,1702,47,Sports,28.2812458443036,1,0,Digital Wallet,8,1,0,28.2812458443036,6,Friday,23
660,2023-06-22,1574,52,Books,71.35528562962418,4,20,Debit Card,2,1,0,228.33691401479737,6,Thursday,25
661,2023-11-13,1999,58,Home,889.199578436217,3,5,Debit Card,1,5,0,2534.2187985432183,11,Monday,46
662,2023-10-30,1891,55,Sports,870.1820875839924,3,0,Net Banking,12,4,0,2610.5462627519773,10,Monday,44
663,2023-05-29,1011,39,Sports,363.6982127760847,2,0,Debit Card,12,5,0,727.3964255521694,5,Monday,22
664,2023-03-21,1140,60,Sports,892.1401107612293,2,15,Credit Card,5,5,1,1516.6381882940898,3,Tuesday,12
665,2023-08-01,1016,65,Electronics,597.7383236539227,2,5,Debit Card,10,4,0,1135.7028149424532,8,Tuesday,31
666,2023-07-22,2086,68,Sports,807.8465905487128,4,0,Digital Wallet,13,3,0,3231.3863621948512,7,Saturday,29
667,2023-09-09,1252,44,Electronics,433.15676044861215,4,20,Digital Wallet,9,5,0,1386.101633435559,9,Saturday,36
668,2023-08-17,1464,54,Fashion,122.26434407145965,1,10,Debit Card,5,5,1,110.03790966431369,8,Thursday,33
669,2023-06-13,1375,63,Electronics,439.38979201955607,1,20,Digital Wallet,11,3,1,351.5118336156449,6,Tuesday,24
670,2023-08-15,1980,66,Sports,462.7268000169289,2,5,Digital Wallet,2,5,0,879.1809200321649,8,Tuesday,33
671,2023-05-27,1519,52,Books,555.4347519021969,3,15,Debit Card,10,2,0,1416.3586173506021,5,Saturday,21
672,2023-01-20,1089,21,Books,114.52688577538372,2,15,Net Banking,4,5,0,194.6957058181523,1,Friday,3
673,2023-02-16,1719,33,Fashion,991.4878444191153,1,15,Net Banking,8,2,0,842.764667756248,2,Thursday,7
674,2023-08-21,1803,33,Sports,251.69545259883728,3,20,Net Banking,7,4,0,604.0690862372095,8,Monday,34
675,2023-11-01,1795,38,Electronics,206.56687950172198,1,10,Net Banking,5,2,0,185.9101915515498,11,Wednesday,44
676,2023-01-14,1629,43,Books,531.5348896673772,4,10,Credit Card,4,3,0,1913.525602802558,1,Saturday,2
677,2023-05-23,2198,53,Home,541.8360976009398,2,0,Debit Card,14,5,0,1083.6721952018795,5,Tuesday,21
678,2023-01-01,1075,36,Sports,445.42253045491185,2,10,Digital Wallet,5,5,0,801.7605548188413,1,Sunday,52
679,2023-02-23,1925,34,Sports,774.1732248620019,3,10,Digital Wallet,7,5,0,2090.267707127405,2,Thursday,8
680,2023-09-16,1399,62,Home,521.4878567213167,2,0,Debit Card,5,5,0,1042.9757134426334,9,Saturday,37
681,2023-05-24,1969,43,Books,613.5985005935343,1,20,Digital Wallet,8,4,0,490.8788004748274,5,Wednesday,21
682,2023-01-12,2094,39,Home,726.5089215537078,1,20,Credit Card,7,5,0,581.2071372429663,1,Thursday,2
683,2023-11-26,2203,45,Fashion,34.774850548227946,4,5,Net Banking,7,5,0,132.1444320832662,11,Sunday,47
684,2023-08-12,2147,18,Electronics,574.9377407195943,1,20,Debit Card,9,4,0,459.9501925756755,8,Saturday,32
685,2023-09-29,2404,61,Electronics,885.3525265160855,3,15,Digital Wallet,8,4,0,2257.648942616018,9,Friday,39
686,2023-12-24,2316,53,Books,27.21485549617957,1,15,Credit Card,13,5,0,23.132627171752635,12,Sunday,51
687,2023-06-05,1796,60,Home,411.1302827629515,4,5,Digital Wallet,12,4,0,1562.2950744992156,6,Monday,23
688,2023-01-08,1194,54,Sports,926.9651757037717,4,10,Credit Card,8,4,0,3337.074632533578,1,Sunday,1
689,2023-05-02,1227,19,Sports,359.6228582597124,2,5,Digital Wallet,6,5,0,683.2834306934535,5,Tuesday,18
690,2023-12-14,2454,34,Sports,464.1415359582385,3,0,Net Banking,7,5,1,1392.4246078747155,12,Thursday,50
691,2023-06-13,2459,57,Fashion,981.7259791138696,1,5,Debit Card,8,5,1,932.639680158176,6,Tuesday,24
692,2023-03-31,1460,55,Fashion,207.33062036106807,4,5,Net Banking,13,5,0,787.8563573720586,3,Friday,13
693,2023-05-16,1617,38,Sports,74.60263723375589,1,15,Net Banking,5,3,0,63.4122416486925,5,Tuesday,20
694,2023-07-05,2044,26,Books,860.8283649526913,4,0,Digital Wallet,10,5,0,3443.3134598107654,7,Wednesday,27
695,2023-11-12,1063,30,Fashion,869.7806878002448,2,0,Net Banking,2,5,0,1739.5613756004896,11,Sunday,45
696,2023-06-27,1164,28,Fashion,477.35705633321305,4,5,Debit Card,14,4,0,1813.9568140662095,6,Tuesday,26
697,2023-01-28,1026,33,Electronics,519.0651027325134,2,0,Credit Card,7,3,0,1038.1302054650268,1,Saturday,4
698,2023-08-08,2334,33,Electronics,837.4483059216577,3,0,Credit Card,10,5,0,2512.344917764973,8,Tuesday,32
699,2023-12-23,2011,19,Books,741.1739031346372,1,20,Digital Wallet,3,5,0,592.9391225077097,12,Saturday,51
700,2023-02-10,1284,59,Fashion,272.49751219484057,1,0,Debit Card,10,5,0,272.49751219484057,2,Friday,6
701,2023-08-16,1280,61,Fashion,26.724421520803272,2,10,Debit Card,11,3,0,48.10395873744589,8,Wednesday,33
702,2023-07-11,1837,25,Home,484.9031609082103,3,0,Credit Card,8,2,0,1454.7094827246308,7,Tuesday,28
703,2023-05-25,1830,60,Books,860.3232028346849,2,15,Credit Card,6,4,0,1462.5494448189643,5,Thursday,21
704,2023-07-20,2187,59,Books,896.8763299232605,4,20,Net Banking,11,1,0,2870.004255754434,7,Thursday,29
705,2023-07-31,1917,30,Home,956.6639351053923,2,15,Digital Wallet,14,5,1,1626.328689679167,7,Monday,31
706,2023-08-08,1223,34,Home,880.7676052366534,3,15,Credit Card,4,5,0,2245.957393353466,8,Tuesday,32
707,2023-08-28,1783,56,Electronics,584.2431197451174,4,10,Credit Card,2,5,0,2103.2752310824226,8,Monday,35
708,2023-02-15,2169,41,Books,450.15954324373985,1,20,Debit Card,13,5,0,360.1276345949919,2,Wednesday,7
709,2023-02-04,1964,20,Books,777.101348068758,1,5,Debit Card,7,3,0,738.2462806653201,2,Saturday,5
710,2023-09-10,1949,47,Home,742.4234180219405,1,0,Debit Card,1,5,0,742.4234180219405,9,Sunday,36
711,2023-03-23,2053,69,Sports,542.7619957806398,3,10,Credit Card,7,3,1,1465.4573886077276,3,Thursday,12
712,2023-09-13,1044,30,Sports,96.45409883288443,3,10,Digital Wallet,13,2,0,260.42606684878797,9,Wednesday,37
713,2023-07-16,1470,36,Electronics,926.8205333190496,3,5,Net Banking,10,3,0,2641.438519959291,7,Sunday,28
714,2023-10-30,1033,24,Sports,461.0465121266455,3,10,Digital Wallet,13,5,0,1244.825582741943,10,Monday,44
715,2023-01-10,1652,26,Sports,369.70044409710164,3,5,Credit Card,10,4,0,1053.6462656767396,1,Tuesday,2
716,2023-11-08,2450,36,Sports,633.271721217084,4,5,Net Banking,7,1,0,2406.432540624919,11,Wednesday,45
717,2023-10-13,1829,62,Fashion,677.0995815553072,2,5,Digital Wallet,10,5,0,1286.4892049550836,10,Friday,41
718,2023-08-30,1220,57,Electronics,218.58103785999842,1,10,Credit Card,13,3,0,196.72293407399857,8,Wednesday,35
719,2023-09-08,1533,39,Home,838.5694563618566,3,5,Digital Wallet,3,1,0,2389.9229506312913,9,Friday,36
720,2023-12-31,1691,35,Sports,297.03772272575407,1,10,Credit Card,4,5,0,267.33395045317866,12,Sunday,52
721,2023-01-05,2390,40,Fashion,194.81708665517354,3,20,Debit Card,12,3,0,467.5610079724165,1,Thursday,1
722,2023-04-29,1931,19,Sports,412.3358543259524,1,5,Digital Wallet,4,5,0,391.7190616096548,4,Saturday,17
723,2023-10-16,1840,67,Fashion,733.2544800884906,2,10,Debit Card,4,5,0,1319.858064159283,10,Monday,42
724,2023-03-06,2010,67,Electronics,965.8035966554054,1,10,Debit Card,9,2,0,869.2232369898649,3,Monday,10
725,2023-05-26,1581,28,Sports,811.1884517277189,1,10,Net Banking,6,4,0,730.069606554947,5,Friday,21
726,2023-08-12,2139,48,Fashion,940.9448938934898,3,0,Net Banking,10,5,0,2822.8346816804697,8,Saturday,32
727,2023-08-27,1238,50,Books,149.1997460357615,4,0,Digital Wallet,9,4,0,596.798984143046,8,Sunday,34
728,2023-06-26,2358,31,Books,80.46503087504001,4,5,Credit Card,12,5,0,305.767117325152,6,Monday,26
729,2023-09-24,1440,33,Fashion,562.1277142876045,1,20,Net Banking,4,5,0,449.7021714300836,9,Sunday,38
730,2023-12-07,1147,28,Sports,297.394508213594,4,5,Net Banking,7,5,0,1130.099131211657,12,Thursday,49
731,2023-10-09,2032,50,Sports,829.7744232395802,2,15,Debit Card,13,5,0,1410.6165195072863,10,Monday,41
732,2023-03-04,2311,24,Electronics,675.2679926883028,2,15,Debit Card,12,5,0,1147.9555875701146,3,Saturday,9
733,2023-08-05,1387,48,Electronics,971.0208823459365,4,20,Credit Card,10,3,0,3107.266823506997,8,Saturday,31
734,2023-12-08,2073,65,Home,262.2444321739912,4,20,Net Banking,12,3,0,839.1821829567718,12,Friday,49
735,2023-11-11,1915,63,Electronics,490.92627321168004,2,20,Net Banking,12,5,0,785.4820371386882,11,Saturday,45
736,2023-10-10,1637,64,Sports,506.22807265109975,4,0,Credit Card,9,4,0,2024.912290604399,10,Tuesday,41
737,2023-06-26,1277,31,Home,246.78502690880242,4,0,Net Banking,10,5,0,987.1401076352097,6,Monday,26
738,2023-04-08,1988,45,Electronics,594.1924654931277,3,15,Digital Wallet,3,5,0,1515.1907870074756,4,Saturday,14
739,2023-04-15,2323,60,Fashion,448.85312621844713,3,20,Digital Wallet,13,4,0,1077.247502924273,4,Saturday,15
740,2023-04-09,1588,33,Books,452.2543404299749,4,10,Credit Card,3,3,0,1628.1156255479095,4,Sunday,14
741,2023-11-07,1648,36,Electronics,369.1092814927588,4,15,Debit Card,6,5,0,1254.97155707538,11,Tuesday,45
742,2023-01-06,1617,34,Electronics,26.76005890127971,3,20,Credit Card,8,5,0,64.22414136307131,1,Friday,1
743,2023-07-16,1134,43,Fashion,526.8742845456411,3,10,Digital Wallet,1,1,0,1422.560568273231,7,Sunday,28
744,2023-12-17,1579,23,Sports,341.8953573433278,4,20,Net Banking,4,5,0,1094.0651434986491,12,Sunday,50
745,2023-05-13,2170,60,Fashion,11.306670294486379,3,5,Net Banking,13,4,0,32.224010339286174,5,Saturday,19
746,2023-12-24,1489,66,Electronics,314.8642705853127,2,10,Debit Card,8,4,0,566.7556870535628,12,Sunday,51
747,2023-09-16,1477,26,Sports,285.8420497588594,1,5,Debit Card,6,3,0,271.5499472709164,9,Saturday,37
748,2023-01-23,2182,67,Home,399.51367169139945,2,0,Digital Wallet,14,3,0,799.0273433827989,1,Monday,4
749,2023-02-22,1383,34,Electronics,140.533469746963,3,15,Debit Card,2,5,0,358.3603478547557,2,Wednesday,8
750,2023-06-14,1162,48,Fashion,512.6069863887336,2,20,Credit Card,8,5,0,820.1711782219738,6,Wednesday,24
751,2023-07-21,1440,29,Home,695.5159489929487,1,15,Digital Wallet,13,5,0,591.1885566440063,7,Friday,29
752,2023-03-24,2212,40,Books,633.8837133640268,3,20,Net Banking,14,4,0,1521.3209120736644,3,Friday,12
753,2023-05-25,1414,22,Home,805.7173980934988,2,5,Net Banking,1,5,0,1530.8630563776476,5,Thursday,21
754,2023-03-26,2362,60,Fashion,457.4882051072103,2,10,Net Banking,12,5,0,823.4787691929786,3,Sunday,12
755,2023-03-19,2204,53,Home,523.900813036331,1,10,Debit Card,1,3,0,471.5107317326979,3,Sunday,11
756,2023-01-01,1287,53,Fashion,812.2979214503935,3,20,Digital Wallet,7,3,0,1949.5150114809444,1,Sunday,52
757,2023-02-20,1186,20,Electronics,433.42415911104615,4,5,Debit Card,14,5,0,1647.0118046219752,2,Monday,8
758,2023-06-22,2161,41,Sports,704.583356400601,3,20,Credit Card,10,5,0,1691.0000553614425,6,Thursday,25
759,2023-07-24,1129,34,Books,440.25634503081193,1,20,Digital Wallet,3,5,0,352.20507602464954,7,Monday,30
760,2023-09-17,1193,56,Sports,423.558832566447,1,20,Debit Card,12,5,0,338.8470660531576,9,Sunday,37
761,2023-10-15,1315,43,Sports,762.6035682838686,1,10,Net Banking,12,3,0,686.3432114554818,10,Sunday,41
762,2023-02-03,1143,21,Sports,183.08854631154904,1,20,Net Banking,8,3,0,146.47083704923924,2,Friday,5
763,2023-12-14,1015,62,Fashion,345.2001122221578,4,10,Credit Card,9,1,0,1242.7204039997682,12,Thursday,50
764,2023-04-05,2325,29,Fashion,231.93055397943274,3,0,Credit Card,8,3,0,695.7916619382983,4,Wednesday,14
765,2023-03-13,1422,18,Books,365.51884353792116,3,5,Credit Card,1,5,0,1041.7287040830752,3,Monday,11
766,2023-02-08,1244,38,Fashion,238.07107414236378,2,0,Net Banking,1,5,0,476.14214828472757,2,Wednesday,6
767,2023-06-03,1926,36,Fashion,583.6115747757881,4,20,Debit Card,6,4,0,1867.557039282522,6,Saturday,22
768,2023-09-07,2130,38,Fashion,800.1890945916667,4,10,Net Banking,12,5,0,2880.68074053,9,Thursday,36
769,2023-06-11,2111,69,Fashion,788.7469306057228,2,5,Net Banking,1,3,0,1498.6191681508733,6,Sunday,23
770,2023-04-28,1128,35,Electronics,370.8559549033045,2,15,Net Banking,8,4,0,630.4551233356176,4,Friday,17
771,2023-09-16,1906,60,Books,988.8728018353191,3,5,Debit Card,13,4,1,2818.2874852306595,9,Saturday,37
772,2023-11-02,1886,69,Fashion,597.9158210587427,3,5,Net Banking,14,2,0,1704.0600900174168,11,Thursday,44
773,2023-09-25,1340,20,Books,405.40629876051185,3,20,Credit Card,6,3,0,972.9751170252284,9,Monday,39
774,2023-02-23,1003,66,Home,837.1838864490112,4,0,Credit Card,5,4,0,3348.735545796045,2,Thursday,8
775,2023-08-24,2350,61,Electronics,732.5752725162145,4,0,Credit Card,13,4,0,2930.301090064858,8,Thursday,34
776,2023-08-10,2433,49,Fashion,751.7825834558633,2,15,Credit Card,6,4,0,1278.0303918749676,8,Thursday,32
777,2023-09-08,1305,27,Electronics,204.17795623653288,1,20,Net Banking,4,5,1,163.34236498922633,9,Friday,36
778,2023-11-09,1907,57,Electronics,473.6410642948696,1,5,Net Banking,1,4,0,449.95901108012606,11,Thursday,45
779,2023-04-22,1606,32,Home,863.2098495163567,1,0,Net Banking,7,5,0,863.2098495163567,4,Saturday,16
780,2023-09-12,2248,22,Books,508.9976275524697,1,0,Credit Card,10,5,0,508.9976275524697,9,Tuesday,37
781,2023-10-30,2371,21,Electronics,686.6182159868398,1,10,Debit Card,9,5,0,617.9563943881558,10,Monday,44
782,2023-07-26,1991,45,Sports,592.054395703922,3,5,Digital Wallet,4,5,0,1687.3550277561776,7,Wednesday,30
783,2023-08-17,1320,69,Home,843.9332198411983,2,20,Digital Wallet,13,5,0,1350.2931517459174,8,Thursday,33
784,2023-12-07,1558,68,Sports,291.7152313639866,1,0,Digital Wallet,4,3,0,291.7152313639866,12,Thursday,49
785,2023-03-07,2204,21,Home,579.7205251075012,1,20,Debit Card,9,5,0,463.776420086001,3,Tuesday,10
786,2023-03-16,1617,32,Sports,132.00232132970595,1,5,Net Banking,4,4,1,125.40220526322065,3,Thursday,11
787,2023-04-13,1710,34,Sports,693.3086689324732,3,5,Digital Wallet,10,3,0,1975.9297064575485,4,Thursday,15
788,2023-07-11,2409,61,Electronics,734.6481599691849,1,0,Digital Wallet,4,1,0,734.6481599691849,7,Tuesday,28
789,2023-09-09,2131,20,Electronics,52.408947977108426,2,15,Net Banking,8,4,0,89.09521156108433,9,Saturday,36
790,2023-08-14,1530,27,Home,679.0330539917052,3,20,Digital Wallet,11,4,0,1629.6793295800926,8,Monday,33
791,2023-10-21,1409,64,Books,420.5432526241285,3,20,Net Banking,4,5,0,1009.3038062979085,10,Saturday,42
792,2023-11-02,2319,59,Electronics,132.8559073485855,4,10,Digital Wallet,9,4,0,478.28126645490784,11,Thursday,44
793,2023-04-08,1817,40,Electronics,425.7084722214829,4,5,Net Banking,11,5,0,1617.692194441635,4,Saturday,14
794,2023-12-04,2194,35,Fashion,202.29060039862588,3,5,Credit Card,8,4,0,576.5282111360838,12,Monday,49
795,2023-10-13,2354,18,Electronics,421.40393680208336,1,0,Debit Card,5,5,0,421.40393680208336,10,Friday,41
796,2023-12-01,1492,52,Books,390.49563767894244,1,0,Digital Wallet,9,5,0,390.49563767894244,12,Friday,48
797,2023-12-13,2218,48,Fashion,741.0077205666969,1,0,Net Banking,8,5,0,741.0077205666969,12,Wednesday,50
798,2023-11-04,1011,61,Sports,776.4734025846952,1,10,Credit Card,14,4,0,698.8260623262257,11,Saturday,44
799,2023-09-06,1194,18,Sports,610.9583678407012,4,15,Net Banking,10,5,0,2077.258450658384,9,Wednesday,36
800,2023-06-15,1489,20,Fashion,32.459973760623065,2,0,Digital Wallet,4,4,0,64.91994752124613,6,Thursday,24
801,2023-12-01,1794,20,Fashion,931.7120562802841,3,0,Digital Wallet,4,5,0,2795.1361688408524,12,Friday,48
802,2023-01-30,1880,54,Fashion,689.3709472954832,1,0,Digital Wallet,1,5,0,689.3709472954832,1,Monday,5
803,2023-09-04,1181,36,Home,43.853495421976945,4,10,Digital Wallet,4,4,0,157.872583519117,9,Monday,36
804,2023-04-16,1961,46,Books,820.6445702219767,2,20,Digital Wallet,12,4,0,1313.0313123551628,4,Sunday,15
805,2023-02-20,1655,42,Books,208.26349317081616,3,15,Credit Card,13,1,0,531.0719075855811,2,Monday,8
806,2023-03-22,2339,50,Sports,583.4289776753957,3,20,Net Banking,8,5,0,1400.2295464209496,3,Wednesday,12
807,2023-05-13,1693,53,Sports,471.9680262506853,3,5,Net Banking,12,5,0,1345.108874814453,5,Saturday,19
808,2023-10-12,1029,46,Sports,425.6403945315259,1,5,Digital Wallet,12,3,0,404.35837480494956,10,Thursday,41
809,2023-05-18,2119,43,Electronics,890.8165829231535,3,0,Net Banking,5,4,0,2672.4497487694607,5,Thursday,20
810,2023-07-03,2404,21,Sports,442.98767864698857,1,20,Credit Card,6,4,0,354.3901429175909,7,Monday,27
811,2023-11-26,1777,66,Fashion,84.59067639741923,2,10,Digital Wallet,4,4,1,152.26321751535463,11,Sunday,47
812,2023-09-30,1443,31,Sports,947.1723399428031,4,15,Debit Card,14,5,0,3220.3859558055306,9,Saturday,39
813,2023-12-06,1297,67,Fashion,921.3298789272312,4,20,Credit Card,5,5,0,2948.25561256714,12,Wednesday,49
814,2023-03-10,1807,44,Home,687.5883626857827,4,20,Digital Wallet,10,5,0,2200.282760594505,3,Friday,10
815,2023-02-03,1844,50,Electronics,473.2136028507047,3,15,Net Banking,8,5,0,1206.694687269297,2,Friday,5
816,2023-09-19,2015,39,Electronics,101.93087821408605,4,20,Credit Card,12,5,0,326.1788102850754,9,Tuesday,38
817,2023-02-22,2384,65,Books,792.8406373917014,2,20,Digital Wallet,9,5,0,1268.5450198267224,2,Wednesday,8
818,2023-07-24,2397,20,Home,84.72313527978866,1,15,Net Banking,3,5,0,72.01466498782037,7,Monday,30
819,2023-05-06,1553,40,Fashion,77.9149750461942,4,10,Net Banking,10,5,0,280.49391016629914,5,Saturday,18
820,2023-08-23,1302,38,Home,542.0100040149745,1,15,Digital Wallet,4,5,0,460.7085034127283,8,Wednesday,34
821,2023-02-12,1420,58,Electronics,168.52695778279383,1,0,Credit Card,1,5,1,168.52695778279383,2,Sunday,6
822,2023-08-28,2269,40,Fashion,17.652964666945493,4,0,Digital Wallet,11,3,0,70.61185866778197,8,Monday,35
823,2023-04-21,2260,21,Home,428.8822966858284,4,0,Digital Wallet,5,5,0,1715.5291867433136,4,Friday,16
824,2023-09-06,1184,38,Electronics,145.84505929396528,4,0,Digital Wallet,4,5,0,583.3802371758611,9,Wednesday,36
825,2023-05-31,1467,54,Fashion,168.91026112788433,3,5,Digital Wallet,6,3,0,481.3942442144703,5,Wednesday,22
826,2023-07-02,1753,60,Fashion,86.14153234798131,4,10,Digital Wallet,6,5,0,310.10951645273275,7,Sunday,26
827,2023-12-02,1362,48,Electronics,213.04281618637384,3,5,Net Banking,13,4,0,607.1720261311655,12,Saturday,48
828,2023-04-05,2306,38,Fashion,718.3293379766454,2,20,Digital Wallet,10,5,0,1149.3269407626328,4,Wednesday,14
829,2023-01-08,1335,43,Electronics,810.8380341456135,1,20,Credit Card,6,5,0,648.6704273164909,1,Sunday,1
830,2023-12-26,1161,58,Sports,458.00830758900764,2,15,Debit Card,3,4,0,778.614122901313,12,Tuesday,52
831,2023-07-03,2183,52,Sports,511.4882777226035,4,0,Digital Wallet,14,5,0,2045.953110890414,7,Monday,27
832,2023-10-08,2497,55,Fashion,42.32848424826058,1,15,Credit Card,7,5,0,35.97921161102149,10,Sunday,40
833,2023-07-14,2345,41,Fashion,78.62309875760369,4,20,Debit Card,3,5,0,251.5939160243318,7,Friday,28
834,2023-12-18,1011,28,Electronics,264.9920483930217,4,0,Credit Card,6,4,0,1059.9681935720869,12,Monday,51
835,2023-07-14,2447,58,Fashion,548.459436506016,1,10,Net Banking,13,3,1,493.6134928554144,7,Friday,28
836,2023-06-04,2096,46,Books,742.155637247643,2,20,Net Banking,13,4,0,1187.4490195962287,6,Sunday,22
837,2023-04-03,1587,64,Sports,608.9530307246528,4,15,Debit Card,14,3,0,2070.4403044638193,4,Monday,14
838,2023-06-09,1200,20,Fashion,398.2065764369204,1,15,Debit Card,10,5,0,338.4755899713823,6,Friday,23
839,2023-03-02,1521,18,Fashion,127.14083227310681,2,20,Debit Card,1,5,0,203.4253316369709,3,Thursday,9
840,2023-05-02,1504,69,Home,782.9655025383175,3,5,Net Banking,14,5,0,2231.451682234205,5,Tuesday,18
841,2023-02-20,1787,36,Fashion,370.14819108306654,2,10,Net Banking,8,3,0,666.2667439495198,2,Monday,8
842,2023-10-04,2062,63,Books,738.6934743379617,2,20,Credit Card,7,4,0,1181.9095589407386,10,Wednesday,40
843,2023-01-05,1059,66,Sports,517.8490534951984,1,20,Net Banking,12,5,0,414.27924279615877,1,Thursday,1
844,2023-04-02,1577,39,Home,741.275433026207,2,15,Debit Card,9,4,0,1260.1682361445519,4,Sunday,13
845,2023-06-19,1320,31,Electronics,908.2166658380462,3,0,Digital Wallet,14,5,0,2724.6499975141387,6,Monday,25
846,2023-11-13,2458,66,Electronics,921.819220893264,3,0,Digital Wallet,3,5,1,2765.4576626797916,11,Monday,46
847,2023-01-22,2431,31,Sports,539.7557122005974,4,0,Debit Card,12,5,1,2159.0228488023895,1,Sunday,3
848,2023-11-22,1922,61,Electronics,516.3932811179824,3,15,Net Banking,8,3,0,1316.802866850855,11,Wednesday,47
849,2023-01-01,2409,33,Books,273.02168084780885,4,0,Debit Card,2,1,0,1092.0867233912354,1,Sunday,52
850,2023-05-13,1568,50,Fashion,936.4418332139984,3,20,Net Banking,9,4,0,2247.460399713596,5,Saturday,19
851,2023-08-21,2101,30,Sports,463.3399755276247,2,5,Digital Wallet,1,4,0,880.3459535024869,8,Monday,34
852,2023-01-12,2217,55,Home,136.31532689450336,4,5,Credit Card,12,5,1,517.9982421991127,1,Thursday,2
853,2023-12-12,2308,66,Fashion,438.3778654802844,3,5,Net Banking,10,4,0,1249.3769166188104,12,Tuesday,50
854,2023-02-15,1526,29,Electronics,135.78271773562392,2,0,Credit Card,7,5,0,271.56543547124784,2,Wednesday,7
855,2023-02-03,1523,68,Electronics,507.5063674145043,2,5,Digital Wallet,14,5,0,964.2620980875582,2,Friday,5
856,2023-03-19,1612,55,Home,565.66275970765,4,0,Credit Card,10,4,0,2262.6510388306,3,Sunday,11
857,2023-08-06,2179,56,Books,344.37820387864946,1,20,Credit Card,14,5,0,275.50256310291957,8,Sunday,31
858,2023-10-28,2363,50,Home,80.93410808916983,2,20,Debit Card,1,5,0,129.49457294267174,10,Saturday,43
859,2023-03-14,1124,50,Sports,944.0685002769067,2,15,Credit Card,6,4,0,1604.9164504707412,3,Tuesday,11
860,2023-10-09,1870,46,Home,775.6195823485953,1,15,Digital Wallet,1,2,0,659.276644996306,10,Monday,41
861,2023-09-06,1279,22,Electronics,840.4922697000698,4,10,Net Banking,13,5,0,3025.772170920251,9,Wednesday,36
862,2023-02-16,1916,23,Books,373.19971034336714,3,20,Credit Card,4,5,0,895.6793048240812,2,Thursday,7
863,2023-05-01,1621,48,Books,763.222719719256,3,0,Net Banking,7,5,0,2289.668159157768,5,Monday,18
864,2023-08-02,1845,33,Home,490.5191662175023,2,10,Debit Card,2,4,0,882.9344991915042,8,Wednesday,31
865,2023-08-27,1673,48,Sports,209.0726535219855,1,20,Digital Wallet,3,4,1,167.2581228175884,8,Sunday,34
866,2023-02-25,2151,42,Electronics,133.17914313814114,2,0,Digital Wallet,4,4,0,266.3582862762823,2,Saturday,8
867,2023-12-16,1313,65,Fashion,351.6003606288363,4,20,Net Banking,6,3,0,1125.1211540122763,12,Saturday,50
868,2023-04-17,1331,63,Books,146.17659036038827,2,20,Digital Wallet,13,5,1,233.88254457662126,4,Monday,16
869,2023-11-15,2173,50,Home,998.286286442028,3,0,Debit Card,12,5,0,2994.858859326084,11,Wednesday,46
870,2023-02-17,2477,30,Sports,58.69710032970183,1,20,Net Banking,9,5,0,46.95768026376147,2,Friday,7
871,2023-03-02,1035,69,Sports,446.73216337538577,4,20,Digital Wallet,4,4,1,1429.5429228012345,3,Thursday,9
872,2023-12-03,2443,27,Electronics,457.5725871664803,2,20,Debit Card,6,4,0,732.1161394663685,12,Sunday,48
873,2023-01-26,2045,41,Books,307.6256092958588,3,15,Debit Card,12,5,0,784.4453037044399,1,Thursday,4
874,2023-10-19,1205,27,Electronics,575.6380500498759,2,5,Credit Card,7,5,0,1093.7122950947642,10,Thursday,42
875,2023-09-14,1638,58,Fashion,158.47725391002922,3,20,Digital Wallet,4,5,0,380.34540938407014,9,Thursday,37
876,2023-01-08,1847,48,Fashion,786.0732567813614,1,0,Net Banking,6,4,0,786.0732567813614,1,Sunday,1
877,2023-04-23,2379,30,Fashion,339.1232410651619,4,20,Credit Card,3,5,0,1085.194371408518,4,Sunday,16
878,2023-12-21,1439,20,Sports,595.4291639006553,2,15,Net Banking,5,5,0,1012.229578631114,12,Thursday,51
879,2023-09-10,1728,67,Books,718.4828437062897,4,15,Credit Card,12,5,0,2442.8416686013848,9,Sunday,36
880,2023-06-29,2119,69,Electronics,890.1516965132596,1,20,Debit Card,12,5,0,712.1213572106077,6,Thursday,26
881,2023-07-26,1940,51,Electronics,837.429562087678,3,10,Credit Card,11,5,0,2261.0598176367307,7,Wednesday,30
882,2023-10-30,1163,66,Fashion,612.225937822524,1,5,Credit Card,10,5,0,581.6146409313977,10,Monday,44
883,2023-05-07,1147,45,Books,394.50924858004805,1,0,Credit Card,4,5,1,394.50924858004805,5,Sunday,18
884,2023-02-25,1293,36,Books,508.1726233742143,4,0,Digital Wallet,7,1,0,2032.6904934968572,2,Saturday,8
885,2023-08-02,1194,40,Home,771.0474454450145,1,0,Credit Card,6,5,0,771.0474454450145,8,Wednesday,31
886,2023-01-14,1662,62,Books,878.7700871338783,2,0,Debit Card,7,4,1,1757.5401742677566,1,Saturday,2
887,2023-01-28,1479,49,Books,112.74410889490515,3,15,Net Banking,6,2,0,287.49747768200814,1,Saturday,4
888,2023-03-19,1122,30,Electronics,391.007699868123,1,5,Digital Wallet,12,5,0,371.4573148747168,3,Sunday,11
889,2023-08-04,2423,50,Books,778.3554324293656,2,20,Debit Card,2,5,0,1245.368691886985,8,Friday,31
890,2023-12-31,1698,51,Books,437.33524496802136,3,20,Digital Wallet,14,5,0,1049.6045879232513,12,Sunday,52
891,2023-06-03,1964,50,Electronics,338.905486425621,4,10,Net Banking,7,4,0,1220.0597511322358,6,Saturday,22
892,2023-01-14,2475,22,Books,417.2094698550369,3,20,Net Banking,8,5,1,1001.3027276520887,1,Saturday,2
893,2023-07-06,1660,20,Electronics,606.8162993184873,4,5,Net Banking,7,5,1,2305.9019374102513,7,Thursday,27
894,2023-11-08,2127,24,Home,999.8070926924635,3,20,Digital Wallet,4,5,0,2399.5370224619123,11,Wednesday,45
895,2023-01-07,2485,41,Sports,498.06250481348644,1,15,Digital Wallet,4,5,0,423.3531290914635,1,Saturday,1
896,2023-01-03,1709,39,Electronics,216.40953020471795,4,20,Net Banking,12,5,0,692.5104966550975,1,Tuesday,1
897,2023-04-21,1395,62,Electronics,171.2181095263038,4,0,Net Banking,5,5,0,684.8724381052152,4,Friday,16
898,2023-08-26,1911,40,Books,51.926250001650146,4,0,Debit Card,14,4,1,207.70500000660059,8,Saturday,34
899,2023-12-29,2360,47,Electronics,563.2290625691383,1,0,Net Banking,9,3,0,563.2290625691383,12,Friday,52
900,2023-08-27,2004,35,Fashion,549.1263705739459,1,0,Credit Card,5,4,0,549.1263705739459,8,Sunday,34
901,2023-10-01,2165,49,Fashion,213.18158751250607,3,15,Digital Wallet,2,4,0,543.6130481568904,10,Sunday,39
902,2023-10-21,1316,24,Home,698.3761123880414,3,15,Debit Card,5,4,0,1780.8590865895055,10,Saturday,42
903,2023-08-15,2424,50,Electronics,743.6959712133839,1,15,Digital Wallet,13,5,0,632.1415755313764,8,Tuesday,33
904,2023-01-15,1680,22,Books,266.50722332829014,1,20,Net Banking,3,4,0,213.20577866263213,1,Sunday,2
905,2023-07-11,2333,66,Books,350.65876638943917,4,0,Credit Card,10,3,0,1402.6350655577567,7,Tuesday,28
906,2023-04-29,1494,45,Sports,990.5669556237841,3,10,Net Banking,8,3,0,2674.5307801842173,4,Saturday,17
907,2023-01-28,1555,25,Home,380.52182317222685,3,10,Digital Wallet,10,5,0,1027.4089225650125,1,Saturday,4
908,2023-07-21,1609,32,Books,763.1936550385408,4,0,Debit Card,10,5,0,3052.774620154163,7,Friday,29
909,2023-02-08,1108,69,Sports,458.1981723636406,4,5,Digital Wallet,13,4,0,1741.1530549818342,2,Wednesday,6
910,2023-09-30,1371,21,Books,795.4113795823662,4,20,Debit Card,2,4,0,2545.316414663572,9,Saturday,39
911,2023-08-19,1854,51,Sports,771.3330063948214,2,10,Credit Card,14,4,0,1388.3994115106784,8,Saturday,33
912,2023-03-27,1615,22,Fashion,671.0784649465503,2,15,Net Banking,11,5,0,1140.8333904091355,3,Monday,13
913,2023-05-06,1767,50,Fashion,856.2305628326235,1,5,Net Banking,4,5,0,813.4190346909922,5,Saturday,18
914,2023-10-27,1205,22,Books,939.8263099289084,3,15,Credit Card,5,5,0,2396.5570903187163,10,Friday,43
915,2023-01-25,1846,55,Home,584.1834872475631,4,5,Digital Wallet,12,5,0,2219.8972515407395,1,Wednesday,4
916,2023-05-25,1042,51,Electronics,245.09421815051826,4,5,Credit Card,4,5,0,931.3580289719694,5,Thursday,21
917,2023-01-13,1864,43,Home,404.64267202763426,3,20,Net Banking,13,1,0,971.1424128663223,1,Friday,2
918,2023-07-31,2268,18,Home,760.7226563781603,2,15,Debit Card,14,5,0,1293.2285158428724,7,Monday,31
919,2023-01-25,2310,21,Electronics,654.3746502726308,3,15,Net Banking,5,5,0,1668.6553581952085,1,Wednesday,4
920,2023-03-09,2378,56,Fashion,186.02035517959624,1,10,Digital Wallet,10,3,0,167.41831966163662,3,Thursday,10
921,2023-03-08,1784,43,Fashion,60.72714573496046,2,0,Debit Card,11,4,0,121.45429146992092,3,Wednesday,10
922,2023-08-21,1475,50,Electronics,686.1319776066442,3,0,Digital Wallet,13,5,0,2058.3959328199326,8,Monday,34
923,2023-04-19,1082,50,Sports,258.5682337890519,3,10,Net Banking,4,3,0,698.13423123044,4,Wednesday,16
924,2023-05-26,2133,25,Home,504.6735412917629,1,5,Net Banking,13,5,0,479.4398642271747,5,Friday,21
925,2023-04-21,1189,37,Books,749.2793047874683,3,10,Debit Card,3,5,0,2023.0541229261644,4,Friday,16
926,2023-08-16,1799,33,Fashion,567.0401128497698,2,10,Digital Wallet,1,4,1,1020.6722031295857,8,Wednesday,33
927,2023-04-21,1935,38,Books,92.46955728067843,4,15,Debit Card,14,2,0,314.3964947543067,4,Friday,16
928,2023-02-03,1250,62,Electronics,193.72443441571986,4,10,Debit Card,4,5,0,697.4079638965915,2,Friday,5
929,2023-04-21,1290,43,Books,227.13490219060995,4,5,Digital Wallet,9,4,0,863.1126283243177,4,Friday,16
930,2023-09-21,2224,40,Books,265.28561110839644,2,0,Debit Card,1,2,0,530.5712222167929,9,Thursday,38
931,2023-08-24,1325,35,Home,569.7493580309992,3,20,Credit Card,7,4,0,1367.3984592743982,8,Thursday,34
932,2023-03-24,2432,48,Electronics,508.92612202713957,3,10,Debit Card,3,5,0,1374.1005294732768,3,Friday,12
933,2023-02-11,1836,69,Books,211.12843798056684,3,10,Net Banking,8,5,0,570.0467825475306,2,Saturday,6
934,2023-04-11,1507,59,Fashion,76.8792950211302,3,15,Digital Wallet,6,4,0,196.04220230388202,4,Tuesday,15
935,2023-01-06,1730,29,Electronics,179.7178824299709,4,15,Net Banking,13,4,0,611.040800261901,1,Friday,1
936,2023-06-29,1071,18,Fashion,984.5374994924173,2,10,Credit Card,1,4,0,1772.1674990863512,6,Thursday,26
937,2023-10-09,2270,59,Sports,473.8614802935575,1,10,Credit Card,10,1,0,426.47533226420177,10,Monday,41
938,2023-11-16,1640,26,Books,868.6720496550913,2,5,Debit Card,5,5,0,1650.4768943446734,11,Thursday,46
939,2023-08-14,1939,20,Electronics,850.2649420021548,3,0,Net Banking,14,2,0,2550.7948260064645,8,Monday,33
940,2023-11-11,1607,68,Fashion,516.4043618882449,3,0,Debit Card,12,5,0,1549.2130856647348,11,Saturday,45
941,2023-12-31,1565,43,Books,709.6208313759381,2,20,Debit Card,13,5,0,1135.393330201501,12,Sunday,52
942,2023-08-17,2367,26,Home,200.82449030858515,2,0,Net Banking,8,1,0,401.6489806171703,8,Thursday,33
943,2023-10-16,1053,59,Fashion,691.5127378776392,4,20,Credit Card,11,5,0,2212.8407612084457,10,Monday,42
944,2023-05-30,1527,68,Fashion,279.6607334706566,3,15,Credit Card,3,4,0,713.1348703501744,5,Tuesday,22
945,2023-10-04,1610,33,Sports,833.7414757866093,2,20,Credit Card,12,2,0,1333.986361258575,10,Wednesday,40
946,2023-07-17,1192,41,Home,92.88689177782082,3,20,Digital Wallet,12,5,0,222.92854026676997,7,Monday,29
947,2023-03-11,1057,67,Sports,775.4072861564247,2,0,Digital Wallet,4,3,1,1550.8145723128494,3,Saturday,10
948,2023-04-22,2460,31,Home,108.93753750293334,3,10,Debit Card,7,1,0,294.1313512579201,4,Saturday,16
949,2023-01-04,2134,20,Fashion,882.3773445253659,2,15,Digital Wallet,11,4,0,1500.041485693122,1,Wednesday,1
950,2023-12-16,1128,51,Sports,311.16247295365366,3,5,Digital Wallet,6,3,0,886.813047917913,12,Saturday,50
951,2023-11-27,1705,50,Books,657.849431182269,1,20,Net Banking,14,5,0,526.2795449458152,11,Monday,48
952,2023-11-14,1851,67,Home,492.62725583407706,4,20,Debit Card,7,1,1,1576.4072186690466,11,Tuesday,46
953,2023-12-16,2349,41,Fashion,372.6401138097156,1,20,Debit Card,13,2,0,298.1120910477725,12,Saturday,50
954,2023-04-05,1007,26,Electronics,648.9874148516615,4,10,Net Banking,9,5,0,2336.354693465981,4,Wednesday,14
955,2023-06-01,1028,30,Home,948.0477507457256,4,5,Credit Card,9,4,0,3602.581452833757,6,Thursday,22
956,2023-11-07,2135,19,Home,50.85704990087564,2,0,Net Banking,2,5,0,101.71409980175127,11,Tuesday,45
957,2023-05-17,1946,24,Books,919.6643273242732,1,15,Credit Card,3,4,0,781.7146782256323,5,Wednesday,20
958,2023-09-04,1130,65,Home,612.9908384708034,4,10,Debit Card,4,2,1,2206.7670184948925,9,Monday,36
959,2023-08-31,1187,38,Home,809.2411577613618,3,5,Debit Card,6,1,0,2306.337299619881,8,Thursday,35
960,2023-01-31,1708,36,Books,390.0362038999348,2,15,Digital Wallet,5,4,0,663.0615466298891,1,Tuesday,5
961,2023-02-09,2498,42,Books,477.1245450892376,2,0,Digital Wallet,6,4,0,954.2490901784752,2,Thursday,6
962,2023-08-17,2387,64,Sports,870.1622442831524,3,15,Net Banking,11,1,0,2218.9137229220387,8,Thursday,33
963,2023-02-05,2227,39,Fashion,420.69949011172486,3,20,Digital Wallet,8,5,0,1009.6787762681397,2,Sunday,5
964,2023-08-11,1211,28,Fashion,539.3129710815941,4,20,Debit Card,2,4,0,1725.8015074611012,8,Friday,32
965,2023-01-06,1275,50,Sports,29.992973853489577,3,10,Debit Card,6,4,0,80.98102940442186,1,Friday,1
966,2023-11-18,2096,49,Fashion,167.01202577966185,2,15,Credit Card,9,4,0,283.92044382542514,11,Saturday,46
967,2023-08-08,1242,38,Home,645.2696428950518,3,20,Digital Wallet,5,5,0,1548.6471429481244,8,Tuesday,32
968,2023-03-16,2125,56,Sports,719.8071320532383,1,10,Credit Card,1,4,0,647.8264188479145,3,Thursday,11
969,2023-01-04,1986,37,Sports,586.7749274166545,2,10,Debit Card,13,3,0,1056.194869349978,1,Wednesday,1
970,2023-12-01,1684,25,Fashion,151.87693591285458,3,10,Digital Wallet,8,5,0,410.06772696470733,12,Friday,48
971,2023-05-14,1170,59,Electronics,450.95137429205647,2,0,Credit Card,4,4,0,901.9027485841129,5,Sunday,19
972,2023-04-28,1652,54,Fashion,361.5438186995579,4,20,Debit Card,8,2,0,1156.9402198385853,4,Friday,17
973,2023-04-04,1187,26,Electronics,500.70473059473744,1,20,Credit Card,13,4,0,400.56378447579,4,Tuesday,14
974,2023-03-03,2464,42,Sports,871.6257442085533,4,5,Digital Wallet,4,4,0,3312.1778279925024,3,Friday,9
975,2023-07-13,2109,42,Electronics,778.1028242720654,1,0,Credit Card,11,5,0,778.1028242720654,7,Thursday,28
976,2023-12-01,2499,50,Home,93.14960637526735,3,20,Credit Card,8,1,0,223.55905530064166,12,Friday,48
977,2023-07-22,1051,19,Books,891.4061057968187,2,20,Debit Card,9,4,0,1426.24976927491,7,Saturday,29
978,2023-01-26,1110,36,Electronics,477.04947963832535,3,5,Digital Wallet,5,4,0,1359.591016969227,1,Thursday,4
979,2023-06-22,1876,63,Books,746.4235234371384,4,15,Net Banking,5,5,0,2537.8399796862705,6,Thursday,25
980,2023-10-27,2066,37,Home,148.6388389517086,2,15,Net Banking,2,3,0,252.6860262179046,10,Friday,43
981,2023-05-13,1210,59,Books,674.0123304499776,3,0,Credit Card,9,5,0,2022.036991349933,5,Saturday,19
982,2023-11-22,2223,58,Home,243.96275743336335,3,10,Debit Card,11,4,0,658.6994450700811,11,Wednesday,47
983,2023-04-28,1857,59,Books,443.9970881695222,2,5,Digital Wallet,4,5,0,843.5944675220921,4,Friday,17
984,2023-11-20,1626,46,Books,26.694241381283366,2,5,Debit Card,3,5,0,50.71905862443839,11,Monday,47
985,2023-10-02,2049,23,Fashion,160.09453155117126,4,20,Digital Wallet,2,2,0,512.302500963748,10,Monday,40
986,2023-07-31,1298,34,Electronics,101.15968819238357,1,20,Debit Card,3,4,0,80.92775055390686,7,Monday,31
987,2023-08-13,2100,42,Books,247.34673120887587,1,5,Net Banking,4,4,0,234.97939464843205,8,Sunday,32
988,2023-01-20,1923,55,Sports,109.01790912407905,2,10,Net Banking,9,4,0,196.2322364233423,1,Friday,3
989,2023-04-23,1136,21,Fashion,694.9909263533663,1,15,Net Banking,6,4,0,590.7422874003613,4,Sunday,16
990,2023-05-20,2043,47,Electronics,38.749503187127175,4,0,Debit Card,10,4,0,154.9980127485087,5,Saturday,20
991,2023-02-16,1439,37,Fashion,621.563095618748,1,15,Debit Card,5,1,0,528.3286312759358,2,Thursday,7
992,2023-01-01,1210,20,Electronics,149.3007525173185,2,0,Credit Card,13,1,0,298.601505034637,1,Sunday,52
993,2023-03-31,1751,40,Home,945.709842606118,4,10,Net Banking,9,5,0,3404.5554333820246,3,Friday,13
994,2023-05-22,1434,68,Books,933.7631323787557,2,5,Credit Card,8,4,0,1774.1499515196358,5,Monday,21
995,2023-11-16,1779,35,Sports,233.24807149575298,4,10,Debit Card,6,3,0,839.6930573847108,11,Thursday,46
996,2023-02-07,2230,43,Fashion,618.2770852407992,4,5,Digital Wallet,3,5,0,2349.452923915037,2,Tuesday,6
997,2023-10-20,1438,53,Fashion,37.72526627773385,2,20,Net Banking,7,5,0,60.360426044374165,10,Friday,42
998,2023-05-19,1665,25,Fashion,932.4706576206623,3,0,Net Banking,13,5,0,2797.411972861987,5,Friday,20
999,2023-12-22,2065,34,Fashion,527.7574351097926,2,20,Net Banking,10,5,0,844.4118961756682,12,Friday,51
1000,2023-11-29,1410,48,Books,52.79091990360121,4,5,Net Banking,6,5,0,200.60549563368457,11,Wednesday,48
1001,2023-09-16,1805,54,Electronics,349.074993078056,2,0,Net Banking,12,3,0,698.149986156112,9,Saturday,37
1002,2023-06-10,1609,62,Books,86.08096724262187,2,0,Debit Card,11,5,0,172.16193448524373,6,Saturday,23
1003,2023-06-27,1426,50,Home,399.0149949796263,4,20,Net Banking,14,5,0,1276.8479839348042,6,Tuesday,26
1004,2023-01-10,2298,44,Books,673.2270787397099,1,0,Net Banking,8,5,0,673.2270787397099,1,Tuesday,2
1005,2023-09-18,2471,62,Books,475.1910089610252,4,5,Credit Card,12,4,0,1805.7258340518956,9,Monday,38
1006,2023-05-18,1901,21,Home,389.8849529722599,2,5,Digital Wallet,6,5,0,740.7814106472938,5,Thursday,20
1007,2023-06-21,1941,39,Books,127.96547508506015,4,20,Net Banking,14,5,0,409.4895202721925,6,Wednesday,25
1008,2023-01-13,1741,43,Electronics,252.48965523671976,4,10,Credit Card,11,4,0,908.9627588521911,1,Friday,2
1009,2023-06-17,2392,49,Sports,109.14185486096761,1,5,Debit Card,10,5,0,103.68476211791922,6,Saturday,24
1010,2023-05-10,2243,41,Home,809.4237443400941,3,5,Credit Card,4,2,0,2306.857671369268,5,Wednesday,19
1011,2023-03-25,2255,63,Fashion,143.88742970487533,2,0,Net Banking,10,5,0,287.77485940975066,3,Saturday,12
1012,2023-11-17,1327,52,Electronics,599.4196328834046,2,0,Credit Card,12,5,0,1198.8392657668091,11,Friday,46
1013,2023-11-15,2466,54,Sports,349.31300945295743,1,5,Credit Card,7,4,0,331.84735898030954,11,Wednesday,46
1014,2023-04-11,1051,49,Electronics,233.71860080863166,4,20,Debit Card,7,5,0,747.8995225876214,4,Tuesday,15
1015,2023-11-25,1375,24,Electronics,643.0737550971827,3,10,Credit Card,11,5,0,1736.2991387623933,11,Saturday,47
1016,2023-09-30,1262,50,Fashion,462.4322862831712,2,0,Debit Card,8,4,0,924.8645725663424,9,Saturday,39
1017,2023-09-22,1266,48,Sports,406.14401261171355,3,0,Debit Card,2,2,0,1218.4320378351406,9,Friday,38
1018,2023-02-07,1358,29,Electronics,596.9234848432993,3,10,Credit Card,11,5,0,1611.6934090769082,2,Tuesday,6
1019,2023-04-04,2340,28,Fashion,496.3549522051007,4,0,Net Banking,6,4,0,1985.4198088204027,4,Tuesday,14
1020,2023-04-05,2347,41,Home,310.44936646604515,4,20,Digital Wallet,14,4,0,993.4379726913445,4,Wednesday,14
1021,2023-11-01,1651,25,Fashion,563.4706748875991,4,0,Credit Card,3,5,0,2253.8826995503964,11,Wednesday,44
1022,2023-03-10,2444,49,Books,672.8035907851876,2,0,Credit Card,8,5,0,1345.6071815703751,3,Friday,10
1023,2023-11-14,1045,55,Fashion,36.42622700098574,3,5,Credit Card,4,4,0,103.81474695280936,11,Tuesday,46
1024,2023-08-24,1599,39,Fashion,471.2130116185986,3,20,Digital Wallet,14,1,0,1130.9112278846367,8,Thursday,34
1025,2023-11-30,1719,51,Fashion,67.10645173770834,2,20,Digital Wallet,4,5,0,107.37032278033335,11,Thursday,48
1026,2023-05-17,2292,36,Electronics,194.54135992742997,1,5,Debit Card,2,5,0,184.81429193105845,5,Wednesday,20
1027,2023-03-17,1600,69,Sports,564.9036467371933,4,15,Digital Wallet,13,5,0,1920.6723989064571,3,Friday,11
1028,2023-02-04,1380,37,Fashion,867.5270261129249,2,10,Digital Wallet,6,3,0,1561.548647003265,2,Saturday,5
1029,2023-01-01,1117,31,Fashion,883.9776223966,4,20,Credit Card,6,5,0,2828.7283916691204,1,Sunday,52
1030,2023-10-23,1115,50,Books,79.24457003724496,3,15,Debit Card,1,4,0,202.07365359497464,10,Monday,43
1031,2023-11-16,1259,27,Books,424.91403542383955,2,10,Net Banking,12,5,0,764.8452637629113,11,Thursday,46
1032,2023-03-01,2098,33,Home,587.1764181745058,1,20,Debit Card,8,2,0,469.7411345396047,3,Wednesday,9
1033,2023-11-16,1304,21,Home,155.59920550483997,4,0,Digital Wallet,3,5,0,622.3968220193599,11,Thursday,46
1034,2023-12-15,1006,44,Books,767.777894577324,3,20,Digital Wallet,1,5,0,1842.6669469855779,12,Friday,50
1035,2023-11-24,1365,45,Sports,746.7929058528664,3,10,Credit Card,10,5,0,2016.3408458027395,11,Friday,47
1036,2023-09-24,1522,60,Home,904.3076035697267,1,15,Net Banking,1,4,0,768.6614630342676,9,Sunday,38
1037,2023-12-27,2371,33,Sports,18.401151962608587,1,0,Net Banking,1,5,0,18.401151962608587,12,Wednesday,52
1038,2023-08-17,2461,69,Books,224.51740154911263,4,10,Net Banking,5,5,0,808.2626455768055,8,Thursday,33
1039,2023-09-27,2238,50,Home,828.9148471028685,3,10,Digital Wallet,5,5,0,2238.0700871777453,9,Wednesday,39
1040,2023-11-12,1428,65,Fashion,673.874250318666,1,20,Digital Wallet,1,5,1,539.0994002549328,11,Sunday,45
1041,2023-10-13,1790,36,Books,895.4459551615058,2,5,Debit Card,5,1,0,1701.347314806861,10,Friday,41
1042,2023-10-18,1746,38,Home,66.60785798496386,1,5,Digital Wallet,7,4,0,63.27746508571566,10,Wednesday,42
1043,2023-08-01,1366,39,Sports,600.9943260592784,2,0,Net Banking,5,2,0,1201.9886521185567,8,Tuesday,31
1044,2023-06-14,1312,26,Sports,573.3561091447374,3,10,Net Banking,9,4,0,1548.061494690791,6,Wednesday,24
1045,2023-01-05,1537,26,Home,45.31767219692704,4,15,Net Banking,4,3,0,154.08008546955193,1,Thursday,1
1046,2023-12-05,1920,26,Sports,518.3868561433587,3,0,Credit Card,13,5,0,1555.1605684300762,12,Tuesday,49
1047,2023-03-19,2077,44,Home,613.425108196825,3,0,Debit Card,9,5,0,1840.275324590475,3,Sunday,11
1048,2023-03-03,2490,34,Home,199.38024246008615,3,20,Debit Card,12,5,0,478.5125819042068,3,Friday,9
1049,2023-05-12,1864,61,Sports,280.5962872934163,3,15,Digital Wallet,8,5,0,715.5205325982116,5,Friday,19
1050,2023-03-30,2187,62,Electronics,643.9438728347596,4,10,Credit Card,14,1,0,2318.197942205135,3,Thursday,13
1051,2023-08-25,1781,25,Fashion,473.61793812395877,1,10,Debit Card,13,5,1,426.2561443115629,8,Friday,34
1052,2023-02-11,1333,33,Books,859.4335209926436,4,10,Credit Card,1,3,0,3093.960675573517,2,Saturday,6
1053,2023-03-30,1797,35,Fashion,348.95794834909645,4,0,Credit Card,13,4,0,1395.8317933963858,3,Thursday,13
1054,2023-10-23,1347,50,Books,273.99306180431915,4,20,Digital Wallet,4,4,0,876.7777977738214,10,Monday,43
1055,2023-11-24,1272,18,Books,985.0172809413943,4,0,Credit Card,7,5,0,3940.0691237655774,11,Friday,47
1056,2023-10-22,1962,29,Fashion,912.0244124287825,1,5,Debit Card,1,5,0,866.4231918073433,10,Sunday,42
1057,2023-04-14,1719,23,Home,38.702817548990055,3,5,Digital Wallet,12,4,0,110.30303001462165,4,Friday,15
1058,2023-01-14,2437,58,Sports,773.0213291535002,1,10,Debit Card,8,2,0,695.7191962381502,1,Saturday,2
1059,2023-10-15,1499,22,Electronics,119.23142608695093,1,20,Credit Card,14,5,0,95.38514086956076,10,Sunday,41
1060,2023-06-28,2116,33,Electronics,37.21034288107724,3,10,Credit Card,11,5,0,100.46792577890855,6,Wednesday,26
1061,2023-05-05,1684,35,Electronics,280.9585608066854,1,10,Net Banking,2,5,0,252.86270472601686,5,Friday,18
1062,2023-12-19,1078,66,Fashion,276.6524202704933,4,0,Digital Wallet,8,1,0,1106.6096810819731,12,Tuesday,51
1063,2023-01-23,1621,35,Fashion,821.125574723495,4,10,Digital Wallet,11,5,0,2956.052069004582,1,Monday,4
1064,2023-03-04,2240,18,Home,713.5605734834068,3,10,Net Banking,13,4,0,1926.6135484051983,3,Saturday,9
1065,2023-05-23,1946,36,Electronics,981.7933330586941,3,20,Debit Card,4,4,0,2356.303999340866,5,Tuesday,21
1066,2023-06-02,1357,25,Home,714.3977713087003,3,20,Debit Card,8,4,0,1714.5546511408809,6,Friday,22
1067,2023-05-25,1617,20,Electronics,424.07299772348745,4,20,Credit Card,1,5,0,1357.03359271516,5,Thursday,21
1068,2023-08-13,1506,42,Fashion,701.9383843357647,3,10,Digital Wallet,12,3,0,1895.2336377065649,8,Sunday,32
1069,2023-11-05,2204,22,Sports,999.4644765145381,1,20,Credit Card,5,5,0,799.5715812116305,11,Sunday,44
1070,2023-04-14,1575,57,Sports,713.0404637369028,1,20,Net Banking,9,4,0,570.4323709895223,4,Friday,15
1071,2023-04-14,2269,36,Sports,764.0645424205151,2,15,Credit Card,7,4,0,1298.9097221148756,4,Friday,15
1072,2023-02-08,1243,35,Sports,938.9813650383568,2,15,Debit Card,3,5,0,1596.2683205652065,2,Wednesday,6
1073,2023-07-17,1505,67,Books,122.51474869856652,3,5,Debit Card,4,3,0,349.16703379091456,7,Monday,29
1074,2023-05-14,1421,48,Electronics,707.7364505132496,2,0,Net Banking,10,5,0,1415.4729010264991,5,Sunday,19
1075,2023-03-08,2343,50,Sports,852.2978983877745,4,0,Debit Card,7,5,0,3409.191593551098,3,Wednesday,10
1076,2023-06-28,2110,64,Books,954.8348142186841,4,20,Net Banking,14,5,0,3055.4714054997894,6,Wednesday,26
1077,2023-02-11,1216,35,Books,218.85959681458237,1,5,Digital Wallet,6,1,0,207.91661697385325,2,Saturday,6
1078,2023-01-15,2301,56,Books,508.88971764700176,1,5,Net Banking,13,5,0,483.4452317646516,1,Sunday,2
1079,2023-04-21,2008,33,Home,683.749299168037,2,15,Net Banking,13,5,0,1162.373808585663,4,Friday,16
1080,2023-06-06,2192,33,Home,254.99305220632408,2,5,Net Banking,4,5,0,484.4867991920157,6,Tuesday,23
1081,2023-10-16,1329,64,Books,604.4681346177713,4,10,Debit Card,3,5,0,2176.085284623977,10,Monday,42
1082,2023-08-19,1649,55,Sports,265.0029946730194,1,20,Digital Wallet,11,4,0,212.00239573841552,8,Saturday,33
1083,2023-06-06,2464,58,Electronics,340.1224503263308,2,10,Credit Card,2,5,0,612.2204105873955,6,Tuesday,23
1084,2023-02-07,1390,24,Fashion,447.1035095457564,4,0,Digital Wallet,10,4,0,1788.4140381830257,2,Tuesday,6
1085,2023-04-07,1380,31,Home,533.8981977591013,1,15,Debit Card,12,4,0,453.8134680952361,4,Friday,14
1086,2023-10-16,2329,60,Sports,454.87221290889914,4,10,Digital Wallet,9,5,0,1637.539966472037,10,Monday,42
1087,2023-09-11,1741,65,Sports,498.2635645900499,4,20,Digital Wallet,3,5,0,1594.4434066881597,9,Monday,37
1088,2023-07-15,1819,42,Fashion,305.6028687254097,1,10,Net Banking,7,5,0,275.0425818528687,7,Saturday,28
1089,2023-03-27,1672,49,Fashion,167.37544308240427,4,10,Net Banking,1,5,0,602.5515950966554,3,Monday,13
1090,2023-11-18,1512,55,Sports,56.876477553571036,2,5,Debit Card,8,3,0,108.06530735178497,11,Saturday,46
1091,2023-01-10,1948,39,Fashion,204.01893526675101,4,15,Net Banking,1,4,0,693.6643799069534,1,Tuesday,2
1092,2023-01-05,2211,33,Sports,586.1242050907252,2,0,Debit Card,12,4,0,1172.2484101814505,1,Thursday,1
1093,2023-05-03,1929,69,Fashion,788.254293325101,3,20,Credit Card,2,3,0,1891.8103039802425,5,Wednesday,18
1094,2023-11-26,1912,46,Fashion,177.5551214684656,3,20,Digital Wallet,1,4,1,426.13229152431745,11,Sunday,47
1095,2023-12-19,1643,33,Sports,117.46980419492198,3,0,Credit Card,4,5,0,352.40941258476596,12,Tuesday,51
1096,2023-04-28,1426,29,Books,751.7974569437578,4,20,Credit Card,2,5,0,2405.751862220025,4,Friday,17
1097,2023-10-21,1501,34,Sports,312.1067472319168,3,5,Digital Wallet,1,4,0,889.5042296109629,10,Saturday,42
1098,2023-06-08,1729,54,Electronics,951.984444835079,3,10,Net Banking,1,4,0,2570.3580010547134,6,Thursday,23
1099,2023-10-30,2283,44,Fashion,717.1747909042693,4,5,Credit Card,2,5,0,2725.264205436223,10,Monday,44
1100,2023-08-16,1070,42,Home,333.48848677060056,1,5,Digital Wallet,6,4,0,316.8140624320705,8,Wednesday,33
1101,2023-12-31,1477,30,Fashion,296.6473203157679,4,5,Credit Card,2,5,0,1127.259817199918,12,Sunday,52
1102,2023-08-04,2201,25,Electronics,528.461402408596,2,0,Credit Card,13,4,0,1056.922804817192,8,Friday,31
1103,2023-07-03,1456,22,Home,88.35322159542733,4,15,Digital Wallet,13,4,0,300.4009534244529,7,Monday,27
1104,2023-01-15,1188,29,Home,126.49974751884601,1,0,Net Banking,12,5,0,126.49974751884601,1,Sunday,2
1105,2023-06-06,1290,58,Sports,184.09930250303057,3,0,Debit Card,12,5,1,552.2979075090917,6,Tuesday,23
1106,2023-05-16,1919,20,Books,776.9763573715146,4,5,Digital Wallet,11,2,0,2952.5101580117553,5,Tuesday,20
1107,2023-09-18,1291,52,Sports,518.7187856764313,3,15,Debit Card,13,5,0,1322.7329034748996,9,Monday,38
1108,2023-06-06,1755,50,Home,20.46145154669851,2,0,Digital Wallet,2,1,0,40.92290309339702,6,Tuesday,23
1109,2023-02-16,2306,39,Home,676.7813621973879,1,15,Digital Wallet,8,2,0,575.2641578677798,2,Thursday,7
1110,2023-11-20,1376,67,Books,429.4532768738921,3,5,Debit Card,5,5,0,1223.9418390905926,11,Monday,47
1111,2023-11-28,2179,61,Fashion,515.7438413141599,3,0,Debit Card,14,5,0,1547.2315239424797,11,Tuesday,48
1112,2023-06-22,1507,26,Books,221.9750809788062,3,15,Net Banking,8,1,0,566.0364564959558,6,Thursday,25
1113,2023-05-10,2436,58,Sports,556.2644061101626,3,20,Digital Wallet,12,5,0,1335.0345746643902,5,Wednesday,19
1114,2023-04-05,1527,35,Fashion,979.3617073539738,4,0,Digital Wallet,14,1,0,3917.446829415895,4,Wednesday,14
1115,2023-04-25,2378,67,Sports,82.71024409570384,1,0,Digital Wallet,12,5,0,82.71024409570384,4,Tuesday,17
1116,2023-08-31,1558,46,Books,291.07822566778634,1,0,Net Banking,14,5,0,291.07822566778634,8,Thursday,35
1117,2023-10-19,2210,56,Fashion,250.56761693222148,3,15,Debit Card,8,3,0,638.9474231771649,10,Thursday,42
1118,2023-10-09,2054,44,Books,256.0638176436678,1,10,Digital Wallet,12,3,0,230.45743587930102,10,Monday,41
1119,2023-10-26,1259,53,Electronics,384.91929398972354,3,0,Debit Card,2,5,0,1154.7578819691707,10,Thursday,43
1120,2023-10-10,1420,62,Home,819.9286868967258,2,20,Net Banking,14,5,1,1311.8858990347615,10,Tuesday,41
1121,2023-03-10,1303,34,Fashion,913.7301030647435,2,20,Credit Card,7,5,0,1461.9681649035897,3,Friday,10
1122,2023-05-28,1941,51,Home,210.19293658438357,2,5,Debit Card,9,5,0,399.3665795103288,5,Sunday,21
1123,2023-01-11,2062,63,Electronics,547.5204385686317,1,10,Net Banking,12,4,0,492.7683947117685,1,Wednesday,2
1124,2023-09-11,1541,20,Fashion,640.5299824438255,3,10,Credit Card,8,5,0,1729.4309525983288,9,Monday,37
1125,2023-11-26,2301,22,Home,526.6091996202065,4,15,Digital Wallet,13,5,0,1790.471278708702,11,Sunday,47
1126,2023-12-26,2226,31,Home,439.73563025495037,4,5,Digital Wallet,9,4,0,1670.9953949688113,12,Tuesday,52
1127,2023-02-07,2089,20,Fashion,200.05575080064546,2,15,Debit Card,13,5,0,340.0947763610973,2,Tuesday,6
1128,2023-05-14,1107,40,Home,493.33716560724616,2,5,Credit Card,8,3,0,937.3406146537677,5,Sunday,19
1129,2023-07-19,1267,56,Home,407.2026794342156,1,10,Net Banking,4,4,0,366.48241149079405,7,Wednesday,29
1130,2023-01-23,1221,47,Fashion,797.6077288772469,4,15,Digital Wallet,10,5,1,2711.8662781826397,1,Monday,4
1131,2023-10-30,2113,67,Home,765.9683155713652,1,5,Digital Wallet,7,5,0,727.669899792797,10,Monday,44
1132,2023-12-12,1692,62,Home,142.658694393614,2,10,Credit Card,9,5,0,256.7856499085052,12,Tuesday,50
1133,2023-10-29,1254,40,Sports,97.6338620374369,3,10,Net Banking,9,2,0,263.6114275010797,10,Sunday,43
1134,2023-12-29,2478,44,Sports,909.072403795228,3,0,Digital Wallet,4,4,0,2727.217211385684,12,Friday,52
1135,2023-08-06,1252,27,Electronics,540.1533050748527,3,15,Digital Wallet,7,4,0,1377.3909279408745,8,Sunday,31
1136,2023-05-21,1256,42,Sports,859.2229279097647,2,0,Debit Card,6,4,0,1718.4458558195295,5,Sunday,20
1137,2023-04-14,1382,30,Sports,67.56960936073713,1,10,Net Banking,12,5,0,60.81264842466342,4,Friday,15
1138,2023-07-29,1441,33,Electronics,531.250460356414,3,15,Digital Wallet,12,4,0,1354.688673908856,7,Saturday,30
1139,2023-04-21,1598,58,Home,544.032249430474,4,15,Credit Card,3,5,0,1849.7096480636117,4,Friday,16
1140,2023-04-14,2113,51,Home,862.0950122167285,4,20,Digital Wallet,10,5,0,2758.7040390935313,4,Friday,15
1141,2023-11-12,1389,54,Sports,106.63389824741043,2,5,Net Banking,6,5,0,202.6044066700798,11,Sunday,45
1142,2023-06-20,1581,39,Electronics,248.0411080391502,4,20,Debit Card,8,5,1,793.7315457252807,6,Tuesday,25
1143,2023-12-22,2067,34,Home,412.47293074814297,4,20,Digital Wallet,2,5,0,1319.9133783940576,12,Friday,51
1144,2023-11-20,1597,40,Books,867.1830606657427,2,10,Credit Card,12,5,0,1560.929509198337,11,Monday,47
1145,2023-05-13,1018,53,Fashion,939.4944819198613,1,5,Digital Wallet,3,3,0,892.5197578238682,5,Saturday,19
1146,2023-10-20,2124,66,Fashion,992.7973733976917,3,20,Credit Card,8,5,0,2382.71369615446,10,Friday,42
1147,2023-11-24,1606,26,Fashion,959.6015515939363,2,20,Net Banking,4,5,0,1535.3624825502982,11,Friday,47
1148,2023-05-07,2380,69,Sports,15.882338285910869,4,15,Debit Card,4,4,0,53.99995017209695,5,Sunday,18
1149,2023-04-16,1032,19,Fashion,57.23125803933332,3,10,Net Banking,2,5,0,154.52439670619998,4,Sunday,15
1150,2023-04-02,2252,49,Fashion,156.13075096601278,3,20,Digital Wallet,11,5,0,374.7138023184307,4,Sunday,13
1151,2023-10-14,1861,67,Books,355.3734758025704,3,5,Digital Wallet,10,5,0,1012.8144060373257,10,Saturday,41
1152,2023-02-20,1154,39,Home,831.6188506770891,2,0,Debit Card,12,3,1,1663.2377013541782,2,Monday,8
1153,2023-01-29,2446,60,Books,893.7296333821257,3,0,Credit Card,13,5,0,2681.188900146377,1,Sunday,4
1154,2023-10-23,1904,30,Sports,194.9660622316372,1,10,Net Banking,1,1,0,175.4694560084735,10,Monday,43
1155,2023-10-24,2269,25,Fashion,623.4675101035116,4,0,Credit Card,7,3,0,2493.8700404140463,10,Tuesday,43
1156,2023-08-02,1404,18,Home,918.1883652146238,2,15,Digital Wallet,14,5,0,1560.9202208648603,8,Wednesday,31
1157,2023-09-24,1843,34,Fashion,469.09441857200756,2,15,Credit Card,4,5,0,797.4605115724128,9,Sunday,38
1158,2023-09-14,2184,29,Fashion,112.50813623325612,3,5,Net Banking,6,5,0,320.64818826477995,9,Thursday,37
1159,2023-10-29,1746,21,Sports,463.2355135837787,4,10,Credit Card,8,5,0,1667.6478489016033,10,Sunday,43
1160,2023-04-11,2140,30,Fashion,382.03695326517663,3,10,Digital Wallet,11,5,0,1031.499773815977,4,Tuesday,15
1161,2023-12-12,1270,48,Electronics,581.881416105347,3,0,Net Banking,7,5,0,1745.6442483160408,12,Tuesday,50
1162,2023-04-20,1769,58,Home,444.2720975630326,2,20,Credit Card,13,4,1,710.8353561008522,4,Thursday,16
1163,2023-07-01,1171,24,Home,27.17246758518076,1,20,Credit Card,14,3,0,21.73797406814461,7,Saturday,26
1164,2023-11-09,1273,40,Electronics,994.0577560795344,4,20,Net Banking,7,5,0,3180.98481945451,11,Thursday,45
1165,2023-01-01,1258,41,Sports,548.1048353532652,4,5,Digital Wallet,6,4,0,2082.798374342408,1,Sunday,52
1166,2023-11-15,2158,22,Fashion,478.89444792976343,4,10,Net Banking,11,3,0,1724.0200125471483,11,Wednesday,46
1167,2023-02-24,1421,22,Fashion,955.0711977890135,4,0,Digital Wallet,4,5,1,3820.284791156054,2,Friday,8
1168,2023-05-29,2444,34,Home,164.30176391120634,1,5,Credit Card,4,5,0,156.086675715646,5,Monday,22
1169,2023-11-05,2209,47,Sports,197.34522651979574,2,15,Net Banking,9,4,0,335.48688508365274,11,Sunday,44
1170,2023-05-17,1363,26,Sports,809.9346015721557,1,15,Digital Wallet,11,5,0,688.4444113363323,5,Wednesday,20
1171,2023-07-21,1377,23,Sports,268.2227692247587,3,15,Net Banking,5,4,0,683.9680615231347,7,Friday,29
1172,2023-11-09,1579,42,Fashion,801.2348352286117,2,10,Credit Card,9,1,0,1442.222703411501,11,Thursday,45
1173,2023-04-27,1890,36,Sports,278.81814807941754,1,15,Net Banking,11,4,0,236.9954258675049,4,Thursday,17
1174,2023-06-03,1721,33,Electronics,42.85575392275147,4,20,Credit Card,12,1,0,137.1384125528047,6,Saturday,22
1175,2023-10-18,2219,38,Books,521.8445766478488,4,15,Credit Card,9,5,0,1774.271560602686,10,Wednesday,42
1176,2023-03-04,1880,19,Sports,204.71956978559277,2,5,Credit Card,4,4,0,388.9671825926262,3,Saturday,9
1177,2023-09-01,2121,27,Books,760.2678300031464,1,15,Digital Wallet,2,5,0,646.2276555026745,9,Friday,35
1178,2023-01-25,1604,33,Fashion,644.7876368998267,2,20,Digital Wallet,2,5,0,1031.6602190397227,1,Wednesday,4
1179,2023-03-31,1021,54,Sports,924.3666412981386,4,15,Debit Card,9,4,0,3142.8465804136713,3,Friday,13
1180,2023-03-16,2473,32,Home,785.1584736930786,1,0,Digital Wallet,9,4,0,785.1584736930786,3,Thursday,11
1181,2023-10-21,2195,30,Fashion,188.96819529231956,4,20,Debit Card,3,4,0,604.6982249354227,10,Saturday,42
1182,2023-07-29,1382,30,Electronics,802.1566542981484,2,10,Net Banking,5,5,0,1443.881977736667,7,Saturday,30
1183,2023-12-13,1133,49,Electronics,645.3196743658831,2,15,Credit Card,5,3,0,1097.0434464220011,12,Wednesday,50
1184,2023-01-17,2449,62,Books,672.2621253430187,2,5,Digital Wallet,2,5,0,1277.2980381517355,1,Tuesday,3
1185,2023-05-08,2048,64,Books,833.9402571104473,2,15,Credit Card,2,4,0,1417.6984370877603,5,Monday,19
1186,2023-12-30,1502,63,Home,578.0858284970509,2,5,Debit Card,10,5,0,1098.3630741443967,12,Saturday,52
1187,2023-09-08,2208,25,Home,471.3434792094828,3,0,Digital Wallet,12,5,0,1414.0304376284485,9,Friday,36
1188,2023-06-28,2108,60,Electronics,640.2746250051407,2,10,Digital Wallet,13,5,0,1152.4943250092533,6,Wednesday,26
1189,2023-07-01,1143,35,Sports,304.9778546687755,2,20,Digital Wallet,1,5,1,487.9645674700408,7,Saturday,26
1190,2023-06-01,2435,53,Electronics,190.7711597762283,4,20,Digital Wallet,2,5,0,610.4677112839306,6,Thursday,22
1191,2023-01-25,1223,43,Electronics,620.421959690534,2,10,Credit Card,14,5,0,1116.7595274429611,1,Wednesday,4
1192,2023-06-29,1219,27,Home,241.5098853946229,1,0,Digital Wallet,11,5,0,241.5098853946229,6,Thursday,26
1193,2023-07-17,1178,48,Books,89.11595825314066,2,0,Debit Card,7,5,0,178.23191650628132,7,Monday,29
1194,2023-12-10,1432,50,Home,10.548642739401375,3,15,Digital Wallet,1,5,0,26.899038985473506,12,Sunday,49
1195,2023-06-10,1264,46,Home,612.2362073860664,2,0,Debit Card,1,3,1,1224.4724147721329,6,Saturday,23
1196,2023-06-26,1953,22,Home,368.52729564543444,4,15,Debit Card,9,4,0,1252.9928051944771,6,Monday,26
1197,2023-10-12,1428,30,Electronics,754.7878609667214,1,5,Credit Card,13,4,0,717.0484679183853,10,Thursday,41
1198,2023-03-04,1415,18,Sports,381.4246343299714,1,10,Digital Wallet,2,5,0,343.28217089697426,3,Saturday,9
1199,2023-05-30,2476,40,Electronics,491.14341375584445,2,5,Debit Card,11,2,0,933.1724861361045,5,Tuesday,22
1200,2023-06-03,1726,57,Fashion,413.01412308723104,2,5,Digital Wallet,4,5,0,784.726833865739,6,Saturday,22
1201,2023-06-05,1196,20,Home,654.0690431982526,2,5,Credit Card,11,4,0,1242.73118207668,6,Monday,23
1202,2023-02-18,2076,20,Home,362.5777703948185,2,5,Credit Card,3,2,0,688.8977637501551,2,Saturday,7
1203,2023-12-03,1479,24,Fashion,964.1299734428858,4,20,Digital Wallet,14,4,0,3085.2159150172347,12,Sunday,48
1204,2023-03-25,2466,53,Home,936.7855167325448,4,0,Debit Card,11,4,0,3747.142066930179,3,Saturday,12
1205,2023-12-27,2353,52,Home,849.5476236307085,1,10,Net Banking,4,5,0,764.5928612676377,12,Wednesday,52
1206,2023-06-26,2274,32,Home,921.0972678670206,2,10,Net Banking,11,4,0,1657.9750821606372,6,Monday,26
1207,2023-05-28,1889,57,Fashion,454.6482915747971,4,5,Credit Card,14,4,0,1727.663507984229,5,Sunday,21
1208,2023-04-28,1924,20,Electronics,541.0660928215972,4,10,Debit Card,11,5,0,1947.83793415775,4,Friday,17
1209,2023-12-08,1122,46,Home,744.671666632662,1,15,Net Banking,7,4,0,632.9709166377627,12,Friday,49
1210,2023-03-04,2410,47,Sports,699.1844656891557,1,10,Debit Card,10,4,0,629.2660191202401,3,Saturday,9
1211,2023-07-08,2362,56,Fashion,891.7718096494161,3,5,Digital Wallet,14,5,1,2541.5496575008356,7,Saturday,27
1212,2023-12-26,1777,35,Books,719.1677169841283,4,10,Credit Card,2,2,0,2589.003781142862,12,Tuesday,52
1213,2023-02-18,1347,28,Fashion,997.9058611461759,1,0,Digital Wallet,2,4,1,997.9058611461759,2,Saturday,7
1214,2023-11-23,1028,60,Electronics,355.0207418332751,4,5,Digital Wallet,9,4,0,1349.0788189664454,11,Thursday,47
1215,2023-09-14,1974,66,Fashion,834.6677648170237,4,20,Digital Wallet,6,4,0,2670.936847414476,9,Thursday,37
1216,2023-08-12,1034,55,Books,700.6584746043376,2,0,Debit Card,11,3,0,1401.3169492086752,8,Saturday,32
1217,2023-05-21,2419,57,Sports,694.4725807628683,2,10,Net Banking,7,3,0,1250.050645373163,5,Sunday,20
1218,2023-08-03,1622,18,Books,332.5772388965489,2,20,Digital Wallet,5,4,0,532.1235822344782,8,Thursday,31
1219,2023-07-30,2317,46,Fashion,787.7457744987923,2,0,Credit Card,13,1,0,1575.4915489975847,7,Sunday,30
1220,2023-11-14,1588,27,Books,901.3722621241232,4,15,Debit Card,5,4,0,3064.6656912220187,11,Tuesday,46
1221,2023-02-01,2372,45,Fashion,226.36297690535733,3,0,Net Banking,4,4,0,679.088930716072,2,Wednesday,5
1222,2023-06-07,2170,48,Sports,629.2418687455371,3,20,Digital Wallet,8,4,0,1510.1804849892892,6,Wednesday,23
1223,2023-10-12,2090,36,Sports,398.21348081174744,3,15,Credit Card,7,1,0,1015.4443760699559,10,Thursday,41
1224,2023-11-01,1903,20,Electronics,989.6526381019283,4,10,Digital Wallet,10,5,0,3562.749497166942,11,Wednesday,44
1225,2023-10-13,1519,53,Sports,484.04448767336476,3,5,Net Banking,2,5,0,1379.5267898690895,10,Friday,41
1226,2023-05-24,1121,60,Home,236.03697205897328,4,10,Net Banking,2,5,0,849.7330994123038,5,Wednesday,21
1227,2023-01-19,1339,32,Books,388.0390489696142,1,5,Digital Wallet,6,5,0,368.63709652113346,1,Thursday,3
1228,2023-01-18,1174,50,Books,657.30000591846,3,5,Digital Wallet,12,5,0,1873.3050168676107,1,Wednesday,3
1229,2023-09-14,1596,58,Fashion,85.3284776360805,4,20,Debit Card,11,5,0,273.05112843545766,9,Thursday,37
1230,2023-03-19,1450,60,Sports,607.5659010190252,1,15,Net Banking,1,4,0,516.4310158661714,3,Sunday,11
1231,2023-06-24,1556,68,Electronics,931.9125115871091,2,15,Net Banking,7,4,0,1584.2512696980855,6,Saturday,25
1232,2023-07-13,2159,62,Electronics,851.859159781272,1,0,Digital Wallet,8,4,0,851.859159781272,7,Thursday,28
1233,2023-04-23,2039,43,Electronics,76.99680129140353,1,10,Credit Card,14,1,0,69.29712116226318,4,Sunday,16
1234,2023-04-24,2356,33,Home,993.4559799516775,3,20,Digital Wallet,10,5,0,2384.294351884026,4,Monday,17
1235,2023-08-10,2218,53,Sports,701.7396544668403,2,10,Digital Wallet,8,5,0,1263.1313780403125,8,Thursday,32
1236,2023-06-15,1008,50,Electronics,170.65801607088346,2,0,Net Banking,3,3,0,341.3160321417669,6,Thursday,24
1237,2023-11-15,1333,37,Home,22.29192827772926,3,0,Debit Card,13,5,1,66.87578483318778,11,Wednesday,46
1238,2023-05-12,2356,30,Books,179.56980992922982,1,20,Digital Wallet,7,4,0,143.65584794338386,5,Friday,19
1239,2023-09-21,2016,50,Fashion,839.7941614788812,4,0,Credit Card,1,5,0,3359.1766459155247,9,Thursday,38
1240,2023-02-24,1326,22,Sports,31.4229316957121,3,20,Credit Card,13,5,0,75.41503606970905,2,Friday,8
1241,2023-12-25,1014,54,Sports,240.8158305819057,1,0,Digital Wallet,11,3,0,240.8158305819057,12,Monday,52
1242,2023-05-11,1838,31,Books,759.7325393815266,4,15,Credit Card,3,5,0,2583.0906338971904,5,Thursday,19
1243,2023-10-15,1225,44,Sports,590.2494305391538,3,20,Credit Card,13,5,0,1416.5986332939692,10,Sunday,41
1244,2023-09-23,2448,40,Sports,784.90835325659,3,15,Digital Wallet,6,5,0,2001.5163008043044,9,Saturday,38
1245,2023-06-11,2431,31,Sports,748.68899878852,2,15,Credit Card,9,4,0,1272.7712979404841,6,Sunday,23
1246,2023-03-28,1112,57,Sports,60.09537325058668,2,20,Credit Card,5,5,0,96.1525972009387,3,Tuesday,13
1247,2023-02-24,2451,21,Home,893.58630490321,2,10,Digital Wallet,13,5,0,1608.4553488257782,2,Friday,8
1248,2023-10-15,1000,56,Home,234.761515939446,4,5,Net Banking,14,5,0,892.0937605698948,10,Sunday,41
1249,2023-06-27,1265,69,Fashion,557.8585158274661,3,0,Debit Card,5,1,0,1673.5755474823984,6,Tuesday,26
1250,2023-12-15,2231,36,Sports,647.845274962501,2,0,Debit Card,9,4,0,1295.690549925002,12,Friday,50
1251,2023-01-08,1951,64,Books,176.94192877624442,2,10,Net Banking,12,5,0,318.49547179724,1,Sunday,1
1252,2023-11-17,2392,21,Electronics,976.4689441339647,3,5,Digital Wallet,9,3,0,2782.936490781799,11,Friday,46
1253,2023-11-09,1305,47,Fashion,493.2743965264359,4,10,Net Banking,6,4,1,1775.7878274951693,11,Thursday,45
1254,2023-09-04,1011,36,Electronics,67.0662686414195,2,5,Debit Card,5,3,0,127.42591041869704,9,Monday,36
1255,2023-11-19,2368,48,Electronics,937.889424330062,1,20,Debit Card,10,4,0,750.3115394640496,11,Sunday,46
1256,2023-09-12,2488,48,Sports,590.4051647613354,4,20,Debit Card,2,1,0,1889.2965272362735,9,Tuesday,37
1257,2023-11-24,2391,26,Books,702.2012660015625,2,15,Debit Card,11,3,0,1193.7421522026564,11,Friday,47
1258,2023-02-23,1936,30,Electronics,529.9240320348819,1,15,Digital Wallet,8,4,0,450.4354272296496,2,Thursday,8
1259,2023-09-06,1419,31,Electronics,836.3905752291979,2,20,Debit Card,12,5,0,1338.2249203667168,9,Wednesday,36
1260,2023-08-27,1888,63,Fashion,42.80212757127879,4,15,Debit Card,8,4,1,145.52723374234787,8,Sunday,34
1261,2023-08-17,1170,27,Books,275.69458162437627,3,20,Digital Wallet,7,4,0,661.666995898503,8,Thursday,33
1262,2023-03-08,1133,65,Books,474.9518728386653,3,10,Net Banking,14,5,0,1282.3700566643963,3,Wednesday,10
1263,2023-02-20,1964,48,Electronics,85.83758015057295,4,0,Digital Wallet,8,4,0,343.3503206022918,2,Monday,8
1264,2023-04-07,2450,54,Books,708.8476026333917,2,20,Debit Card,3,2,0,1134.1561642134268,4,Friday,14
1265,2023-04-02,2048,40,Fashion,399.72677991508436,4,20,Credit Card,3,4,0,1279.12569572827,4,Sunday,13
1266,2023-09-21,2213,44,Fashion,279.9413103654626,1,20,Digital Wallet,2,5,0,223.95304829237008,9,Thursday,38
1267,2023-10-18,2164,23,Fashion,13.34505834032815,2,15,Digital Wallet,1,5,0,22.686599178557852,10,Wednesday,42
1268,2023-04-06,1657,43,Sports,722.6320086324541,4,15,Net Banking,3,2,0,2456.948829350344,4,Thursday,14
1269,2023-03-29,2338,19,Electronics,835.4712157841332,3,15,Debit Card,3,5,0,2130.4516002495393,3,Wednesday,13
1270,2023-03-19,2467,62,Books,401.09013032468346,4,15,Credit Card,7,5,0,1363.7064431039237,3,Sunday,11
1271,2023-10-15,2342,30,Fashion,568.5757972630319,2,10,Digital Wallet,12,1,0,1023.4364350734573,10,Sunday,41
1272,2023-04-30,2464,68,Electronics,235.40975967030244,4,20,Digital Wallet,10,5,0,753.3112309449679,4,Sunday,17
1273,2023-10-29,2115,67,Electronics,625.9756698173318,3,10,Digital Wallet,9,4,0,1690.1343085067958,10,Sunday,43
1274,2023-06-14,1178,36,Sports,22.016083732048518,1,15,Credit Card,12,5,0,18.71367117224124,6,Wednesday,24
1275,2023-07-01,2079,18,Books,493.75745812777086,4,10,Digital Wallet,1,5,0,1777.526849259975,7,Saturday,26
1276,2023-08-11,2178,57,Books,647.7634270222853,4,20,Digital Wallet,8,5,0,2072.842966471313,8,Friday,32
1277,2023-11-07,1110,49,Fashion,919.0098554974367,1,20,Credit Card,1,5,0,735.2078843979493,11,Tuesday,45
1278,2023-01-07,1136,39,Fashion,387.5224589510614,4,15,Digital Wallet,3,5,0,1317.576360433609,1,Saturday,1
1279,2023-11-26,1231,65,Electronics,767.5383009512195,3,20,Credit Card,4,4,0,1842.0919222829268,11,Sunday,47
1280,2023-09-20,1991,46,Books,601.7101596440657,1,10,Net Banking,11,3,0,541.5391436796591,9,Wednesday,38
1281,2023-06-10,1467,19,Books,927.7419917958298,3,5,Credit Card,8,5,0,2644.064676618115,6,Saturday,23
1282,2023-05-31,1731,57,Fashion,404.3938989028363,3,20,Net Banking,13,1,0,970.5453573668073,5,Wednesday,22
1283,2023-03-26,1480,55,Home,325.9043864742581,3,10,Credit Card,1,4,0,879.9418434804969,3,Sunday,12
1284,2023-05-27,2091,65,Electronics,888.2705787072024,2,10,Debit Card,12,4,0,1598.8870416729644,5,Saturday,21
1285,2023-04-22,1813,28,Books,58.75195739420623,1,10,Digital Wallet,2,4,0,52.87676165478561,4,Saturday,16
1286,2023-02-05,2272,34,Sports,145.02153900434004,2,20,Net Banking,11,4,0,232.03446240694407,2,Sunday,5
1287,2023-10-12,1993,68,Sports,91.580390238204,2,5,Digital Wallet,5,5,0,174.0027414525876,10,Thursday,41
1288,2023-07-07,1322,60,Home,844.6788570106386,4,15,Digital Wallet,6,4,0,2871.908113836171,7,Friday,27
1289,2023-03-23,1921,25,Fashion,20.5013491366162,1,15,Credit Card,5,5,0,17.426146766123768,3,Thursday,12
1290,2023-01-02,1903,39,Fashion,863.0405839420777,4,20,Debit Card,13,4,0,2761.7298686146487,1,Monday,1
1291,2023-10-30,2455,21,Fashion,456.7551174175542,2,20,Credit Card,3,5,0,730.8081878680867,10,Monday,44
1292,2023-07-16,1605,28,Sports,13.985026065431041,4,0,Digital Wallet,10,4,0,55.940104261724166,7,Sunday,28
1293,2023-01-11,1428,25,Fashion,407.6287254399214,3,5,Credit Card,7,5,1,1161.741867503776,1,Wednesday,2
1294,2023-08-22,2292,26,Sports,194.93283263458522,2,10,Net Banking,12,1,0,350.8790987422534,8,Tuesday,34
1295,2023-07-14,1147,43,Home,628.1564825974414,3,10,Debit Card,1,5,0,1696.0225030130916,7,Friday,28
1296,2023-04-29,2141,19,Electronics,682.5652020224301,1,15,Digital Wallet,2,1,0,580.1804217190655,4,Saturday,17
1297,2023-01-20,1849,33,Books,492.6522947009498,4,20,Credit Card,11,5,0,1576.4873430430396,1,Friday,3
1298,2023-09-18,1366,48,Home,50.11433018527327,2,5,Net Banking,14,4,0,95.21722735201921,9,Monday,38
1299,2023-10-20,1849,23,Sports,659.5675163235298,1,15,Debit Card,12,4,0,560.6323888750004,10,Friday,42
1300,2023-09-13,2089,38,Home,843.618395769466,3,5,Credit Card,9,4,0,2404.312427942978,9,Wednesday,37
1301,2023-08-10,1812,43,Books,723.1210345531374,4,20,Credit Card,14,5,0,2313.98731057004,8,Thursday,32
1302,2023-08-14,2393,36,Electronics,831.6583397657654,4,10,Digital Wallet,4,3,0,2993.9700231567554,8,Monday,33
1303,2023-02-22,1174,45,Books,208.5044283153786,2,0,Net Banking,8,5,0,417.0088566307572,2,Wednesday,8
1304,2023-12-21,1587,25,Sports,889.9990602599178,4,5,Debit Card,9,5,0,3381.9964289876875,12,Thursday,51
1305,2023-12-08,1494,31,Books,328.97151614148316,4,10,Credit Card,7,1,1,1184.2974581093395,12,Friday,49
1306,2023-12-30,1972,41,Home,23.27076610947112,3,5,Debit Card,1,5,0,66.3216834119927,12,Saturday,52
1307,2023-10-07,2137,65,Fashion,844.95772986578,3,5,Net Banking,5,1,0,2408.129530117473,10,Saturday,40
1308,2023-03-22,2134,61,Home,942.4030562750795,3,5,Digital Wallet,6,5,0,2685.8487103839766,3,Wednesday,12
1309,2023-07-21,2462,54,Sports,659.0026154431753,1,20,Digital Wallet,14,5,0,527.2020923545402,7,Friday,29
1310,2023-06-07,2170,43,Electronics,239.12226415879041,1,15,Digital Wallet,11,5,0,203.25392453497184,6,Wednesday,23
1311,2023-04-30,1034,48,Books,259.2270196397051,4,5,Debit Card,8,4,0,985.0626746308792,4,Sunday,17
1312,2023-02-28,1998,68,Electronics,471.9269447012633,1,20,Debit Card,10,5,0,377.54155576101067,2,Tuesday,9
1313,2023-08-03,2332,49,Sports,898.8527688054053,2,0,Credit Card,13,3,0,1797.7055376108106,8,Thursday,31
1314,2023-05-08,1537,67,Books,158.10167958608278,3,15,Net Banking,8,4,0,403.15928294451106,5,Monday,19
1315,2023-08-12,1749,58,Home,827.713932887652,1,20,Net Banking,13,4,0,662.1711463101217,8,Saturday,32
1316,2023-07-28,2037,19,Home,298.3897806180988,4,0,Net Banking,12,4,0,1193.5591224723953,7,Friday,30
1317,2023-04-25,1373,42,Sports,810.5003077348069,3,15,Debit Card,14,5,0,2066.7757847237576,4,Tuesday,17
1318,2023-07-28,1556,69,Books,921.0684856255233,1,20,Digital Wallet,9,2,0,736.8547885004186,7,Friday,30
1319,2023-01-14,2451,61,Home,433.218933274377,3,0,Net Banking,9,5,1,1299.656799823131,1,Saturday,2
1320,2023-01-09,1232,19,Sports,371.4001475644755,1,20,Credit Card,4,5,0,297.1201180515804,1,Monday,2
1321,2023-02-09,1704,59,Sports,804.1991057815887,4,0,Debit Card,6,5,0,3216.796423126355,2,Thursday,6
1322,2023-08-25,1562,18,Electronics,534.1880535556,1,5,Digital Wallet,3,5,0,507.47865087782003,8,Friday,34
1323,2023-10-08,1938,53,Home,687.6045579785651,1,5,Net Banking,1,5,0,653.2243300796368,10,Sunday,40
1324,2023-12-25,1886,29,Books,626.6009445915678,1,15,Digital Wallet,13,1,0,532.6108029028326,12,Monday,52
1325,2023-07-20,1725,26,Home,161.35995718834835,3,0,Credit Card,13,5,0,484.07987156504504,7,Thursday,29
1326,2023-09-03,2463,53,Home,846.3424566866661,1,5,Net Banking,6,4,0,804.0253338523328,9,Sunday,35
1327,2023-10-05,2298,58,Home,203.81736029900483,1,15,Net Banking,1,3,0,173.2447562541541,10,Thursday,40
1328,2023-08-23,1075,45,Sports,932.959322630073,1,10,Digital Wallet,9,4,1,839.6633903670656,8,Wednesday,34
1329,2023-01-04,1438,55,Fashion,258.0655785079264,3,5,Debit Card,11,5,0,735.4868987475901,1,Wednesday,1
1330,2023-06-03,1698,50,Fashion,736.5421635410045,4,5,Digital Wallet,6,4,0,2798.860221455817,6,Saturday,22
1331,2023-01-29,2312,59,Electronics,291.80883955865613,4,20,Credit Card,1,4,0,933.7882865876996,1,Sunday,4
1332,2023-04-19,1914,63,Home,324.60755450099526,4,10,Digital Wallet,11,4,0,1168.587196203583,4,Wednesday,16
1333,2023-04-08,1890,39,Fashion,316.90183425448225,1,0,Digital Wallet,13,2,0,316.90183425448225,4,Saturday,14
1334,2023-08-03,1691,42,Electronics,750.4133314858225,3,15,Net Banking,3,5,0,1913.553995288847,8,Thursday,31
1335,2023-10-20,1252,35,Sports,561.2469667896992,4,10,Debit Card,1,5,0,2020.4890804429172,10,Friday,42
1336,2023-03-16,2149,23,Home,884.1229312890222,4,0,Debit Card,2,5,1,3536.4917251560887,3,Thursday,11
1337,2023-11-22,2200,35,Books,314.2989920120044,4,5,Debit Card,6,4,1,1194.3361696456168,11,Wednesday,47
1338,2023-05-26,2060,69,Sports,695.0725968361769,2,15,Debit Card,7,4,0,1181.6234146215006,5,Friday,21
1339,2023-05-08,1409,33,Electronics,755.4191136664796,3,15,Digital Wallet,1,4,0,1926.318739849523,5,Monday,19
1340,2023-12-07,1126,32,Sports,159.9672918996586,2,10,Net Banking,10,5,0,287.94112541938546,12,Thursday,49
1341,2023-02-11,2191,65,Books,406.58346374661306,1,20,Net Banking,5,4,0,325.26677099729045,2,Saturday,6
1342,2023-12-22,1591,25,Sports,487.989319406907,4,0,Debit Card,6,4,0,1951.957277627628,12,Friday,51
1343,2023-02-10,1293,30,Electronics,362.1305159954306,1,10,Digital Wallet,4,4,0,325.9174643958875,2,Friday,6
1344,2023-02-03,2366,60,Books,328.8914700094467,3,20,Debit Card,6,1,0,789.3395280226722,2,Friday,5
1345,2023-01-17,2019,24,Books,689.5556950576655,1,20,Debit Card,5,3,0,551.6445560461324,1,Tuesday,3
1346,2023-06-14,1309,34,Sports,223.7077336828937,1,20,Net Banking,13,5,0,178.96618694631496,6,Wednesday,24
1347,2023-06-02,1661,67,Books,712.2968377986175,4,15,Net Banking,13,5,0,2421.8092485152993,6,Friday,22
1348,2023-03-17,1527,49,Sports,935.6937544268233,3,0,Debit Card,11,4,0,2807.08126328047,3,Friday,11
1349,2023-03-28,1539,39,Home,569.5455459659736,1,0,Digital Wallet,7,4,0,569.5455459659736,3,Tuesday,13
1350,2023-04-27,1418,68,Books,615.3198943720793,2,10,Debit Card,13,4,0,1107.5758098697427,4,Thursday,17
1351,2023-12-28,1443,30,Sports,78.24337510284819,4,5,Net Banking,4,5,0,297.3248253908231,12,Thursday,52
1352,2023-12-08,1684,64,Home,865.8321345816499,2,10,Net Banking,1,5,0,1558.4978422469699,12,Friday,49
1353,2023-01-27,1839,40,Books,292.59330932786685,4,0,Digital Wallet,2,5,0,1170.3732373114674,1,Friday,4
1354,2023-11-09,1235,46,Home,618.9006538732792,1,15,Debit Card,6,3,0,526.0655557922873,11,Thursday,45
1355,2023-10-14,2462,39,Books,979.3210480473543,4,10,Debit Card,14,5,0,3525.5557729704756,10,Saturday,41
1356,2023-05-14,1213,18,Electronics,599.5475745670797,1,5,Credit Card,13,5,0,569.5701958387257,5,Sunday,19
1357,2023-08-07,1084,46,Electronics,727.4623925897338,2,10,Debit Card,10,5,0,1309.432306661521,8,Monday,32
1358,2023-06-17,1793,65,Sports,450.86642204151434,1,20,Digital Wallet,13,4,0,360.6931376332115,6,Saturday,24
1359,2023-04-08,1084,22,Fashion,69.76218507990679,4,5,Net Banking,11,5,0,265.09630330364575,4,Saturday,14
1360,2023-09-25,1064,52,Electronics,799.6233559948906,4,20,Credit Card,2,5,0,2558.79473918365,9,Monday,39
1361,2023-08-25,1662,27,Fashion,44.648852851345815,4,15,Digital Wallet,13,4,0,151.80609969457578,8,Friday,34
1362,2023-11-05,1626,36,Home,703.6512505989756,2,0,Digital Wallet,5,3,0,1407.3025011979512,11,Sunday,44
1363,2023-06-22,1063,54,Home,32.692357418140574,3,10,Credit Card,12,5,0,88.26936502897955,6,Thursday,25
1364,2023-07-09,2366,24,Fashion,863.6821842109039,2,10,Debit Card,4,5,0,1554.627931579627,7,Sunday,27
1365,2023-05-02,1938,63,Sports,166.0596754746508,1,20,Credit Card,7,5,0,132.84774037972065,5,Tuesday,18
1366,2023-02-15,1918,52,Books,519.1287804881256,1,20,Digital Wallet,4,4,1,415.30302439050047,2,Wednesday,7
1367,2023-03-05,2375,62,Fashion,601.1791974383159,2,0,Debit Card,7,5,0,1202.3583948766318,3,Sunday,9
1368,2023-05-10,2181,30,Fashion,462.96995329967797,2,10,Net Banking,11,1,0,833.3459159394204,5,Wednesday,19
1369,2023-11-06,1490,27,Fashion,347.35585445539834,1,0,Credit Card,8,5,1,347.35585445539834,11,Monday,45
1370,2023-12-29,2486,19,Fashion,473.136153219162,1,20,Digital Wallet,7,1,0,378.5089225753296,12,Friday,52
1371,2023-07-12,2248,23,Fashion,318.3015963423471,1,20,Debit Card,2,4,0,254.64127707387772,7,Wednesday,28
1372,2023-11-03,1312,25,Sports,443.74112361005456,3,5,Digital Wallet,11,2,0,1264.6622022886554,11,Friday,44
1373,2023-06-30,1614,53,Electronics,365.32386108805036,3,20,Debit Card,1,5,0,876.777266611321,6,Friday,26
1374,2023-10-19,1918,42,Books,570.5427752720739,2,20,Debit Card,5,4,1,912.8684404353182,10,Thursday,42
1375,2023-10-09,1812,61,Electronics,245.54492062253362,2,0,Credit Card,13,5,0,491.08984124506725,10,Monday,41
1376,2023-01-29,1939,64,Fashion,988.7699893648723,3,5,Net Banking,13,4,0,2817.994469689886,1,Sunday,4
1377,2023-05-29,2489,57,Electronics,505.8612538483439,4,5,Debit Card,12,4,0,1922.2727646237067,5,Monday,22
1378,2023-09-24,2111,24,Sports,202.22045664036455,3,10,Digital Wallet,13,4,0,545.9952329289843,9,Sunday,38
1379,2023-10-23,2326,63,Home,482.29608207159976,2,15,Debit Card,7,2,1,819.9033395217195,10,Monday,43
1380,2023-01-11,1679,40,Electronics,867.750978229576,3,10,Net Banking,12,4,0,2342.9276412198556,1,Wednesday,2
1381,2023-06-13,1434,36,Books,31.58872519315164,4,10,Digital Wallet,1,5,0,113.7194106953459,6,Tuesday,24
1382,2023-04-23,1681,63,Sports,682.7585779162159,2,10,Debit Card,11,4,0,1228.9654402491888,4,Sunday,16
1383,2023-07-06,2158,39,Home,552.4881188259887,1,5,Debit Card,8,2,0,524.8637128846893,7,Thursday,27
1384,2023-10-22,2073,30,Sports,177.86241442643416,2,0,Credit Card,3,5,0,355.7248288528683,10,Sunday,42
1385,2023-08-20,2455,38,Fashion,819.3016749118715,3,20,Net Banking,7,2,0,1966.3240197884916,8,Sunday,33
1386,2023-08-15,1339,18,Home,375.1957761502656,3,5,Debit Card,3,5,0,1069.307962028257,8,Tuesday,33
1387,2023-11-06,1346,36,Books,300.8640085273524,4,20,Net Banking,4,5,0,962.7648272875276,11,Monday,45
1388,2023-04-08,1645,50,Home,829.843939938332,3,20,Debit Card,8,4,0,1991.625455851997,4,Saturday,14
1389,2023-02-24,2370,21,Books,642.139795729748,4,15,Digital Wallet,14,5,0,2183.2753054811433,2,Friday,8
1390,2023-04-21,1648,59,Fashion,899.2764928380761,2,10,Net Banking,14,5,0,1618.6976871085371,4,Friday,16
1391,2023-06-01,1244,20,Books,633.5848666344874,3,15,Digital Wallet,2,4,0,1615.641409917943,6,Thursday,22
1392,2023-09-03,1108,44,Sports,743.4094813527942,2,10,Net Banking,6,5,0,1338.1370664350295,9,Sunday,35
1393,2023-03-10,1532,69,Electronics,838.0814372970167,1,5,Digital Wallet,10,4,0,796.1773654321659,3,Friday,10
1394,2023-11-08,2113,58,Sports,64.19223955083754,1,20,Debit Card,9,4,0,51.35379164067004,11,Wednesday,45
1395,2023-10-16,1295,52,Sports,778.2884692806865,4,15,Digital Wallet,10,5,0,2646.180795554334,10,Monday,42
1396,2023-09-07,1111,45,Home,617.569417031081,3,5,Digital Wallet,9,5,0,1760.0728385385808,9,Thursday,36
1397,2023-02-05,2200,23,Fashion,78.8127185500413,2,5,Debit Card,5,5,0,149.74416524507845,2,Sunday,5
1398,2023-08-27,1342,23,Electronics,513.492142650028,2,10,Net Banking,3,5,0,924.2858567700504,8,Sunday,34
1399,2023-05-28,1100,61,Books,91.63349720411435,3,20,Digital Wallet,6,4,1,219.92039328987445,5,Sunday,21
1400,2023-08-15,1628,40,Home,738.5877297059901,2,10,Credit Card,12,5,0,1329.4579134707822,8,Tuesday,33
1401,2023-09-01,2424,50,Fashion,551.0366967589042,3,10,Credit Card,9,5,0,1487.7990812490414,9,Friday,35
1402,2023-12-03,1027,33,Electronics,954.0378020381744,3,5,Digital Wallet,6,5,0,2719.007735808797,12,Sunday,48
1403,2023-12-31,1936,41,Sports,191.30401785605216,1,10,Digital Wallet,4,5,0,172.17361607044694,12,Sunday,52
1404,2023-07-20,1057,22,Fashion,609.9731179951747,3,0,Digital Wallet,12,5,1,1829.9193539855241,7,Thursday,29
1405,2023-06-03,1296,58,Fashion,219.46631322478643,2,20,Net Banking,11,3,0,351.1461011596583,6,Saturday,22
1406,2023-03-14,1133,59,Fashion,617.9243348801243,3,10,Debit Card,13,4,0,1668.3957041763358,3,Tuesday,11
1407,2023-07-20,2354,30,Sports,725.4232053372479,1,10,Credit Card,5,5,1,652.880884803523,7,Thursday,29
1408,2023-10-23,1248,64,Books,725.0812860362432,1,15,Credit Card,7,5,0,616.3190931308068,10,Monday,43
1409,2023-01-17,2020,29,Home,816.9232507757838,4,20,Net Banking,10,5,0,2614.1544024825084,1,Tuesday,3
1410,2023-05-09,1549,22,Books,855.0147256787335,2,20,Digital Wallet,14,4,0,1368.0235610859736,5,Tuesday,19
1411,2023-08-05,1901,54,Electronics,86.49900900450527,3,10,Digital Wallet,13,4,0,233.5473243121642,8,Saturday,31
1412,2023-03-02,2098,48,Home,349.83448550168004,2,0,Debit Card,3,3,0,699.6689710033601,3,Thursday,9
1413,2023-04-14,1833,45,Electronics,690.2512951562077,2,15,Debit Card,14,5,0,1173.427201765553,4,Friday,15
1414,2023-02-11,2191,45,Sports,503.60042451730004,3,0,Credit Card,12,3,0,1510.8012735519,2,Saturday,6
1415,2023-01-25,1770,47,Books,198.76918728724357,1,10,Debit Card,9,5,0,178.89226855851922,1,Wednesday,4
1416,2023-02-08,2378,35,Fashion,557.182474465031,2,20,Credit Card,1,5,0,891.4919591440496,2,Wednesday,6
1417,2023-10-18,2248,61,Home,413.36129623848234,4,20,Net Banking,8,4,0,1322.7561479631436,10,Wednesday,42
1418,2023-05-11,1145,44,Fashion,396.13789487776205,2,0,Digital Wallet,5,3,0,792.2757897555241,5,Thursday,19
1419,2023-08-17,2264,52,Electronics,811.6561802613072,1,5,Digital Wallet,10,1,0,771.0733712482419,8,Thursday,33
1420,2023-04-18,1892,43,Fashion,413.52235049385945,4,10,Credit Card,9,4,0,1488.6804617778942,4,Tuesday,16
1421,2023-06-21,1343,56,Fashion,36.189960425619915,4,20,Digital Wallet,2,4,0,115.80787336198374,6,Wednesday,25
1422,2023-04-12,2058,66,Sports,67.48270550218037,4,5,Net Banking,1,4,0,256.43428090828536,4,Wednesday,15
1423,2023-12-20,1701,68,Sports,857.6816012747041,4,20,Debit Card,10,5,0,2744.5811240790536,12,Wednesday,51
1424,2023-01-12,1000,35,Books,960.994801912396,3,20,Net Banking,7,4,0,2306.3875245897507,1,Thursday,2
1425,2023-10-02,1152,50,Electronics,691.5252430911505,3,5,Digital Wallet,10,5,0,1970.846942809779,10,Monday,40
1426,2023-04-11,1428,42,Sports,370.7246111590794,3,0,Net Banking,12,5,0,1112.1738334772383,4,Tuesday,15
1427,2023-02-13,1507,48,Sports,939.2143126367802,4,10,Digital Wallet,11,4,1,3381.171525492409,2,Monday,7
1428,2023-11-01,2149,54,Books,666.1750555119785,1,5,Credit Card,9,5,0,632.8663027363796,11,Wednesday,44
1429,2023-01-17,1490,19,Home,845.8902137073443,2,5,Debit Card,14,3,0,1607.191406043954,1,Tuesday,3
1430,2023-11-26,1344,50,Books,768.1937809966392,4,20,Debit Card,5,4,0,2458.220099189246,11,Sunday,47
1431,2023-02-26,1220,56,Fashion,385.3479226148665,1,5,Digital Wallet,11,5,0,366.08052648412314,2,Sunday,8
1432,2023-11-07,1722,60,Fashion,483.91517884227767,2,10,Digital Wallet,4,4,0,871.0473219160998,11,Tuesday,45
1433,2023-10-30,2048,60,Sports,194.2708328244185,4,0,Debit Card,4,1,1,777.083331297674,10,Monday,44
1434,2023-01-12,1527,49,Sports,299.0939594363267,2,0,Net Banking,12,4,0,598.1879188726534,1,Thursday,2
1435,2023-11-14,2205,35,Books,780.3444046736565,3,0,Net Banking,13,5,0,2341.0332140209694,11,Tuesday,46
1436,2023-03-21,1840,34,Books,895.0386079642772,3,10,Net Banking,8,3,0,2416.6042415035486,3,Tuesday,12
1437,2023-08-04,2065,51,Electronics,727.2158190188977,3,20,Debit Card,1,5,0,1745.317965645355,8,Friday,31
1438,2023-12-05,1480,56,Fashion,470.5219596900719,1,10,Credit Card,1,5,0,423.46976372106474,12,Tuesday,49
1439,2023-09-21,1929,24,Books,95.64417625035006,3,5,Digital Wallet,8,3,0,272.5859023134977,9,Thursday,38
1440,2023-05-29,1871,59,Home,66.37846921146374,1,15,Digital Wallet,2,4,0,56.42169882974417,5,Monday,22
1441,2023-03-22,2462,52,Electronics,380.5823089667253,3,15,Debit Card,10,3,0,970.4848878651494,3,Wednesday,12
1442,2023-08-03,2425,47,Books,469.18350157998645,3,15,Credit Card,6,1,0,1196.4179290289653,8,Thursday,31
1443,2023-07-17,1344,29,Sports,613.0294159911639,3,0,Debit Card,2,3,0,1839.0882479734917,7,Monday,29
1444,2023-07-19,1044,52,Books,16.424626173127237,1,10,Net Banking,5,4,0,14.782163555814513,7,Wednesday,29
1445,2023-01-25,1020,28,Sports,989.8256615616433,2,10,Net Banking,3,3,0,1781.686190810958,1,Wednesday,4
1446,2023-03-30,2093,61,Sports,370.2994945700025,1,0,Digital Wallet,7,2,0,370.2994945700025,3,Thursday,13
1447,2023-09-25,1872,21,Fashion,849.6137171631102,4,5,Digital Wallet,9,5,0,3228.5321252198187,9,Monday,39
1448,2023-05-23,1047,42,Fashion,539.6170386087504,4,15,Digital Wallet,2,4,0,1834.6979312697513,5,Tuesday,21
1449,2023-02-28,1550,65,Books,139.135059988013,1,15,Digital Wallet,7,5,0,118.26480098981105,2,Tuesday,9
1450,2023-12-31,1286,49,Books,799.5898970091766,1,0,Net Banking,13,3,0,799.5898970091766,12,Sunday,52
1451,2023-01-26,2001,37,Home,712.7288041706773,2,15,Net Banking,13,5,0,1211.6389670901515,1,Thursday,4
1452,2023-02-16,2033,67,Electronics,532.1617240799358,1,20,Credit Card,8,5,1,425.72937926394866,2,Thursday,7
1453,2023-10-15,1541,48,Electronics,519.4075604204422,3,10,Digital Wallet,14,1,0,1402.400413135194,10,Sunday,41
1454,2023-09-23,1755,21,Books,96.60480969341877,2,15,Debit Card,10,5,0,164.22817647881192,9,Saturday,38
1455,2023-01-16,1273,55,Fashion,659.2904590881353,1,15,Credit Card,8,4,1,560.396890224915,1,Monday,3
1456,2023-07-18,1955,64,Home,912.1327041967568,1,20,Credit Card,7,5,0,729.7061633574054,7,Tuesday,29
1457,2023-10-09,1599,18,Electronics,102.31247002914478,4,5,Net Banking,14,5,0,388.7873861107501,10,Monday,41
1458,2023-03-27,1380,20,Books,270.8763361424159,2,5,Digital Wallet,12,4,0,514.6650386705901,3,Monday,13
1459,2023-09-07,2352,54,Fashion,903.2848937076778,4,20,Credit Card,4,5,0,2890.511659864569,9,Thursday,36
1460,2023-09-27,1478,39,Fashion,291.5004707215954,1,5,Digital Wallet,4,5,0,276.9254471855156,9,Wednesday,39
1461,2023-12-01,1014,34,Fashion,657.4042354581271,2,0,Net Banking,10,4,0,1314.8084709162542,12,Friday,48
1462,2023-04-27,1515,31,Sports,539.4699832937127,3,20,Credit Card,13,5,0,1294.7279599049107,4,Thursday,17
1463,2023-01-07,1190,58,Fashion,600.3643289538235,1,10,Credit Card,13,5,0,540.3278960584412,1,Saturday,1
1464,2023-05-17,2191,52,Books,421.6310125614806,1,10,Debit Card,9,1,0,379.46791130533256,5,Wednesday,20
1465,2023-06-25,1620,30,Home,306.991555848174,4,10,Net Banking,12,5,0,1105.1696010534265,6,Sunday,25
1466,2023-11-24,2160,52,Books,58.04811622237228,3,15,Debit Card,10,4,0,148.02269636704932,11,Friday,47
1467,2023-11-11,1153,60,Fashion,746.8381299012225,1,20,Net Banking,9,5,0,597.470503920978,11,Saturday,45
1468,2023-08-03,2411,19,Home,748.6325275722845,4,20,Debit Card,5,4,0,2395.6240882313105,8,Thursday,31
1469,2023-03-23,2232,64,Electronics,674.0184826779359,4,5,Net Banking,7,5,0,2561.2702341761565,3,Thursday,12
1470,2023-08-11,1271,30,Electronics,647.1974502384244,1,20,Net Banking,7,5,0,517.7579601907395,8,Friday,32
1471,2023-04-13,1142,68,Books,251.27996084585095,2,20,Credit Card,9,5,0,402.04793735336153,4,Thursday,15
1472,2023-09-30,2092,33,Home,32.12148442862829,1,5,Debit Card,12,5,0,30.515410207196876,9,Saturday,39
1473,2023-01-14,1246,35,Books,810.6282429165854,3,20,Debit Card,7,4,0,1945.507782999805,1,Saturday,2
1474,2023-06-08,2284,24,Home,496.2271503388686,1,20,Debit Card,8,2,0,396.9817202710949,6,Thursday,23
1475,2023-06-01,1787,62,Home,313.76974939559216,2,0,Credit Card,7,5,0,627.5394987911843,6,Thursday,22
1476,2023-04-18,1078,53,Books,110.91258771276436,4,5,Digital Wallet,11,4,0,421.46783330850457,4,Tuesday,16
1477,2023-07-07,1622,58,Home,72.09437499237453,3,0,Net Banking,4,4,0,216.28312497712358,7,Friday,27
1478,2023-10-28,1524,47,Fashion,355.37805457722556,3,15,Debit Card,12,5,0,906.214039171925,10,Saturday,43
1479,2023-04-08,1771,59,Home,806.689694119271,3,5,Net Banking,2,5,0,2299.0656282399227,4,Saturday,14
1480,2023-05-11,1937,58,Home,919.5365118404922,3,20,Credit Card,3,4,0,2206.8876284171815,5,Thursday,19
1481,2023-10-20,2353,24,Books,897.7838509669341,2,20,Net Banking,7,5,0,1436.4541615470946,10,Friday,42
1482,2023-06-20,2212,32,Electronics,920.8008264021583,2,0,Credit Card,14,5,0,1841.6016528043167,6,Tuesday,25
1483,2023-07-02,2118,57,Sports,908.6480896980493,2,0,Digital Wallet,11,5,0,1817.2961793960985,7,Sunday,26
1484,2023-12-30,1616,36,Home,531.9525040843919,2,15,Debit Card,11,5,0,904.3192569434661,12,Saturday,52
1485,2023-02-08,2031,60,Sports,227.2214821713348,4,15,Credit Card,13,3,0,772.5530393825383,2,Wednesday,6
1486,2023-01-15,1066,54,Home,800.0661170084522,1,20,Net Banking,9,5,0,640.0528936067618,1,Sunday,2
1487,2023-01-04,1190,19,Books,221.57584510405323,2,10,Credit Card,13,4,0,398.83652118729583,1,Wednesday,1
1488,2023-12-15,2389,59,Books,274.5352039890034,1,15,Credit Card,14,5,0,233.35492339065286,12,Friday,50
1489,2023-07-29,1767,65,Home,240.92177860432298,3,20,Digital Wallet,11,5,0,578.2122686503752,7,Saturday,30
1490,2023-06-10,1520,30,Books,519.8325796588477,4,15,Debit Card,2,3,0,1767.4307708400822,6,Saturday,23
1491,2023-01-16,1989,57,Books,328.6092330873891,4,5,Credit Card,14,5,0,1248.7150857320785,1,Monday,3
1492,2023-04-18,2140,58,Home,162.61448912908804,1,0,Credit Card,7,5,0,162.61448912908804,4,Tuesday,16
1493,2023-11-07,1266,60,Electronics,458.64167777494356,1,20,Net Banking,4,5,0,366.91334221995487,11,Tuesday,45
1494,2023-08-15,1484,60,Home,875.1681663973153,1,15,Credit Card,7,4,0,743.892941437718,8,Tuesday,33
1495,2023-06-19,2321,48,Electronics,574.8473264004725,4,0,Credit Card,12,5,0,2299.38930560189,6,Monday,25
1496,2023-02-03,2187,33,Books,879.5522498287112,2,10,Debit Card,5,5,0,1583.1940496916802,2,Friday,5
1497,2023-09-08,1375,59,Electronics,203.91346322834602,4,15,Debit Card,7,5,0,693.3057749763765,9,Friday,36
1498,2023-09-04,1652,61,Books,175.30413493582847,2,20,Net Banking,6,5,0,280.4866158973256,9,Monday,36
1499,2023-09-26,2291,23,Electronics,579.821354441436,3,5,Credit Card,13,5,0,1652.4908601580926,9,Tuesday,39
1500,2023-05-21,1548,45,Electronics,468.6956125308103,2,0,Credit Card,2,5,0,937.3912250616206,5,Sunday,20
1501,2023-10-01,2097,49,Home,663.5709152304873,1,0,Credit Card,12,4,0,663.5709152304873,10,Sunday,39
1502,2023-04-06,1072,61,Electronics,796.6805231165138,2,5,Digital Wallet,7,5,0,1513.692993921376,4,Thursday,14
1503,2023-08-15,1307,27,Books,753.7942226956548,2,20,Digital Wallet,5,5,0,1206.0707563130477,8,Tuesday,33
1504,2023-02-08,1198,67,Home,942.8385619219755,4,10,Net Banking,9,5,0,3394.218822919112,2,Wednesday,6
1505,2023-10-29,2153,35,Electronics,404.27384506544144,1,5,Digital Wallet,13,4,0,384.06015281216935,10,Sunday,43
1506,2023-01-29,1571,21,Home,214.32287482569896,3,10,Net Banking,13,4,0,578.6717620293872,1,Sunday,4
1507,2023-11-14,1790,26,Sports,555.4035135484069,2,20,Credit Card,11,1,0,888.645621677451,11,Tuesday,46
1508,2023-09-02,2174,24,Home,119.63568898927375,3,15,Digital Wallet,1,5,0,305.07100692264805,9,Saturday,35
1509,2023-08-24,2229,67,Sports,295.9626120983151,1,15,Debit Card,1,4,0,251.56822028356783,8,Thursday,34
1510,2023-07-04,1178,25,Sports,215.80917471051302,2,20,Digital Wallet,2,4,0,345.29467953682087,7,Tuesday,27
1511,2023-09-29,1196,60,Home,402.5980796291101,4,10,Credit Card,8,5,0,1449.3530866647964,9,Friday,39
1512,2023-08-24,1734,24,Books,120.10440925219322,3,5,Debit Card,11,4,0,342.29756636875067,8,Thursday,34
1513,2023-08-27,1088,58,Books,41.523327102616875,4,20,Net Banking,9,5,0,132.87464672837402,8,Sunday,34
1514,2023-09-23,1798,57,Books,660.2260645837315,3,20,Credit Card,11,5,0,1584.5425550009559,9,Saturday,38
1515,2023-12-25,2457,20,Fashion,614.1464885069068,1,15,Debit Card,11,5,0,522.0245152308709,12,Monday,52
1516,2023-12-06,1787,34,Sports,711.2753466782746,2,5,Digital Wallet,12,2,0,1351.4231586887215,12,Wednesday,49
1517,2023-03-06,1747,19,Home,663.7825758686305,3,15,Net Banking,7,4,0,1692.6455684650077,3,Monday,10
1518,2023-06-26,2206,32,Books,123.15173433095967,4,10,Digital Wallet,1,4,0,443.3462435914548,6,Monday,26
1519,2023-01-03,1208,63,Books,298.16809256188986,3,10,Debit Card,12,5,0,805.0538499171028,1,Tuesday,1
1520,2023-05-22,1492,46,Home,138.23134380134883,3,0,Debit Card,7,4,0,414.6940314040465,5,Monday,21
1521,2023-06-07,2153,67,Sports,844.5426780280775,3,20,Credit Card,13,4,0,2026.902427267386,6,Wednesday,23
1522,2023-11-20,1664,65,Home,749.4346188019681,3,5,Net Banking,8,5,0,2135.888663585609,11,Monday,47
1523,2023-05-26,2036,69,Fashion,209.51173288906,3,5,Net Banking,7,3,0,597.108438733821,5,Friday,21
1524,2023-10-20,1870,39,Fashion,347.8961480849945,3,15,Debit Card,13,5,0,887.135177616736,10,Friday,42
1525,2023-06-02,1731,21,Home,966.9488423415721,4,15,Credit Card,12,5,0,3287.626063961345,6,Friday,22
1526,2023-07-12,2129,69,Sports,598.2177643008549,3,5,Debit Card,5,3,0,1704.9206282574364,7,Wednesday,28
1527,2023-03-14,2398,23,Books,803.1440413281457,3,15,Debit Card,12,5,0,2048.0173053867716,3,Tuesday,11
1528,2023-11-01,1697,55,Fashion,271.94512442104184,3,0,Net Banking,7,5,0,815.8353732631256,11,Wednesday,44
1529,2023-12-10,2122,43,Fashion,217.95239097751215,2,20,Digital Wallet,10,4,0,348.7238255640195,12,Sunday,49
1530,2023-05-20,1593,28,Sports,786.0777595580829,1,0,Digital Wallet,11,4,0,786.0777595580829,5,Saturday,20
1531,2023-07-06,1885,43,Fashion,689.0137306791257,1,10,Net Banking,2,5,0,620.1123576112132,7,Thursday,27
1532,2023-10-20,1851,34,Fashion,684.1681499196461,1,5,Credit Card,9,4,0,649.9597424236638,10,Friday,42
1533,2023-03-02,2215,41,Sports,557.1082360109019,4,0,Net Banking,2,5,1,2228.4329440436077,3,Thursday,9
1534,2023-07-17,1324,45,Home,567.9425593487833,4,0,Credit Card,2,5,0,2271.7702373951333,7,Monday,29
1535,2023-10-22,1978,52,Books,738.3405302531912,4,15,Net Banking,5,3,0,2510.35780286085,10,Sunday,42
1536,2023-11-15,1955,48,Books,277.3024563099833,3,15,Credit Card,14,5,0,707.1212635904574,11,Wednesday,46
1537,2023-10-29,2490,30,Fashion,359.24078119838623,1,15,Debit Card,8,4,0,305.3546640186283,10,Sunday,43
1538,2023-12-10,1893,52,Books,872.9204028148545,3,10,Debit Card,6,4,1,2356.8850876001075,12,Sunday,49
1539,2023-01-11,2390,33,Home,315.7765490020362,2,0,Credit Card,12,5,0,631.5530980040724,1,Wednesday,2
1540,2023-03-03,2341,32,Fashion,550.8464756655061,1,20,Net Banking,9,2,0,440.6771805324049,3,Friday,9
1541,2023-11-29,1143,60,Books,705.6130693666172,2,15,Debit Card,6,5,0,1199.5422179232492,11,Wednesday,48
1542,2023-08-14,1383,35,Electronics,999.9255785648447,2,10,Net Banking,5,5,0,1799.8660414167205,8,Monday,33
1543,2023-06-02,1215,64,Electronics,440.9384181803786,3,10,Digital Wallet,1,4,0,1190.5337290870223,6,Friday,22
1544,2023-07-18,2384,54,Electronics,433.81194785869434,1,15,Debit Card,8,4,0,368.74015567989017,7,Tuesday,29
1545,2023-02-21,1323,65,Electronics,844.1624956393308,2,5,Net Banking,3,4,0,1603.9087417147284,2,Tuesday,8
1546,2023-09-17,2038,65,Electronics,807.4480801472647,1,0,Net Banking,12,5,0,807.4480801472647,9,Sunday,37
1547,2023-02-28,1216,66,Fashion,733.765122917203,2,15,Digital Wallet,13,3,0,1247.400708959245,2,Tuesday,9
1548,2023-03-13,1950,58,Sports,468.5973410349386,2,20,Net Banking,2,4,0,749.7557456559018,3,Monday,11
1549,2023-05-28,1182,44,Sports,330.69972895910865,3,0,Credit Card,7,5,0,992.099186877326,5,Sunday,21
1550,2023-12-15,1269,52,Fashion,612.6431777590002,1,10,Debit Card,11,4,0,551.3788599831001,12,Friday,50
1551,2023-03-04,1944,69,Fashion,877.4610602003245,3,20,Credit Card,2,2,0,2105.906544480779,3,Saturday,9
1552,2023-11-06,2490,62,Home,884.9396836265007,3,0,Digital Wallet,14,5,0,2654.8190508795024,11,Monday,45
1553,2023-08-31,1869,52,Sports,117.41336161973405,3,20,Credit Card,1,4,0,281.7920678873617,8,Thursday,35
1554,2023-11-26,1466,45,Electronics,434.0667809750191,3,10,Net Banking,11,4,0,1171.9803086325517,11,Sunday,47
1555,2023-04-17,1304,56,Fashion,470.07473663676194,3,15,Digital Wallet,13,3,0,1198.690578423743,4,Monday,16
1556,2023-08-14,2167,55,Electronics,977.8392138485157,2,20,Digital Wallet,2,5,0,1564.542742157625,8,Monday,33
1557,2023-11-09,1110,26,Sports,681.2180350901587,1,15,Credit Card,6,4,0,579.0353298266349,11,Thursday,45
1558,2023-08-06,2013,29,Books,413.17395308944987,1,10,Digital Wallet,2,1,1,371.8565577805049,8,Sunday,31
1559,2023-08-29,1231,32,Books,35.79730712573707,3,10,Credit Card,1,4,0,96.6527292394901,8,Tuesday,35
1560,2023-09-16,1594,38,Fashion,569.7313084982039,1,20,Credit Card,1,5,0,455.78504679856314,9,Saturday,37
1561,2023-09-19,2296,69,Home,105.11521588197256,2,20,Credit Card,14,3,0,168.1843454111561,9,Tuesday,38
1562,2023-01-05,1172,52,Electronics,836.1054577742855,3,10,Digital Wallet,4,1,1,2257.484735990571,1,Thursday,1
1563,2023-09-18,1972,59,Fashion,754.9934739646585,4,20,Digital Wallet,8,5,0,2415.979116686907,9,Monday,38
1564,2023-02-23,2030,50,Home,465.90406830909694,4,20,Debit Card,6,4,0,1490.8930185891104,2,Thursday,8
1565,2023-02-16,2178,68,Electronics,434.9186717462827,2,20,Credit Card,4,5,0,695.8698747940524,2,Thursday,7
1566,2023-08-03,1545,36,Sports,898.365575913081,2,20,Credit Card,6,5,0,1437.3849214609297,8,Thursday,31
1567,2023-06-26,1547,40,Books,295.5737669139471,4,0,Credit Card,6,3,0,1182.2950676557884,6,Monday,26
1568,2023-01-09,1517,30,Home,256.5297624857031,3,10,Credit Card,9,5,0,692.6303587113985,1,Monday,2
1569,2023-04-09,1913,61,Electronics,939.8054584975044,2,10,Credit Card,4,1,0,1691.649825295508,4,Sunday,14
1570,2023-01-20,1214,18,Fashion,811.1533783859478,4,5,Credit Card,6,4,0,3082.3828378666017,1,Friday,3
1571,2023-08-29,1133,68,Electronics,822.4193371365227,3,15,Credit Card,10,5,0,2097.169309698133,8,Tuesday,35
1572,2023-03-02,1284,46,Fashion,203.24187613316627,2,5,Debit Card,1,4,0,386.1595646530159,3,Thursday,9
1573,2023-06-27,2149,41,Books,151.86303151662506,1,20,Debit Card,7,3,0,121.49042521330006,6,Tuesday,26
1574,2023-12-04,2462,33,Books,35.76925431896355,1,20,Net Banking,7,2,0,28.61540345517084,12,Monday,49
1575,2023-03-03,1685,42,Electronics,244.67109382949323,1,0,Credit Card,11,5,0,244.67109382949323,3,Friday,9
1576,2023-05-25,2175,40,Electronics,776.4485867971815,3,0,Credit Card,1,5,0,2329.3457603915444,5,Thursday,21
1577,2023-08-04,1330,45,Fashion,247.6380345765083,2,0,Debit Card,8,4,0,495.2760691530166,8,Friday,31
1578,2023-01-03,2406,64,Fashion,731.8122507589275,4,0,Debit Card,14,3,0,2927.24900303571,1,Tuesday,1
1579,2023-06-09,2138,33,Home,259.3891827137473,2,0,Credit Card,5,5,0,518.7783654274946,6,Friday,23
1580,2023-08-15,1893,60,Home,401.33957297116496,1,0,Credit Card,13,5,0,401.33957297116496,8,Tuesday,33
1581,2023-09-26,2307,55,Home,983.3306670122944,1,0,Debit Card,9,4,0,983.3306670122944,9,Tuesday,39
1582,2023-04-30,1898,28,Electronics,252.36361397129423,3,0,Debit Card,8,5,0,757.0908419138827,4,Sunday,17
1583,2023-03-30,2098,20,Home,382.606921025285,4,0,Net Banking,3,3,0,1530.42768410114,3,Thursday,13
1584,2023-11-25,2189,32,Electronics,308.0763086605615,3,10,Net Banking,1,5,0,831.806033383516,11,Saturday,47
1585,2023-03-09,2212,18,Books,118.52873646670226,4,0,Credit Card,3,5,0,474.114945866809,3,Thursday,10
1586,2023-12-23,1077,24,Sports,494.99520070951667,2,15,Debit Card,14,1,0,841.4918412061783,12,Saturday,51
1587,2023-04-08,1946,18,Books,384.9037566996723,3,0,Net Banking,2,5,0,1154.711270099017,4,Saturday,14
1588,2023-09-24,1687,66,Electronics,697.9382149492072,3,20,Credit Card,2,5,0,1675.0517158780976,9,Sunday,38
1589,2023-04-15,1020,49,Electronics,819.4186014820308,3,20,Net Banking,11,5,0,1966.6046435568742,4,Saturday,15
1590,2023-11-19,1565,26,Sports,548.8072173506821,1,0,Net Banking,4,4,0,548.8072173506821,11,Sunday,46
1591,2023-05-03,2207,46,Fashion,41.874457866463494,1,0,Net Banking,2,5,0,41.874457866463494,5,Wednesday,18
1592,2023-01-29,2245,43,Fashion,622.7331326723744,4,20,Digital Wallet,8,4,0,1992.746024551598,1,Sunday,4
1593,2023-05-17,1826,40,Fashion,64.8368227207298,2,15,Credit Card,5,4,0,110.22259862524065,5,Wednesday,20
1594,2023-07-14,2351,62,Home,620.1927603630347,3,5,Net Banking,1,4,0,1767.5493670346489,7,Friday,28
1595,2023-08-14,1178,60,Fashion,688.1796497764966,1,10,Credit Card,6,5,0,619.3616847988469,8,Monday,33
1596,2023-11-28,2135,46,Home,205.78995134134325,3,20,Credit Card,12,3,0,493.89588321922383,11,Tuesday,48
1597,2023-06-19,2082,69,Home,821.1526872345534,4,0,Debit Card,7,5,0,3284.6107489382134,6,Monday,25
1598,2023-01-09,2350,55,Fashion,911.9742802583081,4,10,Credit Card,13,4,1,3283.107408929909,1,Monday,2
1599,2023-02-09,1904,50,Fashion,814.9560944726815,2,0,Net Banking,1,5,0,1629.912188945363,2,Thursday,6
1600,2023-01-25,1668,24,Sports,312.05809830996134,4,5,Credit Card,13,4,0,1185.820773577853,1,Wednesday,4
1601,2023-09-18,1190,29,Sports,590.7765823211781,3,5,Debit Card,12,3,0,1683.7132596153576,9,Monday,38
1602,2023-08-14,2223,48,Home,915.6669976993155,2,20,Digital Wallet,3,5,0,1465.067196318905,8,Monday,33
1603,2023-05-04,2335,49,Sports,327.45807896062144,2,10,Digital Wallet,9,5,0,589.4245421291185,5,Thursday,18
1604,2023-02-07,1707,37,Home,821.8275440427708,1,10,Debit Card,13,4,0,739.6447896384938,2,Tuesday,6
1605,2023-11-24,2058,68,Electronics,19.380379949079558,3,5,Net Banking,14,5,0,55.23408285487674,11,Friday,47
1606,2023-09-08,1378,34,Home,13.610235756829507,4,0,Net Banking,7,2,0,54.44094302731803,9,Friday,36
1607,2023-06-25,1386,53,Home,762.1145437355777,1,20,Net Banking,14,5,1,609.6916349884622,6,Sunday,25
1608,2023-03-31,1236,20,Sports,763.8331063058499,3,15,Credit Card,13,4,0,1947.7744210799171,3,Friday,13
1609,2023-02-06,1615,18,Electronics,791.0874159737708,3,5,Digital Wallet,12,3,0,2254.5991355252468,2,Monday,6
1610,2023-11-12,1282,67,Books,930.7265695092807,2,5,Net Banking,4,5,0,1768.3804820676332,11,Sunday,45
1611,2023-06-25,1000,44,Books,126.72724870208137,2,20,Digital Wallet,6,4,0,202.7635979233302,6,Sunday,25
1612,2023-10-11,1463,64,Books,239.66513513385146,3,0,Debit Card,6,5,0,718.9954054015544,10,Wednesday,41
1613,2023-03-22,2253,57,Electronics,904.6876711700695,1,10,Digital Wallet,12,2,0,814.2189040530626,3,Wednesday,12
1614,2023-04-24,1966,50,Fashion,185.46383579462992,2,5,Net Banking,3,2,0,352.38128800979683,4,Monday,17
1615,2023-02-09,1171,37,Electronics,685.4069749008181,2,20,Digital Wallet,2,4,0,1096.651159841309,2,Thursday,6
1616,2023-10-28,2110,31,Sports,535.1583700404072,3,20,Debit Card,5,4,0,1284.3800880969775,10,Saturday,43
1617,2023-08-12,2146,53,Home,92.36174008299217,3,20,Digital Wallet,8,1,0,221.6681761991812,8,Saturday,32
1618,2023-11-14,1842,22,Home,292.41102532211755,2,10,Credit Card,3,3,0,526.3398455798116,11,Tuesday,46
1619,2023-12-15,2321,40,Sports,525.1684942765582,1,5,Debit Card,5,4,0,498.9100695627303,12,Friday,50
1620,2023-04-25,1689,62,Sports,853.8266155169957,2,20,Credit Card,14,4,1,1366.1225848271934,4,Tuesday,17
1621,2023-07-05,1574,32,Home,710.463104718527,3,10,Credit Card,3,5,0,1918.2503827400228,7,Wednesday,27
1622,2023-11-19,1164,23,Fashion,625.6643298403837,2,0,Net Banking,14,4,0,1251.3286596807675,11,Sunday,46
1623,2023-02-25,1382,50,Fashion,501.07256104200064,3,15,Net Banking,7,5,1,1277.7350306571016,2,Saturday,8
1624,2023-02-09,1208,36,Fashion,305.69714397599296,2,5,Debit Card,6,1,0,580.8245735543866,2,Thursday,6
1625,2023-12-20,2455,30,Sports,128.05246220606858,3,10,Net Banking,6,5,1,345.7416479563852,12,Wednesday,51
1626,2023-02-09,2412,46,Home,414.9852742204346,3,15,Digital Wallet,1,4,0,1058.212449262108,2,Thursday,6
1627,2023-12-13,1223,23,Home,38.23330897217965,1,15,Debit Card,2,4,0,32.4983126263527,12,Wednesday,50
1628,2023-08-25,1002,32,Home,218.94533037418208,3,10,Net Banking,6,1,0,591.1523920102917,8,Friday,34
1629,2023-10-16,1371,33,Electronics,438.15854211393327,2,10,Net Banking,8,4,0,788.6853758050798,10,Monday,42
1630,2023-09-19,2469,41,Electronics,424.4191338151959,3,10,Digital Wallet,5,5,0,1145.931661301029,9,Tuesday,38
1631,2023-08-04,1610,40,Books,53.85247668702248,4,20,Credit Card,12,4,0,172.32792539847196,8,Friday,31
1632,2023-05-27,1115,65,Electronics,593.1695519900384,2,0,Digital Wallet,2,5,0,1186.3391039800767,5,Saturday,21
1633,2023-12-02,2293,27,Fashion,554.1874132947039,1,20,Credit Card,5,5,0,443.34993063576314,12,Saturday,48
1634,2023-06-17,1446,58,Fashion,87.32326098070371,2,15,Net Banking,9,2,1,148.4495436671963,6,Saturday,24
1635,2023-04-02,2391,58,Fashion,943.7314219358349,1,15,Credit Card,6,4,0,802.1717086454596,4,Sunday,13
1636,2023-12-19,2276,66,Fashion,108.38895116135151,4,15,Credit Card,13,5,1,368.52243394859516,12,Tuesday,51
1637,2023-02-28,2340,34,Books,856.2858097249627,1,10,Net Banking,13,1,0,770.6572287524665,2,Tuesday,9
1638,2023-02-28,1414,66,Fashion,10.306634595855881,3,5,Debit Card,5,5,0,29.373908598189256,2,Tuesday,9
1639,2023-10-31,2118,61,Sports,883.4582840949292,4,20,Digital Wallet,10,5,0,2827.0665091037736,10,Tuesday,44
1640,2023-06-18,1891,62,Sports,29.522534882269433,4,5,Net Banking,6,5,0,112.18563255262384,6,Sunday,24
1641,2023-09-26,2047,47,Sports,760.2339115731949,1,0,Digital Wallet,13,5,0,760.2339115731949,9,Tuesday,39
1642,2023-12-29,1662,61,Electronics,368.0739031872504,2,0,Digital Wallet,12,5,0,736.1478063745008,12,Friday,52
1643,2023-02-14,2073,63,Home,740.8346321349567,1,20,Credit Card,14,5,0,592.6677057079654,2,Tuesday,7
1644,2023-12-11,1717,27,Books,407.7277533707287,1,15,Net Banking,11,4,0,346.5685903651194,12,Monday,50
1645,2023-06-30,2358,36,Sports,80.19884310852332,4,0,Debit Card,12,2,0,320.7953724340933,6,Friday,26
1646,2023-06-19,2102,46,Sports,769.8316284414104,3,5,Digital Wallet,9,5,0,2194.02014105802,6,Monday,25
1647,2023-12-22,2050,19,Fashion,80.54015846815132,2,5,Digital Wallet,7,5,0,153.0263010894875,12,Friday,51
1648,2023-07-10,1270,53,Sports,922.8992316016057,1,10,Debit Card,10,5,0,830.6093084414451,7,Monday,28
1649,2023-06-04,1561,36,Fashion,60.46429543374476,3,15,Digital Wallet,3,5,0,154.18395335604913,6,Sunday,22
1650,2023-07-07,1803,24,Fashion,484.5320249938003,3,10,Net Banking,10,4,0,1308.2364674832606,7,Friday,27
1651,2023-01-07,1246,43,Home,725.8040865422877,2,20,Debit Card,10,5,0,1161.2865384676604,1,Saturday,1
1652,2023-05-13,1386,32,Electronics,399.31400014411736,3,0,Net Banking,5,1,0,1197.942000432352,5,Saturday,19
1653,2023-08-23,1701,64,Fashion,225.06113984651034,1,10,Debit Card,4,5,0,202.55502586185932,8,Wednesday,34
1654,2023-02-14,1558,55,Fashion,761.5000517820667,4,10,Digital Wallet,11,5,0,2741.40018641544,2,Tuesday,7
1655,2023-11-10,1972,20,Home,786.4517577408392,3,20,Debit Card,5,3,0,1887.4842185780142,11,Friday,45
1656,2023-09-06,2384,55,Fashion,923.4680341148236,4,5,Net Banking,8,5,1,3509.1785296363296,9,Wednesday,36
1657,2023-01-31,1983,33,Books,382.40345932676695,2,5,Debit Card,11,5,0,726.5665727208572,1,Tuesday,5
1658,2023-01-23,1351,19,Electronics,511.1892171523536,2,20,Digital Wallet,14,5,0,817.9027474437657,1,Monday,4
1659,2023-06-09,2279,48,Books,369.49715841761133,3,5,Credit Card,6,4,0,1053.066901490192,6,Friday,23
1660,2023-12-29,2245,45,Sports,264.5110036328545,4,20,Digital Wallet,4,4,1,846.4352116251345,12,Friday,52
1661,2023-06-07,1752,24,Electronics,753.5226319222324,1,5,Digital Wallet,5,5,0,715.8465003261208,6,Wednesday,23
1662,2023-02-08,1780,47,Sports,346.25532656678587,4,20,Credit Card,11,4,0,1108.0170450137148,2,Wednesday,6
1663,2023-03-23,2024,60,Fashion,433.86794757242853,3,5,Debit Card,7,2,0,1236.5236505814214,3,Thursday,12
1664,2023-12-22,1545,24,Home,409.63692104778755,4,10,Digital Wallet,14,5,0,1474.6929157720351,12,Friday,51
1665,2023-09-15,2469,53,Books,715.5346133902784,4,10,Credit Card,8,5,0,2575.924608205002,9,Friday,37
1666,2023-07-25,1078,46,Sports,918.617669849573,2,5,Net Banking,5,4,1,1745.3735727141886,7,Tuesday,30
1667,2023-03-18,2259,41,Fashion,670.0885006943035,3,20,Credit Card,2,1,0,1608.2124016663286,3,Saturday,11
1668,2023-01-12,1333,69,Books,476.8667701332903,4,10,Digital Wallet,6,5,0,1716.720372479845,1,Thursday,2
1669,2023-10-22,1888,56,Books,781.4130635914946,3,0,Net Banking,9,5,0,2344.239190774484,10,Sunday,42
1670,2023-08-12,2372,21,Sports,644.5616108809162,1,5,Digital Wallet,3,4,0,612.3335303368704,8,Saturday,32
1671,2023-01-13,2121,46,Fashion,70.00425354663534,3,0,Credit Card,7,2,1,210.01276063990602,1,Friday,2
1672,2023-02-15,2105,61,Home,104.70695055465323,1,0,Net Banking,8,5,0,104.70695055465323,2,Wednesday,7
1673,2023-06-04,1501,22,Sports,47.537774632897,3,15,Digital Wallet,6,4,0,121.22132531388733,6,Sunday,22
1674,2023-04-23,1764,46,Books,462.24816294425665,3,0,Credit Card,12,3,0,1386.74448883277,4,Sunday,16
1675,2023-08-21,1920,47,Books,827.5948999955752,4,0,Net Banking,3,5,0,3310.379599982301,8,Monday,34
1676,2023-01-17,1549,46,Electronics,319.95233765783854,4,15,Digital Wallet,1,4,0,1087.837948036651,1,Tuesday,3
1677,2023-12-26,1013,43,Fashion,390.31858126155686,1,15,Credit Card,3,5,0,331.7707940723233,12,Tuesday,52
1678,2023-08-11,1391,36,Electronics,910.3823372842118,1,15,Digital Wallet,11,5,0,773.82498669158,8,Friday,32
1679,2023-12-20,2370,43,Home,838.5344108634882,2,20,Digital Wallet,6,4,0,1341.6550573815812,12,Wednesday,51
1680,2023-07-07,1309,54,Sports,668.3976312587345,4,15,Digital Wallet,11,5,0,2272.551946279697,7,Friday,27
1681,2023-12-10,1385,44,Books,274.1357442713288,1,20,Debit Card,4,5,0,219.30859541706306,12,Sunday,49
1682,2023-12-31,2232,47,Fashion,125.87106786155907,4,5,Digital Wallet,1,5,1,478.31005787392445,12,Sunday,52
1683,2023-06-12,2380,68,Books,25.89823445331258,3,20,Net Banking,6,2,0,62.15576268795019,6,Monday,24
1684,2023-11-22,1973,47,Electronics,115.94056587837667,2,5,Credit Card,1,5,0,220.28707516891566,11,Wednesday,47
1685,2023-03-15,2117,20,Electronics,299.67047918770334,4,15,Credit Card,12,5,0,1018.8796292381913,3,Wednesday,11
1686,2023-08-21,2116,60,Sports,556.2721629437007,4,15,Debit Card,8,4,1,1891.3253540085823,8,Monday,34
1687,2023-08-12,1339,24,Fashion,73.36008192486301,4,5,Debit Card,3,5,0,278.76831131447943,8,Saturday,32
1688,2023-11-15,1596,66,Fashion,144.86550053526452,4,10,Debit Card,3,4,1,521.5158019269522,11,Wednesday,46
1689,2023-03-01,2468,26,Sports,189.26989528486163,1,20,Digital Wallet,14,1,0,151.4159162278893,3,Wednesday,9
1690,2023-12-01,1756,58,Electronics,635.6622720534732,1,0,Digital Wallet,1,4,0,635.6622720534732,12,Friday,48
1691,2023-08-10,2045,59,Electronics,619.6319009903232,2,15,Net Banking,3,3,0,1053.3742316835494,8,Thursday,32
1692,2023-02-06,1290,30,Electronics,555.2580691084314,3,20,Credit Card,7,3,0,1332.6193658602356,2,Monday,6
1693,2023-10-05,1305,32,Books,257.9964104489802,3,20,Credit Card,10,4,0,619.1913850775526,10,Thursday,40
1694,2023-07-15,1633,22,Home,377.4084943065447,2,15,Digital Wallet,8,5,0,641.594440321126,7,Saturday,28
1695,2023-12-18,2151,46,Electronics,105.72281917436561,3,5,Credit Card,11,5,0,301.310034646942,12,Monday,51
1696,2023-08-30,1624,52,Home,234.19599772047434,1,15,Digital Wallet,8,5,0,199.0665980624032,8,Wednesday,35
1697,2023-11-20,1938,44,Home,898.7281742078546,4,20,Debit Card,3,4,0,2875.930157465135,11,Monday,47
1698,2023-08-07,2296,44,Fashion,979.8948289714701,3,10,Digital Wallet,5,5,0,2645.7160382229695,8,Monday,32
1699,2023-07-11,1847,25,Sports,651.1829897838917,4,5,Net Banking,1,5,0,2474.4953611787882,7,Tuesday,28
1700,2023-01-17,1441,49,Books,917.655059103186,4,15,Digital Wallet,9,5,0,3120.027200950832,1,Tuesday,3
1701,2023-01-12,1502,37,Home,646.3144813974109,1,0,Digital Wallet,8,3,0,646.3144813974109,1,Thursday,2
1702,2023-07-12,1129,27,Books,42.86452124441518,4,15,Credit Card,10,4,0,145.7393722310116,7,Wednesday,28
1703,2023-01-22,2155,30,Fashion,996.7949591365449,3,20,Digital Wallet,2,5,0,2392.307901927708,1,Sunday,3
1704,2023-04-30,1596,46,Electronics,107.96277866966956,1,20,Net Banking,10,3,0,86.37022293573565,4,Sunday,17
1705,2023-07-29,1861,52,Home,685.81538343061,2,0,Digital Wallet,1,4,0,1371.63076686122,7,Saturday,30
1706,2023-11-02,2413,25,Sports,260.3078410440421,1,5,Digital Wallet,13,4,1,247.29244899184,11,Thursday,44
1707,2023-09-27,1592,46,Fashion,398.06130177789055,3,20,Debit Card,13,5,0,955.3471242669374,9,Wednesday,39
1708,2023-07-11,1998,48,Books,649.4748429529288,1,5,Digital Wallet,4,3,1,617.0011008052824,7,Tuesday,28
1709,2023-06-24,1324,58,Electronics,442.12247581463,3,5,Digital Wallet,9,5,0,1260.0490560716953,6,Saturday,25
1710,2023-10-12,2092,47,Books,258.040598341817,3,15,Digital Wallet,12,3,0,658.0035257716332,10,Thursday,41
1711,2023-07-23,1447,39,Sports,341.1017250095415,1,5,Net Banking,8,5,0,324.0466387590644,7,Sunday,29
1712,2023-06-13,1818,38,Home,348.13263575394456,3,20,Credit Card,3,5,0,835.5183258094669,6,Tuesday,24
1713,2023-09-08,2188,29,Sports,959.7306654631316,2,20,Debit Card,10,1,0,1535.5690647410106,9,Friday,36
1714,2023-08-15,1708,28,Books,800.6268857642165,3,10,Debit Card,12,5,0,2161.6925915633847,8,Tuesday,33
1715,2023-01-07,2449,19,Books,463.9632837646061,2,5,Digital Wallet,6,5,1,881.5302391527515,1,Saturday,1
1716,2023-01-29,1264,67,Sports,207.82271113795048,2,10,Digital Wallet,12,4,1,374.08088004831086,1,Sunday,4
1717,2023-02-02,1611,58,Sports,812.9059491600294,3,15,Credit Card,9,3,0,2072.910170358075,2,Thursday,5
1718,2023-05-14,2365,19,Sports,165.61064689228976,4,10,Digital Wallet,10,4,0,596.1983288122432,5,Sunday,19
1719,2023-03-20,1831,51,Electronics,218.3575949705834,2,5,Net Banking,8,5,0,414.87943044410844,3,Monday,12
1720,2023-02-27,2301,20,Books,372.3532579217496,2,20,Credit Card,10,3,0,595.7652126747994,2,Monday,9
1721,2023-01-26,1673,33,Fashion,881.5447138934702,1,15,Digital Wallet,5,4,0,749.3130068094497,1,Thursday,4
1722,2023-08-14,2462,68,Electronics,140.46880194776915,2,5,Credit Card,12,4,0,266.8907237007614,8,Monday,33
1723,2023-10-12,1156,21,Electronics,131.0118509259808,2,15,Debit Card,13,1,0,222.72014657416736,10,Thursday,41
1724,2023-01-04,2445,40,Electronics,499.0352384222133,2,0,Digital Wallet,12,4,0,998.0704768444266,1,Wednesday,1
1725,2023-04-09,1250,67,Fashion,283.64643568273794,2,5,Credit Card,9,5,0,538.9282277972021,4,Sunday,14
1726,2023-02-08,1877,37,Sports,573.0406622316783,4,0,Credit Card,9,4,1,2292.1626489267132,2,Wednesday,6
1727,2023-09-28,1529,42,Books,457.1203178363913,2,10,Digital Wallet,3,5,0,822.8165721055043,9,Thursday,39
1728,2023-10-12,1326,47,Home,440.60951528770465,3,5,Credit Card,12,5,0,1255.7371185699583,10,Thursday,41
1729,2023-06-06,1960,35,Home,120.85324078212335,4,0,Digital Wallet,8,4,0,483.4129631284934,6,Tuesday,23
1730,2023-03-16,1894,59,Books,149.63919334734175,2,20,Digital Wallet,4,5,0,239.4227093557468,3,Thursday,11
1731,2023-10-15,1096,28,Fashion,822.8677916723816,3,10,Net Banking,10,5,0,2221.7430375154304,10,Sunday,41
1732,2023-05-10,1512,46,Home,887.0239101960269,3,5,Net Banking,7,5,0,2528.0181440586766,5,Wednesday,19
1733,2023-06-24,1215,34,Electronics,242.33669755639772,4,5,Credit Card,10,2,0,920.8794507143114,6,Saturday,25
1734,2023-03-25,2155,43,Home,122.32589650952136,4,20,Credit Card,8,2,0,391.44286883046834,3,Saturday,12
1735,2023-01-22,2283,40,Books,62.8825052151655,3,20,Credit Card,7,5,0,150.9180125163972,1,Sunday,3
1736,2023-01-27,1124,69,Electronics,612.2146376044778,4,0,Debit Card,5,4,0,2448.8585504179114,1,Friday,4
1737,2023-07-14,2105,65,Home,718.1996803752035,4,0,Digital Wallet,11,5,0,2872.798721500814,7,Friday,28
1738,2023-12-03,2306,37,Books,379.0818893111735,1,0,Digital Wallet,1,5,0,379.0818893111735,12,Sunday,48
1739,2023-08-24,1058,62,Fashion,682.8791088157332,4,15,Debit Card,12,3,0,2321.788969973493,8,Thursday,34
1740,2023-04-02,1160,19,Books,715.8292274039309,1,10,Debit Card,8,5,0,644.2463046635378,4,Sunday,13
1741,2023-01-21,1283,41,Fashion,935.9888585829362,4,5,Credit Card,5,5,0,3556.7576626151576,1,Saturday,3
1742,2023-10-30,1105,48,Electronics,74.22490145675617,4,10,Digital Wallet,3,4,0,267.20964524432225,10,Monday,44
1743,2023-12-23,2128,44,Books,200.368805998769,3,20,Net Banking,2,5,0,480.8851343970457,12,Saturday,51
1744,2023-03-25,2462,19,Sports,77.84072772101825,1,10,Net Banking,3,2,0,70.05665494891643,3,Saturday,12
1745,2023-09-19,1227,31,Sports,869.3139940027494,4,10,Debit Card,13,5,0,3129.530378409898,9,Tuesday,38
1746,2023-05-27,1317,21,Sports,794.6612884332328,2,0,Debit Card,9,5,0,1589.3225768664656,5,Saturday,21
1747,2023-09-14,2487,66,Sports,578.8956499156207,4,20,Digital Wallet,2,5,0,1852.4660797299862,9,Thursday,37
1748,2023-02-27,1801,30,Sports,92.82677595067133,3,10,Digital Wallet,14,4,0,250.63229506681262,2,Monday,9
1749,2023-01-15,1873,53,Fashion,280.5792350671824,3,5,Net Banking,10,4,0,799.6508199414698,1,Sunday,2
1750,2023-06-11,1471,52,Books,304.74264957793173,3,0,Digital Wallet,1,5,0,914.2279487337952,6,Sunday,23
1751,2023-06-12,2079,61,Electronics,565.1357640552629,1,10,Credit Card,2,4,0,508.62218764973665,6,Monday,24
1752,2023-11-16,1624,25,Sports,265.4634550963483,1,20,Debit Card,13,5,0,212.37076407707866,11,Thursday,46
1753,2023-10-08,1012,19,Sports,82.23026527382528,1,5,Net Banking,2,5,0,78.11875201013402,10,Sunday,40
1754,2023-10-07,2463,23,Electronics,733.4546788347664,2,20,Net Banking,12,4,0,1173.5274861356263,10,Saturday,40
1755,2023-01-12,2041,48,Electronics,306.0894095388572,1,20,Credit Card,11,4,0,244.87152763108577,1,Thursday,2
1756,2023-10-01,1693,27,Sports,457.85043525306764,3,20,Digital Wallet,5,5,0,1098.8410446073624,10,Sunday,39
1757,2023-09-28,1972,61,Fashion,136.3899686324823,1,15,Digital Wallet,1,5,0,115.93147333760994,9,Thursday,39
1758,2023-07-27,1112,38,Electronics,804.5228203606338,1,5,Debit Card,13,4,0,764.296679342602,7,Thursday,30
1759,2023-01-27,1228,59,Books,569.8765581548171,4,20,Credit Card,12,5,0,1823.6049860954147,1,Friday,4
1760,2023-03-13,1170,27,Books,902.5697699477641,1,15,Net Banking,10,5,0,767.1843044555995,3,Monday,11
1761,2023-03-01,1294,40,Fashion,500.51684743468,4,0,Credit Card,8,2,0,2002.06738973872,3,Wednesday,9
1762,2023-05-25,1188,20,Home,942.0114150997009,1,15,Net Banking,2,1,0,800.7097028347457,5,Thursday,21
1763,2023-04-03,1425,49,Fashion,892.9495223375127,4,0,Credit Card,6,5,0,3571.7980893500508,4,Monday,14
1764,2023-11-05,1976,37,Sports,580.6952578946416,3,15,Digital Wallet,5,4,0,1480.772907631336,11,Sunday,44
1765,2023-01-08,2102,27,Home,934.5545037683647,1,20,Net Banking,2,5,0,747.6436030146918,1,Sunday,1
1766,2023-03-20,1657,46,Sports,329.8578598216068,3,15,Debit Card,10,5,0,841.1375425450973,3,Monday,12
1767,2023-01-27,1918,58,Books,371.9857410771692,1,15,Credit Card,12,2,0,316.18787991559384,1,Friday,4
1768,2023-06-23,2205,69,Electronics,55.02317179297656,2,20,Digital Wallet,1,5,1,88.0370748687625,6,Friday,25
1769,2023-02-19,1498,68,Sports,593.3088976962146,2,0,Net Banking,6,4,0,1186.6177953924291,2,Sunday,7
1770,2023-07-18,1761,63,Books,724.704730229644,3,20,Digital Wallet,14,4,0,1739.2913525511458,7,Tuesday,29
1771,2023-12-15,1865,51,Fashion,775.7839983396821,3,5,Credit Card,6,4,0,2210.984395268094,12,Friday,50
1772,2023-06-30,1825,54,Sports,158.31812318564226,2,15,Debit Card,3,5,0,269.14080941559183,6,Friday,26
1773,2023-01-24,1070,37,Books,449.71748158937527,2,5,Debit Card,13,3,0,854.463215019813,1,Tuesday,4
1774,2023-11-12,1247,25,Electronics,185.09457997297648,4,20,Credit Card,8,1,0,592.3026559135247,11,Sunday,45
1775,2023-02-15,1145,24,Sports,665.5060753657064,1,20,Net Banking,9,5,0,532.4048602925651,2,Wednesday,7
1776,2023-01-15,2319,23,Books,166.36690869755043,2,10,Digital Wallet,3,5,0,299.4604356555908,1,Sunday,2
1777,2023-06-02,1581,28,Sports,905.1220471165142,3,5,Digital Wallet,9,4,0,2579.5978342820654,6,Friday,22
1778,2023-08-10,1469,61,Electronics,238.3282992047992,3,10,Net Banking,8,1,0,643.4864078529579,8,Thursday,32
1779,2023-07-25,1192,35,Sports,298.4882436253624,2,5,Credit Card,5,5,0,567.1276628881885,7,Tuesday,30
1780,2023-09-30,2091,68,Sports,852.3972589294897,3,10,Digital Wallet,6,5,0,2301.472599109622,9,Saturday,39
1781,2023-08-24,1493,59,Books,463.88293404426656,1,10,Digital Wallet,12,5,0,417.49464063983993,8,Thursday,34
1782,2023-12-06,1051,46,Home,33.7559863420723,4,5,Credit Card,12,4,0,128.27274809987472,12,Wednesday,49
1783,2023-08-16,1881,42,Sports,499.6403886906193,1,20,Digital Wallet,12,3,0,399.7123109524955,8,Wednesday,33
1784,2023-01-09,1362,38,Home,93.69790202632181,4,0,Net Banking,1,5,0,374.79160810528725,1,Monday,2
1785,2023-06-15,1916,63,Fashion,985.4912715004375,4,20,Net Banking,5,5,0,3153.5720688014003,6,Thursday,24
1786,2023-11-15,1473,20,Sports,592.2304547510463,2,0,Credit Card,10,5,0,1184.4609095020926,11,Wednesday,46
1787,2023-08-02,1520,35,Home,263.9672914348687,3,5,Credit Card,10,5,0,752.3067805893758,8,Wednesday,31
1788,2023-04-27,2454,41,Fashion,568.0805027521416,4,15,Net Banking,12,5,0,1931.4737093572812,4,Thursday,17
1789,2023-12-10,2321,64,Books,86.09843234793729,2,20,Credit Card,7,3,0,137.75749175669966,12,Sunday,49
1790,2023-03-13,2458,55,Sports,801.8923912261289,3,10,Net Banking,1,5,0,2165.109456310548,3,Monday,11
1791,2023-03-05,1690,27,Books,926.0747733255221,3,20,Net Banking,10,4,0,2222.579455981253,3,Sunday,9
1792,2023-07-24,2221,44,Fashion,875.6999443240979,4,5,Net Banking,9,4,0,3327.659788431572,7,Monday,30
1793,2023-07-28,2151,29,Books,348.34002627557715,3,15,Digital Wallet,13,5,0,888.2670670027217,7,Friday,30
1794,2023-03-13,1531,24,Books,332.5104384469348,1,15,Credit Card,7,5,0,282.6338726798946,3,Monday,11
1795,2023-10-04,2434,34,Electronics,44.736735104137,3,20,Digital Wallet,4,3,1,107.36816424992881,10,Wednesday,40
1796,2023-10-01,1839,18,Fashion,654.8863551139076,1,20,Credit Card,11,4,0,523.9090840911261,10,Sunday,39
1797,2023-11-16,2088,67,Books,539.555736347897,3,20,Debit Card,4,4,0,1294.933767234953,11,Thursday,46
1798,2023-12-04,1240,43,Home,464.75290761406796,4,5,Digital Wallet,11,3,0,1766.061048933458,12,Monday,49
1799,2023-04-05,2392,32,Fashion,908.5546438013599,4,0,Digital Wallet,10,5,0,3634.2185752054397,4,Wednesday,14
1800,2023-06-15,1535,68,Electronics,176.20011207201784,2,0,Digital Wallet,7,5,0,352.4002241440357,6,Thursday,24
1801,2023-02-01,2407,50,Sports,19.56960402328051,1,10,Debit Card,6,4,0,17.61264362095246,2,Wednesday,5
1802,2023-01-11,2454,54,Books,82.58328759955778,1,5,Credit Card,3,4,0,78.45412321957988,1,Wednesday,2
1803,2023-10-28,1082,64,Home,231.1377234490952,4,15,Debit Card,14,4,0,785.8682597269237,10,Saturday,43
1804,2023-08-05,1981,48,Electronics,42.95269377082238,4,10,Credit Card,9,2,0,154.62969757496057,8,Saturday,31
1805,2023-10-16,1950,52,Fashion,507.8152735367041,4,15,Credit Card,6,4,0,1726.571930024794,10,Monday,42
1806,2023-04-12,1610,18,Books,320.9495506812423,1,15,Credit Card,11,5,0,272.8071180790559,4,Wednesday,15
1807,2023-09-24,1573,25,Electronics,188.67817798745133,2,20,Credit Card,2,5,0,301.8850847799221,9,Sunday,38
1808,2023-08-02,1285,29,Electronics,752.5832341991755,1,15,Credit Card,10,5,0,639.6957490692992,8,Wednesday,31
1809,2023-06-28,1988,36,Home,212.40681297020473,4,15,Debit Card,12,5,0,722.183164098696,6,Wednesday,26
1810,2023-03-29,1458,42,Sports,690.7290499838554,2,5,Digital Wallet,2,5,0,1312.385194969325,3,Wednesday,13
1811,2023-02-10,2235,49,Sports,355.77225678916255,3,20,Debit Card,1,4,1,853.8534162939901,2,Friday,6
1812,2023-03-17,1125,29,Sports,516.709483055929,3,20,Digital Wallet,11,2,0,1240.1027593342296,3,Friday,11
1813,2023-02-15,2436,30,Fashion,934.5283694528066,4,10,Digital Wallet,5,5,0,3364.302130030104,2,Wednesday,7
1814,2023-06-09,1424,45,Electronics,46.9781184676547,2,20,Net Banking,10,4,0,75.16498954824753,6,Friday,23
1815,2023-03-21,1553,18,Fashion,505.26186240268726,4,0,Digital Wallet,6,5,0,2021.047449610749,3,Tuesday,12
1816,2023-11-06,1609,68,Electronics,855.8787307243421,1,5,Debit Card,3,4,0,813.0847941881249,11,Monday,45
1817,2023-03-27,2181,23,Home,592.094505886645,1,10,Net Banking,4,5,0,532.8850552979806,3,Monday,13
1818,2023-04-02,1111,25,Home,284.10181179550506,2,0,Credit Card,5,4,0,568.2036235910101,4,Sunday,13
1819,2023-05-28,1401,21,Fashion,403.70432379358397,4,15,Credit Card,4,4,0,1372.5947008981855,5,Sunday,21
1820,2023-06-10,1121,22,Fashion,683.4629724412888,4,0,Digital Wallet,9,5,0,2733.851889765155,6,Saturday,23
1821,2023-07-21,1272,42,Home,891.903775370665,3,10,Credit Card,12,4,0,2408.1401935007952,7,Friday,29
1822,2023-08-30,2317,39,Books,50.65571000914548,2,20,Credit Card,3,5,0,81.04913601463278,8,Wednesday,35
1823,2023-12-19,1397,45,Sports,80.82343367147266,4,5,Net Banking,5,1,0,307.1290479515961,12,Tuesday,51
1824,2023-01-02,1470,56,Sports,331.8010083734917,1,10,Debit Card,7,5,0,298.6209075361425,1,Monday,1
1825,2023-08-13,1984,40,Home,240.4518875931042,4,0,Credit Card,12,2,1,961.8075503724168,8,Sunday,32
1826,2023-10-16,2230,21,Sports,272.2815773601819,4,0,Credit Card,12,3,1,1089.1263094407277,10,Monday,42
1827,2023-08-21,2133,69,Books,229.0572986396221,1,10,Debit Card,7,5,0,206.1515687756599,8,Monday,34
1828,2023-03-18,2463,21,Books,203.86679836660613,1,10,Net Banking,14,4,0,183.4801185299455,3,Saturday,11
1829,2023-04-26,2301,64,Electronics,139.31772720059888,4,10,Net Banking,6,4,0,501.543817922156,4,Wednesday,17
1830,2023-06-03,1568,38,Fashion,934.6145904772857,1,20,Credit Card,9,5,0,747.6916723818285,6,Saturday,22
1831,2023-04-13,2137,54,Sports,152.74756926709154,3,10,Digital Wallet,7,5,0,412.41843702114716,4,Thursday,15
1832,2023-07-13,1896,58,Books,212.3597370178808,3,15,Debit Card,11,4,0,541.5173293955961,7,Thursday,28
1833,2023-06-15,1819,19,Fashion,253.80306674097787,3,5,Net Banking,4,4,0,723.3387402117869,6,Thursday,24
1834,2023-12-25,1852,24,Fashion,933.6847243991164,1,5,Credit Card,11,5,0,887.0004881791605,12,Monday,52
1835,2023-03-31,1709,66,Electronics,758.1569922650739,1,15,Net Banking,10,5,0,644.4334434253128,3,Friday,13
1836,2023-06-23,1320,33,Fashion,791.8024360123595,1,0,Credit Card,9,5,0,791.8024360123595,6,Friday,25
1837,2023-05-02,1178,34,Fashion,113.71067694311306,2,0,Debit Card,6,4,0,227.42135388622611,5,Tuesday,18
1838,2023-05-23,1896,37,Home,837.9467762655149,1,0,Digital Wallet,1,5,0,837.9467762655149,5,Tuesday,21
1839,2023-04-16,1218,40,Electronics,414.1111509992438,3,0,Debit Card,9,3,0,1242.3334529977315,4,Sunday,15
1840,2023-11-01,1788,51,Electronics,270.19479595026485,3,20,Net Banking,11,4,0,648.4675102806357,11,Wednesday,44
1841,2023-12-26,1491,28,Sports,579.9925826851074,3,15,Net Banking,7,1,0,1478.981085847024,12,Tuesday,52
1842,2023-11-13,1060,51,Fashion,823.9610767585666,2,5,Net Banking,6,4,0,1565.5260458412765,11,Monday,46
1843,2023-05-03,2077,50,Sports,780.8656295641603,4,15,Digital Wallet,6,5,0,2654.943140518145,5,Wednesday,18
1844,2023-01-09,1537,43,Books,891.0975077553207,3,5,Debit Card,4,3,0,2539.627897102664,1,Monday,2
1845,2023-09-19,1847,19,Fashion,928.8508641552894,2,0,Credit Card,4,5,0,1857.7017283105788,9,Tuesday,38
1846,2023-03-14,1987,40,Books,245.74085071347204,4,20,Debit Card,11,5,0,786.3707222831106,3,Tuesday,11
1847,2023-12-25,1064,58,Home,429.61931522757897,2,10,Debit Card,3,1,0,773.3147674096422,12,Monday,52
1848,2023-08-11,1585,39,Fashion,24.482253813019312,2,10,Digital Wallet,8,5,0,44.06805686343476,8,Friday,32
1849,2023-02-10,1170,51,Sports,880.5284426724094,4,0,Debit Card,8,5,0,3522.1137706896375,2,Friday,6
1850,2023-07-23,2296,32,Sports,163.02642996001987,1,0,Net Banking,2,5,0,163.02642996001987,7,Sunday,29
1851,2023-09-21,1534,27,Fashion,862.8600642192673,1,15,Digital Wallet,5,4,0,733.4310545863772,9,Thursday,38
1852,2023-11-24,2414,32,Sports,336.09344876673043,3,20,Net Banking,13,4,0,806.6242770401531,11,Friday,47
1853,2023-06-27,1692,59,Fashion,374.4522540813268,4,20,Net Banking,9,2,1,1198.247213060246,6,Tuesday,26
1854,2023-12-14,2350,46,Electronics,48.74093193902078,3,15,Debit Card,12,4,0,124.28937644450299,12,Thursday,50
1855,2023-11-14,1107,40,Sports,333.61000186766637,2,20,Credit Card,14,2,0,533.7760029882662,11,Tuesday,46
1856,2023-03-25,2185,34,Fashion,889.4800459732514,1,20,Debit Card,9,5,0,711.5840367786012,3,Saturday,12
1857,2023-11-14,1813,26,Fashion,35.2919271103881,3,10,Credit Card,7,4,0,95.28820319804788,11,Tuesday,46
1858,2023-04-21,2004,67,Sports,412.2641983162581,3,20,Digital Wallet,14,4,0,989.4340759590195,4,Friday,16
1859,2023-09-08,1451,53,Electronics,41.085633514613725,1,0,Digital Wallet,4,4,0,41.085633514613725,9,Friday,36
1860,2023-01-07,2229,26,Sports,377.2141908579743,2,10,Digital Wallet,4,4,0,678.9855435443537,1,Saturday,1
1861,2023-03-25,1589,33,Fashion,180.91423437248827,3,0,Net Banking,10,4,0,542.7427031174648,3,Saturday,12
1862,2023-07-27,2039,53,Electronics,259.6962093356883,3,0,Net Banking,11,4,0,779.0886280070649,7,Thursday,30
1863,2023-11-10,1326,65,Books,878.8223894298048,4,15,Digital Wallet,7,5,0,2987.9961240613366,11,Friday,45
1864,2023-01-22,1607,68,Home,441.6887284156721,4,20,Debit Card,3,5,0,1413.4039309301506,1,Sunday,3
1865,2023-01-03,1658,50,Sports,281.06001148789306,1,20,Net Banking,3,4,0,224.84800919031446,1,Tuesday,1
1866,2023-05-07,1001,48,Fashion,593.4449941710423,1,20,Net Banking,5,5,0,474.75599533683385,5,Sunday,18
1867,2023-10-24,2033,23,Electronics,150.68589023425653,2,20,Debit Card,11,5,0,241.09742437481046,10,Tuesday,43
1868,2023-07-07,1433,27,Electronics,266.7976913466473,2,10,Net Banking,13,2,0,480.23584442396515,7,Friday,27
1869,2023-12-28,1124,33,Books,550.7854879268597,3,5,Debit Card,6,3,0,1569.73864059155,12,Thursday,52
1870,2023-01-14,2104,21,Sports,245.14781142958813,4,0,Credit Card,8,2,1,980.5912457183525,1,Saturday,2
1871,2023-01-12,1484,39,Electronics,682.3364600268645,2,5,Debit Card,1,4,0,1296.4392740510425,1,Thursday,2
1872,2023-03-28,1651,30,Books,496.5763892369273,3,5,Credit Card,7,4,0,1415.2427093252427,3,Tuesday,13
1873,2023-01-12,2173,33,Fashion,774.269179552144,3,5,Net Banking,8,5,0,2206.66716172361,1,Thursday,2
1874,2023-01-25,1799,69,Books,948.7620903652439,1,10,Credit Card,5,5,0,853.8858813287195,1,Wednesday,4
1875,2023-10-28,1872,46,Sports,124.64684045393366,4,5,Debit Card,12,1,1,473.6579937249479,10,Saturday,43
1876,2023-08-31,2363,23,Books,341.3183598846994,3,10,Credit Card,10,4,0,921.5595716886884,8,Thursday,35
1877,2023-05-02,1128,43,Electronics,326.3535722496225,1,15,Digital Wallet,2,4,1,277.4005364121791,5,Tuesday,18
1878,2023-05-27,1437,28,Electronics,159.6710901438817,3,15,Debit Card,4,5,0,407.1612798668984,5,Saturday,21
1879,2023-02-24,1750,41,Home,812.200105960136,4,15,Debit Card,6,4,0,2761.4803602644624,2,Friday,8
1880,2023-08-26,1500,46,Books,762.2799169984021,3,10,Credit Card,9,3,0,2058.155775895686,8,Saturday,34
1881,2023-12-22,2081,20,Fashion,489.58121612605504,3,10,Net Banking,2,3,0,1321.8692835403485,12,Friday,51
1882,2023-06-22,2221,69,Sports,542.3930700166635,2,0,Net Banking,4,5,0,1084.786140033327,6,Thursday,25
1883,2023-08-09,1210,27,Home,68.94869662247129,2,5,Debit Card,10,4,0,131.00252358269543,8,Wednesday,32
1884,2023-04-29,1901,18,Books,559.9522788037751,1,20,Debit Card,5,5,0,447.9618230430201,4,Saturday,17
1885,2023-11-05,1044,69,Fashion,793.4281087794401,3,20,Credit Card,14,4,0,1904.2274610706563,11,Sunday,44
1886,2023-07-02,2120,60,Home,578.0892978480186,1,5,Debit Card,8,3,0,549.1848329556177,7,Sunday,26
1887,2023-10-15,2302,43,Electronics,272.65330641921474,4,20,Debit Card,8,4,0,872.4905805414872,10,Sunday,41
1888,2023-11-03,1534,29,Sports,670.8727896109939,1,20,Net Banking,2,5,0,536.6982316887951,11,Friday,44
1889,2023-10-27,2433,31,Books,367.8735456655952,3,20,Debit Card,6,4,0,882.8965095974286,10,Friday,43
1890,2023-03-23,1460,42,Fashion,549.4245514428778,2,10,Credit Card,6,5,0,988.9641925971802,3,Thursday,12
1891,2023-07-30,1390,25,Electronics,492.6897096461355,2,10,Debit Card,13,4,0,886.841477363044,7,Sunday,30
1892,2023-05-30,2067,60,Home,387.3632509555283,1,10,Debit Card,14,4,0,348.6269258599755,5,Tuesday,22
1893,2023-02-06,1026,21,Sports,721.6892005901938,2,5,Debit Card,5,5,0,1371.209481121368,2,Monday,6
1894,2023-12-18,1793,45,Home,885.037350866023,3,15,Digital Wallet,8,4,0,2256.845244708358,12,Monday,51
1895,2023-11-08,2120,24,Home,15.160393292155694,3,20,Debit Card,10,4,0,36.38494390117366,11,Wednesday,45
1896,2023-12-27,1974,27,Fashion,934.2803540380636,4,0,Credit Card,2,1,0,3737.1214161522544,12,Wednesday,52
1897,2023-02-28,1547,68,Electronics,516.3999847223927,2,10,Net Banking,14,3,0,929.5199725003068,2,Tuesday,9
1898,2023-05-11,1620,53,Books,703.7245615596325,2,0,Net Banking,13,4,0,1407.449123119265,5,Thursday,19
1899,2023-07-21,1566,19,Fashion,857.0683205141183,4,20,Digital Wallet,2,4,0,2742.618625645179,7,Friday,29
1900,2023-08-31,1703,43,Sports,472.43265539112724,1,15,Credit Card,14,4,0,401.5677570824582,8,Thursday,35
1901,2023-02-04,2242,67,Home,836.6243326312414,4,0,Net Banking,7,4,1,3346.4973305249655,2,Saturday,5
1902,2023-04-03,1184,31,Sports,185.8436212606502,2,20,Net Banking,9,5,0,297.3497940170403,4,Monday,14
1903,2023-07-26,2092,33,Fashion,167.57585913501632,1,20,Debit Card,3,3,0,134.06068730801306,7,Wednesday,30
1904,2023-12-19,2153,60,Fashion,660.896655167592,3,10,Debit Card,7,5,0,1784.4209689524985,12,Tuesday,51
1905,2023-11-28,1847,59,Books,871.4415754962198,3,15,Debit Card,3,4,0,2222.1760175153604,11,Tuesday,48
1906,2023-11-01,1598,34,Home,893.501915760679,4,20,Digital Wallet,12,5,0,2859.2061304341732,11,Wednesday,44
1907,2023-12-16,1805,63,Fashion,647.3030537934741,3,15,Debit Card,6,5,0,1650.6227871733588,12,Saturday,50
1908,2023-08-01,2357,39,Sports,530.2343379072244,2,10,Credit Card,3,5,0,954.4218082330038,8,Tuesday,31
1909,2023-06-08,2177,21,Books,338.07915681955103,4,0,Digital Wallet,1,5,0,1352.3166272782041,6,Thursday,23
1910,2023-01-24,1078,36,Sports,980.2004114433381,2,5,Net Banking,6,4,0,1862.3807817423424,1,Tuesday,4
1911,2023-10-20,1578,19,Home,326.498729799588,2,5,Net Banking,11,4,0,620.3475866192172,10,Friday,42
1912,2023-01-04,1412,56,Books,746.7442461592773,1,5,Credit Card,3,5,0,709.4070338513134,1,Wednesday,1
1913,2023-08-08,1545,26,Books,536.6619819059507,1,15,Credit Card,1,4,0,456.1626846200581,8,Tuesday,32
1914,2023-12-30,1168,36,Books,612.4272191000932,1,5,Net Banking,5,4,0,581.8058581450886,12,Saturday,52
1915,2023-01-20,1680,33,Electronics,399.5457450827399,3,0,Credit Card,8,4,0,1198.63723524822,1,Friday,3
1916,2023-06-01,1582,42,Books,965.1748942175253,1,20,Credit Card,8,4,0,772.1399153740203,6,Thursday,22
1917,2023-02-19,1514,65,Sports,575.9655028382783,2,15,Credit Card,8,5,0,979.1413548250731,2,Sunday,7
1918,2023-06-26,2337,35,Sports,938.4097541542021,4,0,Debit Card,3,1,0,3753.6390166168085,6,Monday,26
1919,2023-04-06,1031,40,Home,17.51550201217498,4,15,Net Banking,8,2,0,59.55270684139493,4,Thursday,14
1920,2023-04-15,1286,38,Fashion,576.9438773592098,2,15,Credit Card,4,5,0,980.8045915106566,4,Saturday,15
1921,2023-09-07,1593,28,Fashion,720.0150208280187,3,15,Credit Card,8,3,0,1836.0383031114475,9,Thursday,36
1922,2023-04-27,2066,56,Electronics,747.6293694505958,4,10,Debit Card,3,4,0,2691.465730022145,4,Thursday,17
1923,2023-12-20,1616,58,Books,905.9271129638645,2,20,Net Banking,3,5,0,1449.4833807421833,12,Wednesday,51
1924,2023-08-16,2024,21,Electronics,14.357592913748416,2,5,Digital Wallet,1,1,0,27.27942653612199,8,Wednesday,33
1925,2023-03-07,1269,42,Home,10.326857666881672,2,10,Net Banking,8,5,0,18.588343800387012,3,Tuesday,10
1926,2023-12-01,2203,49,Home,477.5408261872632,4,20,Net Banking,8,2,0,1528.1306437992423,12,Friday,48
1927,2023-09-19,1517,47,Fashion,39.000767955316945,4,5,Net Banking,9,3,0,148.20291823020438,9,Tuesday,38
1928,2023-10-22,2126,62,Home,974.7872281257509,1,10,Debit Card,6,1,0,877.3085053131758,10,Sunday,42
1929,2023-08-31,2033,43,Books,229.84452279597804,1,10,Net Banking,12,5,0,206.86007051638023,8,Thursday,35
1930,2023-07-05,1582,53,Sports,477.9380820711963,2,0,Digital Wallet,2,5,0,955.8761641423926,7,Wednesday,27
1931,2023-09-03,2113,68,Home,70.52625371210138,2,10,Credit Card,1,5,0,126.94725668178249,9,Sunday,35
1932,2023-05-05,1225,51,Electronics,526.827932009546,2,15,Net Banking,8,5,0,895.6074844162281,5,Friday,18
1933,2023-09-25,1669,26,Books,386.1565638959344,2,10,Debit Card,10,3,0,695.081815012682,9,Monday,39
1934,2023-05-11,1916,29,Home,54.21342858845152,4,15,Net Banking,4,5,0,184.32565720073518,5,Thursday,19
1935,2023-08-25,1125,19,Home,341.7730240292625,1,20,Net Banking,11,5,0,273.41841922341,8,Friday,34
1936,2023-01-18,1955,55,Books,397.52166002062705,3,20,Digital Wallet,14,4,0,954.051984049505,1,Wednesday,3
1937,2023-02-09,2232,22,Home,990.0222763621906,2,15,Digital Wallet,11,5,0,1683.037869815724,2,Thursday,6
1938,2023-01-21,2120,22,Sports,215.8070132001817,1,0,Debit Card,7,5,0,215.8070132001817,1,Saturday,3
1939,2023-08-13,1073,69,Fashion,549.3318192163987,2,0,Debit Card,14,5,0,1098.6636384327974,8,Sunday,32
1940,2023-12-21,2214,39,Books,987.4423937066423,4,20,Debit Card,10,3,0,3159.8156598612554,12,Thursday,51
1941,2023-10-09,1055,22,Electronics,794.0990158607337,3,10,Debit Card,12,5,0,2144.067342823981,10,Monday,41
1942,2023-01-08,1719,21,Home,993.433825873268,1,20,Debit Card,4,2,0,794.7470606986144,1,Sunday,1
1943,2023-04-10,1552,26,Fashion,968.6153315135675,1,20,Credit Card,1,5,0,774.892265210854,4,Monday,15
1944,2023-08-28,1031,46,Electronics,494.64414667321273,3,15,Credit Card,8,3,0,1261.3425740166924,8,Monday,35
1945,2023-03-28,1573,39,Electronics,699.4120913718601,4,0,Debit Card,10,5,0,2797.6483654874405,3,Tuesday,13
1946,2023-10-25,1666,44,Sports,119.33869567173959,3,15,Debit Card,14,4,0,304.3136739629359,10,Wednesday,43
1947,2023-01-14,1283,27,Fashion,446.73733679633386,1,20,Credit Card,9,5,0,357.3898694370671,1,Saturday,2
1948,2023-11-30,1186,33,Books,810.9283568440304,3,5,Digital Wallet,10,3,0,2311.1458170054866,11,Thursday,48
1949,2023-01-02,1497,59,Fashion,510.28196776737195,4,10,Credit Card,9,5,1,1837.0150839625392,1,Monday,1
1950,2023-10-20,2465,59,Fashion,705.6720424890595,4,20,Debit Card,9,5,0,2258.1505359649905,10,Friday,42
1951,2023-11-21,1129,68,Electronics,748.2938166844342,2,15,Digital Wallet,12,5,0,1272.099488363538,11,Tuesday,47
1952,2023-02-10,1638,27,Sports,260.9344498304649,3,5,Debit Card,12,2,0,743.663182016825,2,Friday,6
1953,2023-11-14,2315,23,Sports,876.9423792131398,3,5,Net Banking,11,4,0,2499.2857807574483,11,Tuesday,46
1954,2023-11-12,1113,66,Fashion,465.22420660008714,1,20,Digital Wallet,11,4,0,372.17936528006976,11,Sunday,45
1955,2023-04-21,2222,22,Fashion,218.0832525853283,4,0,Debit Card,12,4,0,872.3330103413132,4,Friday,16
1956,2023-01-14,1012,23,Home,866.7617229705593,3,5,Credit Card,4,5,0,2470.270910466094,1,Saturday,2
1957,2023-08-19,2294,64,Electronics,423.6406180451911,1,10,Debit Card,9,5,0,381.276556240672,8,Saturday,33
1958,2023-03-25,2238,42,Books,752.8093139959225,2,15,Credit Card,11,4,0,1279.7758337930682,3,Saturday,12
1959,2023-05-10,1443,68,Books,552.552741499377,3,15,Digital Wallet,4,4,0,1409.0094908234112,5,Wednesday,19
1960,2023-08-19,1446,67,Sports,388.0530347121554,3,15,Credit Card,2,5,0,989.5352385159964,8,Saturday,33
1961,2023-11-22,1985,21,Electronics,811.7776508881836,1,20,Digital Wallet,10,3,0,649.422120710547,11,Wednesday,47
1962,2023-05-25,1992,57,Sports,588.6252323281669,1,15,Debit Card,3,3,1,500.33144747894187,5,Thursday,21
1963,2023-12-11,1714,65,Books,396.6564814027614,4,15,Credit Card,2,4,0,1348.6320367693888,12,Monday,50
1964,2023-01-28,1073,49,Fashion,118.50189163177575,4,10,Digital Wallet,14,3,0,426.6068098743927,1,Saturday,4
1965,2023-03-07,1536,68,Electronics,896.4908606290408,4,0,Digital Wallet,1,4,0,3585.963442516163,3,Tuesday,10
1966,2023-06-12,1100,69,Electronics,45.11488948824989,3,20,Digital Wallet,11,5,0,108.27573477179972,6,Monday,24
1967,2023-08-17,1175,52,Home,864.5554748843756,1,20,Net Banking,6,3,0,691.6443799075005,8,Thursday,33
1968,2023-09-18,1426,27,Fashion,366.3619096343239,4,15,Digital Wallet,4,5,0,1245.6304927567014,9,Monday,38
1969,2023-06-13,2140,51,Fashion,642.9453758663918,3,10,Debit Card,7,5,0,1735.9525148392581,6,Tuesday,24
1970,2023-10-28,2189,53,Sports,922.9777265973285,4,5,Debit Card,7,5,0,3507.3153610698478,10,Saturday,43
1971,2023-10-30,1040,23,Electronics,160.18954934885943,2,15,Debit Card,14,3,0,272.322233893061,10,Monday,44
1972,2023-10-14,1428,60,Sports,571.280970882422,3,15,Digital Wallet,10,3,0,1456.7664757501761,10,Saturday,41
1973,2023-01-10,1343,63,Fashion,766.7885337464901,4,20,Debit Card,1,3,0,2453.7233079887683,1,Tuesday,2
1974,2023-07-14,2447,33,Home,760.0079943918668,4,20,Digital Wallet,12,5,0,2432.0255820539737,7,Friday,28
1975,2023-04-28,1365,36,Electronics,530.3755954535089,2,15,Digital Wallet,13,5,1,901.6385122709652,4,Friday,17
1976,2023-09-27,2143,51,Fashion,628.4920653073935,2,20,Digital Wallet,9,5,0,1005.5873044918297,9,Wednesday,39
1977,2023-03-21,1608,42,Home,759.9517241915161,4,10,Net Banking,8,4,0,2735.826207089458,3,Tuesday,12
1978,2023-04-03,1656,48,Books,842.6173613798376,4,5,Credit Card,10,4,1,3201.9459732433825,4,Monday,14
1979,2023-09-23,1727,66,Fashion,764.1949659071051,1,5,Debit Card,1,4,0,725.9852176117498,9,Saturday,38
1980,2023-11-28,1228,58,Books,360.46489374943025,4,5,Net Banking,13,4,0,1369.766596247835,11,Tuesday,48
1981,2023-12-16,1824,34,Sports,996.7591370471558,4,15,Debit Card,8,4,0,3388.98106596033,12,Saturday,50
1982,2023-12-27,2153,64,Books,440.15766678211133,1,15,Net Banking,5,5,0,374.13401676479464,12,Wednesday,52
1983,2023-09-14,2375,47,Fashion,34.22005573134409,1,15,Credit Card,1,4,0,29.087047371642477,9,Thursday,37
1984,2023-05-13,1888,56,Books,368.9907820696074,4,10,Credit Card,4,5,0,1328.3668154505867,5,Saturday,19
1985,2023-10-03,2341,48,Electronics,136.50512502810483,1,5,Credit Card,7,4,0,129.67986877669958,10,Tuesday,40
1986,2023-09-21,1983,36,Fashion,130.22818957109126,3,20,Credit Card,14,4,0,312.5476549706191,9,Thursday,38
1987,2023-06-20,1835,52,Home,288.7196897058254,2,20,Digital Wallet,12,5,0,461.95150352932063,6,Tuesday,25
1988,2023-01-01,2360,46,Books,62.841739235488234,3,0,Debit Card,5,3,0,188.5252177064647,1,Sunday,52
1989,2023-11-09,2296,18,Electronics,691.6270665254674,2,0,Debit Card,11,5,1,1383.2541330509348,11,Thursday,45
1990,2023-03-05,1116,21,Sports,83.24899535988602,2,20,Debit Card,3,5,0,133.19839257581765,3,Sunday,9
1991,2023-10-11,1817,45,Sports,211.25665988159662,4,5,Digital Wallet,12,5,0,802.7753075500672,10,Wednesday,41
1992,2023-05-01,1367,35,Books,101.97071734917819,2,15,Debit Card,11,5,0,173.3502194936029,5,Monday,18
1993,2023-04-17,2117,43,Sports,72.53605359400076,3,20,Credit Card,4,1,0,174.08652862560186,4,Monday,16
1994,2023-06-24,1167,57,Home,275.07414888414627,4,20,Debit Card,2,4,0,880.2372764292681,6,Saturday,25
1995,2023-07-23,1953,36,Fashion,576.1799779837662,1,0,Debit Card,8,5,0,576.1799779837662,7,Sunday,29
1996,2023-06-14,2364,23,Electronics,965.0387008823733,3,5,Net Banking,12,4,0,2750.3602975147637,6,Wednesday,24
1997,2023-11-01,1660,18,Books,876.8010878061102,4,20,Digital Wallet,2,1,0,2805.7634809795527,11,Wednesday,44
1998,2023-04-30,1694,25,Sports,877.1745861908715,2,15,Credit Card,14,3,1,1491.1967965244817,4,Sunday,17
1999,2023-02-13,1924,50,Fashion,184.30636567728104,3,15,Credit Card,13,4,0,469.9812324770666,2,Monday,7
2000,2023-11-08,1151,68,Home,272.2581215628419,2,10,Credit Card,11,5,0,490.06461881311543,11,Wednesday,45
2001,2023-06-05,1585,60,Sports,85.62938362735264,4,15,Debit Card,6,3,0,291.139904332999,6,Monday,23
2002,2023-07-26,1912,38,Sports,780.6836565160332,4,20,Credit Card,14,4,0,2498.1877008513065,7,Wednesday,30
2003,2023-04-18,1273,41,Electronics,79.11813847070633,1,20,Credit Card,7,1,0,63.29451077656506,4,Tuesday,16
2004,2023-09-08,1495,42,Home,561.1287141126447,1,15,Net Banking,7,4,0,476.959406995748,9,Friday,36
2005,2023-11-30,1100,64,Home,255.39681660071125,3,0,Debit Card,13,5,0,766.1904498021338,11,Thursday,48
2006,2023-05-10,1556,60,Books,251.0111776884573,1,5,Net Banking,1,5,0,238.46061880403443,5,Wednesday,19
2007,2023-10-20,2105,36,Electronics,990.8178046951291,2,20,Digital Wallet,8,4,0,1585.3084875122067,10,Friday,42
2008,2023-01-20,1072,46,Books,759.2120089087521,2,15,Debit Card,9,3,1,1290.6604151448785,1,Friday,3
2009,2023-10-09,2037,27,Electronics,838.5699647081397,1,15,Net Banking,14,4,0,712.7844700019186,10,Monday,41
2010,2023-10-12,2456,29,Home,576.2628584905725,1,20,Digital Wallet,14,2,0,461.01028679245803,10,Thursday,41
2011,2023-01-01,1156,50,Electronics,872.3041445198118,1,10,Net Banking,7,5,0,785.0737300678306,1,Sunday,52
2012,2023-04-29,1734,24,Electronics,649.0356337746894,3,5,Digital Wallet,13,2,0,1849.7515562578646,4,Saturday,17
2013,2023-02-04,1131,34,Electronics,946.7119677483819,3,20,Credit Card,8,4,0,2272.1087225961164,2,Saturday,5
2014,2023-07-17,2361,27,Fashion,288.5252001851804,2,15,Credit Card,4,5,0,490.49284031480664,7,Monday,29
2015,2023-09-02,2018,48,Fashion,599.366350325066,3,10,Debit Card,12,5,0,1618.2891458776785,9,Saturday,35
2016,2023-02-28,2427,23,Home,693.2300344575232,3,20,Net Banking,8,5,0,1663.7520826980556,2,Tuesday,9
2017,2023-11-21,2399,34,Electronics,399.0079319775286,4,5,Net Banking,3,5,0,1516.2301415146085,11,Tuesday,47
2018,2023-06-10,1558,67,Home,880.9109025800127,2,10,Digital Wallet,13,2,0,1585.639624644023,6,Saturday,23
2019,2023-06-28,1106,54,Fashion,980.0051314731129,2,15,Debit Card,1,3,0,1666.008723504292,6,Wednesday,26
2020,2023-07-25,1264,35,Electronics,498.83179645893495,1,0,Credit Card,13,5,1,498.83179645893495,7,Tuesday,30
2021,2023-01-12,2228,43,Books,396.7342482562957,4,5,Net Banking,13,4,1,1507.5901433739236,1,Thursday,2
2022,2023-10-03,2102,66,Fashion,477.2185492708941,1,10,Digital Wallet,8,1,0,429.4966943438047,10,Tuesday,40
2023,2023-06-30,1154,33,Fashion,854.2093782746123,3,20,Credit Card,11,5,0,2050.1025078590696,6,Friday,26
2024,2023-08-30,1987,25,Fashion,649.013741262986,2,20,Credit Card,12,5,0,1038.4219860207775,8,Wednesday,35
2025,2023-08-04,1996,41,Electronics,54.32464879291412,3,10,Credit Card,6,4,0,146.67655174086815,8,Friday,31
2026,2023-09-08,1246,30,Sports,546.7482113412577,3,20,Digital Wallet,9,2,0,1312.1957072190187,9,Friday,36
2027,2023-10-26,1530,46,Books,27.127121513560116,4,10,Digital Wallet,3,5,0,97.65763744881642,10,Thursday,43
2028,2023-05-06,1857,49,Books,780.7500172933713,4,5,Credit Card,8,4,1,2966.850065714811,5,Saturday,18
2029,2023-08-05,1537,41,Home,335.0291508070391,2,20,Digital Wallet,9,4,0,536.0466412912626,8,Saturday,31
2030,2023-11-02,1728,33,Electronics,477.28740729615606,2,5,Credit Card,9,5,0,906.8460738626965,11,Thursday,44
2031,2023-10-12,2177,28,Fashion,800.6913248485557,4,15,Credit Card,12,4,0,2722.3505044850895,10,Thursday,41
2032,2023-07-04,1153,49,Sports,55.98432911290394,4,15,Credit Card,14,3,0,190.3467189838734,7,Tuesday,27
2033,2023-02-08,1091,23,Electronics,166.95612023569433,4,15,Digital Wallet,14,4,0,567.6508088013607,2,Wednesday,6
2034,2023-08-11,2456,52,Electronics,403.9807726806637,4,15,Debit Card,7,5,0,1373.5346271142564,8,Friday,32
2035,2023-07-03,1337,50,Sports,237.62591191010497,2,20,Debit Card,12,5,0,380.201459056168,7,Monday,27
2036,2023-06-27,2154,35,Fashion,344.5224115173125,2,10,Digital Wallet,11,5,0,620.1403407311625,6,Tuesday,26
2037,2023-10-21,1449,54,Electronics,998.1929905135404,3,20,Net Banking,10,4,0,2395.663177232497,10,Saturday,42
2038,2023-12-06,1809,30,Books,827.1602931980726,3,20,Digital Wallet,3,5,0,1985.1847036753745,12,Wednesday,49
2039,2023-05-31,1786,27,Books,885.0627968105075,3,5,Net Banking,3,5,0,2522.4289709099467,5,Wednesday,22
2040,2023-05-06,1272,54,Sports,937.6840872301176,2,10,Credit Card,2,4,0,1687.8313570142118,5,Saturday,18
2041,2023-10-28,1587,43,Fashion,347.52652151105366,1,0,Net Banking,1,4,0,347.52652151105366,10,Saturday,43
2042,2023-11-04,1176,63,Sports,304.10618821850795,3,0,Credit Card,13,5,0,912.3185646555239,11,Saturday,44
2043,2023-12-02,1830,34,Electronics,241.72186764635416,1,10,Debit Card,2,5,0,217.54968088171876,12,Saturday,48
2044,2023-08-22,1642,18,Books,831.8157421950414,1,0,Credit Card,5,5,0,831.8157421950414,8,Tuesday,34
2045,2023-01-08,2072,42,Home,682.756343662333,1,10,Net Banking,1,4,0,614.4807092960998,1,Sunday,1
2046,2023-12-07,1566,51,Sports,243.81026265804852,4,5,Debit Card,10,5,0,926.4789981005844,12,Thursday,49
2047,2023-05-09,1665,56,Home,383.2238909183503,2,5,Debit Card,4,4,0,728.1253927448656,5,Tuesday,19
2048,2023-09-21,2378,27,Home,511.64464629347026,2,20,Digital Wallet,11,4,0,818.6314340695525,9,Thursday,38
2049,2023-06-06,2331,37,Books,532.8586567010161,3,0,Net Banking,10,5,0,1598.5759701030483,6,Tuesday,23
2050,2023-12-18,1867,24,Sports,889.8404512661975,3,10,Net Banking,10,5,0,2402.5692184187337,12,Monday,51
2051,2023-12-24,2069,33,Home,386.76047161774414,2,5,Digital Wallet,1,5,0,734.8448960737138,12,Sunday,51
2052,2023-01-05,1301,54,Electronics,909.4387901955072,4,20,Digital Wallet,12,5,0,2910.204128625623,1,Thursday,1
2053,2023-03-27,1867,46,Fashion,446.95388471659174,2,0,Debit Card,10,5,0,893.9077694331835,3,Monday,13
2054,2023-06-24,1911,29,Fashion,748.9089480444303,1,0,Digital Wallet,8,4,0,748.9089480444303,6,Saturday,25
2055,2023-10-17,1407,34,Books,930.9517767852054,2,0,Debit Card,12,5,0,1861.9035535704108,10,Tuesday,42
2056,2023-07-12,2212,65,Sports,908.4999469236337,4,5,Net Banking,5,5,0,3452.299798309808,7,Wednesday,28
2057,2023-11-07,1821,37,Sports,66.38333862272435,2,5,Digital Wallet,10,4,0,126.12834338317626,11,Tuesday,45
2058,2023-04-29,2152,43,Fashion,213.64725202680413,2,0,Net Banking,4,4,0,427.29450405360825,4,Saturday,17
2059,2023-08-06,1560,65,Electronics,482.13637127695233,2,5,Debit Card,3,4,0,916.0591054262094,8,Sunday,31
2060,2023-04-24,2289,36,Fashion,437.2387470535762,1,0,Credit Card,9,5,1,437.2387470535762,4,Monday,17
2061,2023-05-25,2141,64,Fashion,644.482748188835,3,15,Credit Card,6,5,0,1643.431007881529,5,Thursday,21
2062,2023-01-26,1463,29,Sports,945.2619603171581,4,5,Net Banking,12,5,0,3591.9954492052007,1,Thursday,4
2063,2023-05-16,1143,38,Home,121.28066416516933,1,10,Debit Card,1,4,0,109.1525977486524,5,Tuesday,20
2064,2023-10-30,1441,59,Electronics,457.34007848289804,2,5,Debit Card,14,5,0,868.9461491175063,10,Monday,44
2065,2023-08-20,2223,51,Sports,200.4869275082679,2,0,Credit Card,8,5,0,400.9738550165358,8,Sunday,33
2066,2023-03-17,2180,24,Fashion,895.166522413968,3,10,Debit Card,10,4,0,2416.9496105177136,3,Friday,11
2067,2023-11-24,1486,62,Home,964.9343839436364,3,20,Debit Card,2,5,0,2315.8425214647273,11,Friday,47
2068,2023-12-11,1859,52,Electronics,483.9146650714466,3,10,Net Banking,13,5,0,1306.569595692906,12,Monday,50
2069,2023-10-29,2157,32,Books,112.97019475085933,1,10,Credit Card,9,5,1,101.6731752757734,10,Sunday,43
2070,2023-10-16,1147,18,Electronics,787.4417200554465,4,5,Debit Card,11,5,0,2992.2785362106965,10,Monday,42
2071,2023-01-01,2359,43,Electronics,700.169936987475,3,10,Net Banking,7,5,0,1890.4588298661827,1,Sunday,52
2072,2023-05-27,2094,52,Fashion,361.1241183442074,2,10,Digital Wallet,3,4,0,650.0234130195732,5,Saturday,21
2073,2023-10-14,2256,42,Fashion,888.5333992292739,4,0,Credit Card,4,4,0,3554.1335969170955,10,Saturday,41
2074,2023-05-22,2357,59,Books,976.0735708848802,2,5,Net Banking,3,5,0,1854.5397846812723,5,Monday,21
2075,2023-02-22,1810,32,Books,562.2753106388934,2,0,Digital Wallet,6,4,0,1124.5506212777868,2,Wednesday,8
2076,2023-10-31,1665,39,Books,570.0706322308495,4,5,Debit Card,9,4,0,2166.268402477228,10,Tuesday,44
2077,2023-03-10,1089,23,Sports,304.53837006264007,1,20,Debit Card,10,4,0,243.63069605011208,3,Friday,10
2078,2023-12-27,2357,69,Sports,588.660975623481,4,10,Digital Wallet,9,2,0,2119.179512244532,12,Wednesday,52
2079,2023-03-31,1198,32,Fashion,445.24589731959804,3,5,Net Banking,1,5,0,1268.9508073608545,3,Friday,13
2080,2023-08-08,2184,41,Fashion,309.1691166587714,4,10,Debit Card,10,5,0,1113.008819971577,8,Tuesday,32
2081,2023-07-11,1537,38,Books,76.5133445586623,3,10,Debit Card,6,5,0,206.5860303083882,7,Tuesday,28
2082,2023-03-04,2144,24,Sports,260.1807811120336,3,15,Net Banking,1,5,0,663.4609918356857,3,Saturday,9
2083,2023-03-14,1300,46,Home,205.87610318088778,4,0,Net Banking,11,4,0,823.5044127235511,3,Tuesday,11
2084,2023-06-10,1723,49,Sports,546.6215647084094,4,5,Digital Wallet,4,4,0,2077.161945891956,6,Saturday,23
2085,2023-06-18,1962,49,Fashion,605.653321545958,3,20,Debit Card,7,5,0,1453.5679717102992,6,Sunday,24
2086,2023-03-30,2459,22,Sports,612.4860070629563,2,15,Net Banking,4,4,0,1041.2262120070257,3,Thursday,13
2087,2023-06-25,1067,21,Fashion,394.2991910352223,4,0,Credit Card,9,3,0,1577.1967641408892,6,Sunday,25
2088,2023-09-26,1458,39,Books,427.017436348641,1,20,Digital Wallet,14,5,1,341.6139490789128,9,Tuesday,39
2089,2023-03-14,1397,35,Books,835.8960453442336,3,20,Digital Wallet,10,4,0,2006.1505088261606,3,Tuesday,11
2090,2023-09-02,1619,52,Books,481.4704853819908,2,10,Digital Wallet,5,4,0,866.6468736875835,9,Saturday,35
2091,2023-03-18,2309,34,Home,987.8955988157511,4,0,Digital Wallet,14,1,0,3951.5823952630044,3,Saturday,11
2092,2023-06-08,2163,67,Home,445.22105770877624,4,15,Credit Card,9,5,0,1513.7515962098391,6,Thursday,23
2093,2023-11-20,1729,67,Fashion,653.0851351716606,2,5,Digital Wallet,1,4,0,1240.861756826155,11,Monday,47
2094,2023-04-08,1555,41,Electronics,59.85936900346184,1,5,Digital Wallet,13,3,0,56.86640055328875,4,Saturday,14
2095,2023-04-12,1780,19,Home,656.8065251746227,3,15,Net Banking,12,5,0,1674.856639195288,4,Wednesday,15
2096,2023-05-12,1893,30,Fashion,852.912130470856,4,10,Debit Card,14,5,1,3070.483669695082,5,Friday,19
2097,2023-04-12,1609,32,Sports,943.0332601479632,1,10,Digital Wallet,4,5,0,848.7299341331669,4,Wednesday,15
2098,2023-01-19,1747,22,Books,997.3474055233728,3,20,Net Banking,7,1,0,2393.6337732560946,1,Thursday,3
2099,2023-03-23,1281,20,Books,289.3568591927408,1,0,Net Banking,13,4,0,289.3568591927408,3,Thursday,12
2100,2023-10-06,1660,54,Books,579.6163641774597,3,20,Debit Card,2,4,0,1391.0792740259033,10,Friday,40
2101,2023-12-05,1923,54,Fashion,456.2108056768259,3,5,Net Banking,9,5,0,1300.2007961789536,12,Tuesday,49
2102,2023-12-31,1995,54,Books,568.1793057694193,1,15,Net Banking,3,5,0,482.9524099040064,12,Sunday,52
2103,2023-11-27,1745,20,Home,165.87842761794818,3,0,Digital Wallet,4,4,0,497.6352828538445,11,Monday,48
2104,2023-05-09,2480,52,Sports,857.588076869982,4,15,Digital Wallet,12,5,0,2915.799461357939,5,Tuesday,19
2105,2023-12-10,1086,69,Books,910.4732539111417,4,0,Net Banking,14,5,0,3641.8930156445667,12,Sunday,49
2106,2023-11-06,2102,40,Fashion,455.1650464817933,1,5,Credit Card,4,5,0,432.4067941577036,11,Monday,45
2107,2023-03-30,2228,45,Sports,287.6255629578411,1,5,Debit Card,8,5,0,273.244284809949,3,Thursday,13
2108,2023-08-01,1790,47,Books,149.4250933764822,3,0,Net Banking,2,5,0,448.2752801294466,8,Tuesday,31
2109,2023-05-23,2360,35,Electronics,686.9271765300264,3,10,Net Banking,5,5,0,1854.7033766310713,5,Tuesday,21
2110,2023-03-06,2277,69,Books,319.10952122452784,1,0,Credit Card,2,4,0,319.10952122452784,3,Monday,10
2111,2023-03-17,1303,53,Home,910.4431842142548,2,5,Debit Card,12,4,0,1729.842050007084,3,Friday,11
2112,2023-07-18,2403,50,Sports,674.3023500964214,1,15,Net Banking,6,5,0,573.1569975819582,7,Tuesday,29
2113,2023-05-23,1129,43,Home,649.2284719224983,2,20,Net Banking,9,4,0,1038.7655550759973,5,Tuesday,21
2114,2023-11-12,1595,65,Electronics,563.8080947392584,2,15,Digital Wallet,12,4,0,958.4737610567392,11,Sunday,45
2115,2023-04-03,2299,57,Electronics,55.31857603443835,1,5,Net Banking,9,5,0,52.55264723271643,4,Monday,14
2116,2023-11-01,1557,34,Home,932.603211328731,1,15,Credit Card,14,5,1,792.7127296294213,11,Wednesday,44
2117,2023-08-12,1898,57,Sports,631.6581183664654,1,10,Net Banking,1,5,0,568.4923065298188,8,Saturday,32
2118,2023-10-18,2206,24,Electronics,994.1213635492793,2,10,Debit Card,4,5,0,1789.4184543887027,10,Wednesday,42
2119,2023-04-12,2291,25,Electronics,541.9828407251582,4,0,Debit Card,4,3,0,2167.931362900633,4,Wednesday,15
2120,2023-09-24,2345,48,Books,713.009782987151,4,15,Credit Card,1,5,0,2424.2332621563132,9,Sunday,38
2121,2023-12-21,1077,29,Fashion,65.64746228755995,1,15,Net Banking,10,5,0,55.80034294442595,12,Thursday,51
2122,2023-04-20,1783,65,Electronics,635.4188150551768,1,5,Net Banking,2,4,0,603.6478743024179,4,Thursday,16
2123,2023-11-26,2362,48,Sports,767.0031154744537,3,0,Net Banking,6,5,0,2301.009346423361,11,Sunday,47
2124,2023-09-22,1673,61,Sports,780.7291519040317,3,0,Net Banking,10,5,0,2342.187455712095,9,Friday,38
2125,2023-01-03,1237,36,Books,772.4105357079826,3,15,Net Banking,3,4,1,1969.6468660553558,1,Tuesday,1
2126,2023-03-26,2157,27,Sports,234.019801020731,1,20,Debit Card,9,3,0,187.2158408165848,3,Sunday,12
2127,2023-10-09,2215,56,Books,975.6444928291736,4,15,Digital Wallet,3,4,0,3317.19127561919,10,Monday,41
2128,2023-11-24,2379,29,Electronics,995.2302994186894,4,15,Debit Card,3,4,0,3383.7830180235437,11,Friday,47
2129,2023-10-31,1277,37,Electronics,84.83991640998525,1,15,Digital Wallet,9,5,0,72.11392894848746,10,Tuesday,44
2130,2023-04-27,2041,54,Electronics,937.0819585836397,1,10,Debit Card,3,5,0,843.3737627252757,4,Thursday,17
2131,2023-08-09,1523,65,Electronics,296.5547023613256,2,0,Credit Card,6,3,0,593.1094047226512,8,Wednesday,32
2132,2023-06-03,1179,58,Fashion,692.3912409334552,2,10,Net Banking,6,4,0,1246.3042336802193,6,Saturday,22
2133,2023-06-02,1122,24,Fashion,344.7298115287708,4,20,Digital Wallet,1,5,0,1103.1353968920666,6,Friday,22
2134,2023-01-12,2269,69,Electronics,968.0767801393903,3,5,Debit Card,13,5,0,2759.018823397262,1,Thursday,2
2135,2023-05-13,2396,31,Sports,110.48881972050012,4,20,Digital Wallet,13,5,0,353.5642231056004,5,Saturday,19
2136,2023-10-31,2074,28,Books,502.76934878681226,2,0,Net Banking,7,5,0,1005.5386975736245,10,Tuesday,44
2137,2023-10-20,2094,24,Home,433.7673140226539,4,5,Credit Card,9,5,0,1648.3157932860847,10,Friday,42
2138,2023-10-27,1479,46,Books,332.76321775520506,2,20,Net Banking,9,5,0,532.4211484083281,10,Friday,43
2139,2023-08-16,2042,27,Home,649.0786509713471,2,0,Debit Card,9,3,0,1298.1573019426942,8,Wednesday,33
2140,2023-09-28,1083,46,Home,139.7451859874508,3,20,Debit Card,2,4,0,335.388446369882,9,Thursday,39
2141,2023-02-12,2178,26,Electronics,719.4957939523599,3,5,Digital Wallet,1,4,0,2050.5630127642253,2,Sunday,6
2142,2023-12-09,1564,53,Home,980.7862025667395,2,5,Credit Card,6,1,0,1863.493784876805,12,Saturday,49
2143,2023-11-22,1618,65,Electronics,806.5131273239439,1,20,Credit Card,6,4,1,645.2105018591551,11,Wednesday,47
2144,2023-10-29,1356,27,Fashion,861.4165853804499,3,10,Debit Card,4,5,0,2325.824780527215,10,Sunday,43
2145,2023-12-30,1815,36,Sports,366.04037574721247,2,20,Digital Wallet,13,3,0,585.66460119554,12,Saturday,52
2146,2023-01-21,1646,48,Home,331.63774041640653,1,20,Net Banking,8,3,0,265.31019233312526,1,Saturday,3
2147,2023-04-17,1442,34,Sports,521.8778711432319,1,20,Net Banking,5,5,0,417.50229691458554,4,Monday,16
2148,2023-12-02,2092,26,Electronics,55.269348614649964,4,10,Debit Card,7,3,1,198.96965501273988,12,Saturday,48
2149,2023-10-30,1522,62,Home,945.9045531119673,4,15,Debit Card,9,3,0,3216.0754805806887,10,Monday,44
2150,2023-04-27,1142,50,Books,152.34732128603028,3,5,Net Banking,13,5,0,434.1898656651863,4,Thursday,17
2151,2023-05-04,1191,51,Fashion,903.9829087764115,1,0,Net Banking,1,1,0,903.9829087764115,5,Thursday,18
2152,2023-10-08,2410,62,Fashion,92.74639978035214,3,5,Net Banking,9,4,0,264.32723937400357,10,Sunday,40
2153,2023-10-19,1377,41,Home,824.3986784017745,2,5,Digital Wallet,13,1,0,1566.3574889633715,10,Thursday,42
2154,2023-07-22,1580,26,Fashion,160.44290061943298,3,15,Credit Card,13,5,0,409.12939657955405,7,Saturday,29
2155,2023-02-20,1534,24,Books,47.75029795055797,1,5,Debit Card,4,5,0,45.36278305303007,2,Monday,8
2156,2023-09-28,2316,33,Sports,722.2945557568146,4,5,Debit Card,7,1,0,2744.7193118758955,9,Thursday,39
2157,2023-11-20,2032,36,Books,287.462647172684,3,10,Digital Wallet,11,5,0,776.1491473662468,11,Monday,47
2158,2023-10-04,2294,56,Fashion,717.351191256506,4,10,Net Banking,4,3,0,2582.4642885234216,10,Wednesday,40
2159,2023-05-21,2410,23,Sports,559.5343979680915,3,10,Digital Wallet,4,4,0,1510.7428745138473,5,Sunday,20
2160,2023-10-02,1092,67,Books,117.71931632776493,2,10,Net Banking,13,5,0,211.8947693899769,10,Monday,40
2161,2023-10-17,1528,68,Electronics,932.8087725681521,1,10,Debit Card,14,3,0,839.5278953113369,10,Tuesday,42
2162,2023-11-30,2177,28,Electronics,457.7910330158428,3,0,Credit Card,4,4,1,1373.3730990475283,11,Thursday,48
2163,2023-02-21,1404,29,Sports,737.1028050207011,2,15,Digital Wallet,6,4,0,1253.0747685351919,2,Tuesday,8
2164,2023-01-27,1839,59,Sports,506.0103662954689,2,20,Net Banking,5,5,0,809.6165860727502,1,Friday,4
2165,2023-06-06,2172,30,Sports,608.3178602115927,2,10,Debit Card,2,5,0,1094.9721483808669,6,Tuesday,23
2166,2023-08-27,1888,29,Electronics,309.7458564331255,4,15,Credit Card,9,5,0,1053.1359118726266,8,Sunday,34
2167,2023-06-05,2290,38,Books,208.3567009634158,4,20,Digital Wallet,11,5,0,666.7414430829306,6,Monday,23
2168,2023-10-18,1421,27,Sports,547.1445013739872,2,5,Digital Wallet,6,5,1,1039.5745526105757,10,Wednesday,42
2169,2023-05-16,1471,37,Electronics,445.81678324129194,2,5,Debit Card,10,5,0,847.0518881584546,5,Tuesday,20
2170,2023-05-24,1892,67,Sports,396.2120812995938,3,15,Digital Wallet,6,4,1,1010.3408073139642,5,Wednesday,21
2171,2023-04-16,1546,53,Sports,675.8415231436768,3,0,Debit Card,9,5,0,2027.5245694310304,4,Sunday,15
2172,2023-06-07,1630,45,Sports,693.6015656910246,1,0,Digital Wallet,1,5,0,693.6015656910246,6,Wednesday,23
2173,2023-05-26,2037,41,Electronics,55.46085553035041,3,15,Credit Card,7,5,0,141.42518160239354,5,Friday,21
2174,2023-01-02,1777,22,Books,345.3570493012354,1,0,Credit Card,3,1,1,345.3570493012354,1,Monday,1
2175,2023-03-18,1363,54,Electronics,417.6469047241136,1,0,Digital Wallet,4,3,0,417.6469047241136,3,Saturday,11
2176,2023-05-12,1118,29,Electronics,105.92323955252643,1,5,Debit Card,1,5,0,100.6270775749001,5,Friday,19
2177,2023-03-31,2261,52,Sports,243.54185803130548,4,0,Net Banking,3,5,0,974.1674321252219,3,Friday,13
2178,2023-12-11,1545,57,Home,61.12537925052907,3,0,Digital Wallet,14,5,0,183.3761377515872,12,Monday,50
2179,2023-12-16,2192,19,Home,996.2796776308504,2,15,Net Banking,14,5,0,1693.6754519724457,12,Saturday,50
2180,2023-09-20,1521,67,Home,739.1916309401461,1,0,Debit Card,14,5,0,739.1916309401461,9,Wednesday,38
2181,2023-12-17,1633,58,Electronics,96.57565493772614,2,10,Net Banking,7,4,0,173.83617888790707,12,Sunday,50
2182,2023-04-18,1962,62,Sports,30.046885992191193,1,10,Digital Wallet,14,4,0,27.042197392972074,4,Tuesday,16
2183,2023-03-15,1957,56,Home,722.0949221507574,3,15,Credit Card,6,5,0,1841.3420514844315,3,Wednesday,11
2184,2023-02-08,1882,59,Fashion,444.8002440258403,1,10,Debit Card,13,5,0,400.32021962325626,2,Wednesday,6
2185,2023-06-08,1779,26,Fashion,788.9287419739302,3,5,Credit Card,1,5,0,2248.4469146257006,6,Thursday,23
2186,2023-03-12,1870,39,Fashion,924.2412774401998,2,15,Credit Card,9,4,0,1571.2101716483396,3,Sunday,10
2187,2023-11-08,1515,64,Books,603.3073851262088,3,0,Credit Card,4,5,0,1809.9221553786265,11,Wednesday,45
2188,2023-08-29,1937,22,Sports,195.2373386880805,2,10,Digital Wallet,7,5,0,351.4272096385449,8,Tuesday,35
2189,2023-10-25,2420,29,Electronics,784.372095685988,3,5,Debit Card,4,5,0,2235.460472705066,10,Wednesday,43
2190,2023-02-05,1865,18,Electronics,956.2536257426307,1,15,Net Banking,7,4,0,812.8155818812361,2,Sunday,5
2191,2023-03-25,1105,61,Sports,584.4289741893564,1,15,Credit Card,5,3,0,496.76462806095293,3,Saturday,12
2192,2023-09-20,2108,39,Books,685.1774728079262,3,0,Net Banking,1,4,0,2055.5324184237784,9,Wednesday,38
2193,2023-11-06,1213,55,Sports,344.0999480863063,2,20,Debit Card,4,4,0,550.5599169380902,11,Monday,45
2194,2023-06-21,2144,68,Books,387.71241771370813,2,10,Debit Card,3,5,0,697.8823518846747,6,Wednesday,25
2195,2023-06-22,2155,36,Home,737.3079528745333,2,5,Net Banking,6,1,0,1400.885110461613,6,Thursday,25
2196,2023-12-28,1849,33,Home,928.493387422751,3,15,Net Banking,6,5,0,2367.658137928015,12,Thursday,52
2197,2023-02-16,1196,48,Books,632.6985033521087,3,10,Credit Card,1,5,0,1708.2859590506935,2,Thursday,7
2198,2023-05-21,1018,68,Sports,791.949429400494,3,5,Net Banking,14,2,0,2257.0558737914075,5,Sunday,20
2199,2023-04-28,1641,20,Home,179.91866724121928,3,5,Net Banking,14,5,0,512.7682016374749,4,Friday,17
2200,2023-10-04,2035,40,Sports,219.83949935539383,2,15,Digital Wallet,11,4,0,373.7271489041695,10,Wednesday,40
2201,2023-08-02,2104,59,Home,536.7143399650562,2,10,Credit Card,2,5,0,966.0858119371012,8,Wednesday,31
2202,2023-08-08,1329,35,Sports,184.78865032041213,4,5,Credit Card,13,2,0,702.196871217566,8,Tuesday,32
2203,2023-01-26,1865,43,Sports,638.6451195187144,3,15,Debit Card,12,5,0,1628.5450547727216,1,Thursday,4
2204,2023-01-09,1773,30,Fashion,298.736653540752,4,10,Net Banking,2,5,0,1075.4519527467073,1,Monday,2
2205,2023-09-28,1391,35,Books,793.617292480223,3,10,Digital Wallet,12,5,0,2142.766689696602,9,Thursday,39
2206,2023-01-10,1636,20,Electronics,810.0292431482001,4,15,Debit Card,10,5,0,2754.09942670388,1,Tuesday,2
2207,2023-05-01,1306,40,Books,469.14958119779953,2,10,Digital Wallet,14,5,1,844.4692461560392,5,Monday,18
2208,2023-05-05,2290,20,Sports,189.00252868725892,2,20,Credit Card,4,3,0,302.4040458996143,5,Friday,18
2209,2023-06-19,2470,42,Sports,650.3072114711132,4,5,Net Banking,13,3,0,2471.16740359023,6,Monday,25
2210,2023-03-13,2464,44,Books,992.8591480809505,1,5,Digital Wallet,9,4,1,943.2161906769029,3,Monday,11
2211,2023-06-01,1894,61,Sports,626.3649889630981,3,10,Debit Card,11,5,0,1691.1854702003648,6,Thursday,22
2212,2023-07-27,1651,44,Home,45.41694380686777,4,15,Credit Card,2,3,0,154.41760894335042,7,Thursday,30
2213,2023-02-18,1840,69,Sports,27.121036009411757,4,0,Digital Wallet,11,5,0,108.48414403764703,2,Saturday,7
2214,2023-06-03,2025,56,Books,327.15835078738314,1,10,Digital Wallet,8,5,0,294.44251570864486,6,Saturday,22
2215,2023-12-13,1519,42,Books,203.82596879180082,2,0,Debit Card,11,4,0,407.65193758360164,12,Wednesday,50
2216,2023-10-20,1635,41,Books,814.9206950718751,4,10,Digital Wallet,12,4,0,2933.7145022587506,10,Friday,42
2217,2023-03-09,2332,25,Fashion,846.3576103656404,2,0,Credit Card,1,5,0,1692.7152207312809,3,Thursday,10
2218,2023-02-19,1739,26,Fashion,266.0325835973714,3,10,Digital Wallet,12,3,0,718.2879757129028,2,Sunday,7
2219,2023-06-01,1468,63,Fashion,332.3883291803938,1,15,Net Banking,8,4,0,282.53007980333473,6,Thursday,22
2220,2023-01-19,1211,54,Fashion,243.8844980379635,2,0,Net Banking,3,2,0,487.768996075927,1,Thursday,3
2221,2023-04-10,2135,47,Fashion,909.2987218975513,4,20,Debit Card,14,5,0,2909.7559100721646,4,Monday,15
2222,2023-03-01,2031,36,Fashion,507.62284127605943,1,15,Net Banking,5,5,0,431.4794150846505,3,Wednesday,9
2223,2023-06-16,1803,33,Fashion,659.5756736411997,1,10,Net Banking,1,4,0,593.6181062770797,6,Friday,24
2224,2023-07-21,1476,41,Books,421.3272658326073,1,0,Digital Wallet,1,4,0,421.3272658326073,7,Friday,29
2225,2023-12-11,1873,61,Electronics,634.7040515694858,1,5,Credit Card,6,4,0,602.9688489910116,12,Monday,50
2226,2023-05-26,1459,38,Fashion,391.99682295451873,1,15,Credit Card,3,2,0,333.19729951134093,5,Friday,21
2227,2023-06-13,1252,53,Books,346.2816533519332,3,0,Digital Wallet,8,5,0,1038.8449600557997,6,Tuesday,24
2228,2023-08-30,1751,57,Electronics,638.1352724417454,3,15,Net Banking,4,5,0,1627.2449447264507,8,Wednesday,35
2229,2023-03-10,2461,56,Fashion,595.1514572684994,1,0,Digital Wallet,6,5,0,595.1514572684994,3,Friday,10
2230,2023-06-24,1980,64,Electronics,300.59267462627014,4,5,Net Banking,13,4,0,1142.2521635798264,6,Saturday,25
2231,2023-02-18,1853,23,Electronics,157.85496581627868,4,20,Net Banking,10,5,0,505.13589061209177,2,Saturday,7
2232,2023-04-18,1235,22,Home,374.89092689975627,3,5,Net Banking,12,4,0,1068.4391416643052,4,Tuesday,16
2233,2023-08-14,2329,31,Sports,421.0456627504901,2,10,Credit Card,9,5,0,757.8821929508822,8,Monday,33
2234,2023-06-10,1477,62,Home,632.3974900903588,1,15,Debit Card,14,5,0,537.537866576805,6,Saturday,23
2235,2023-04-29,1678,59,Electronics,915.3834760004951,4,20,Credit Card,8,3,0,2929.2271232015846,4,Saturday,17
2236,2023-05-29,2043,67,Books,45.82294955759589,3,15,Net Banking,4,2,0,116.84852137186951,5,Monday,22
2237,2023-05-30,1215,21,Fashion,251.22440241642647,3,0,Digital Wallet,10,5,0,753.6732072492794,5,Tuesday,22
2238,2023-10-20,1854,25,Sports,201.77878285676474,2,10,Digital Wallet,8,3,0,363.20180914217656,10,Friday,42
2239,2023-05-23,1134,41,Fashion,507.27146460684577,2,10,Net Banking,7,5,0,913.0886362923223,5,Tuesday,21
2240,2023-06-09,1904,28,Books,435.4037989727282,4,15,Debit Card,5,5,0,1480.372916507276,6,Friday,23
2241,2023-01-11,2152,34,Sports,731.7472475819866,2,10,Credit Card,7,4,0,1317.145045647576,1,Wednesday,2
2242,2023-05-18,1409,67,Home,249.9917534194152,2,15,Credit Card,7,5,0,424.9859808130058,5,Thursday,20
2243,2023-03-19,2445,38,Electronics,598.553382092261,1,0,Net Banking,14,5,0,598.553382092261,3,Sunday,11
2244,2023-03-18,2317,43,Books,885.0186909639597,3,0,Net Banking,13,5,0,2655.056072891879,3,Saturday,11
2245,2023-09-11,2269,60,Electronics,911.5709625191216,3,15,Debit Card,10,4,0,2324.50595442376,9,Monday,37
2246,2023-09-15,1085,65,Electronics,959.1967586777808,2,5,Credit Card,2,5,0,1822.4738414877836,9,Friday,37
2247,2023-11-16,1555,61,Fashion,775.5285405591887,3,5,Debit Card,7,2,0,2210.256340593688,11,Thursday,46
2248,2023-10-18,2398,62,Books,906.9280271963258,3,0,Credit Card,3,4,0,2720.7840815889776,10,Wednesday,42
2249,2023-09-20,2469,44,Electronics,242.18556326542148,4,20,Debit Card,8,4,0,774.9938024493488,9,Wednesday,38
2250,2023-03-26,1377,33,Home,205.60513490697224,3,5,Debit Card,8,5,0,585.9746344848709,3,Sunday,12
2251,2023-05-26,2413,43,Sports,16.42320294272119,2,15,Debit Card,9,4,0,27.919445002626023,5,Friday,21
2252,2023-11-19,2074,50,Books,709.7759138548074,4,0,Digital Wallet,11,5,0,2839.1036554192297,11,Sunday,46
2253,2023-02-11,1241,48,Fashion,938.0925159356069,3,10,Digital Wallet,4,5,0,2532.8497930261387,2,Saturday,6
2254,2023-05-05,2317,65,Books,195.06599159125966,3,10,Digital Wallet,10,5,0,526.678177296401,5,Friday,18
2255,2023-06-16,1919,64,Fashion,640.57413967261,4,5,Credit Card,3,5,0,2434.181730755918,6,Friday,24
2256,2023-08-29,1265,23,Sports,748.9951616295598,4,20,Debit Card,9,5,0,2396.7845172145912,8,Tuesday,35
2257,2023-10-07,2143,61,Home,928.338092796576,3,5,Net Banking,9,5,0,2645.763564470242,10,Saturday,40
2258,2023-07-07,1711,25,Electronics,650.3916217770494,1,20,Net Banking,2,5,0,520.3132974216395,7,Friday,27
2259,2023-10-29,2271,24,Books,970.5907954212648,1,5,Credit Card,6,5,0,922.0612556502016,10,Sunday,43
2260,2023-01-19,1069,51,Fashion,351.2264096024223,3,10,Credit Card,3,1,0,948.3113059265402,1,Thursday,3
2261,2023-03-09,1056,61,Sports,356.42924843369354,3,20,Net Banking,5,4,0,855.4301962408645,3,Thursday,10
2262,2023-08-06,2405,31,Electronics,547.5823849142022,4,10,Debit Card,2,5,1,1971.2965856911278,8,Sunday,31
2263,2023-04-12,1038,33,Sports,389.666862304748,4,15,Digital Wallet,4,5,1,1324.8673318361432,4,Wednesday,15
2264,2023-02-11,1800,60,Home,11.411471004657297,3,15,Credit Card,11,5,0,29.099251061876103,2,Saturday,6
2265,2023-10-15,2466,69,Electronics,734.4543048361174,3,0,Credit Card,3,5,0,2203.3629145083523,10,Sunday,41
2266,2023-06-16,2041,26,Electronics,754.1998710636985,3,10,Credit Card,2,5,0,2036.339651871986,6,Friday,24
2267,2023-04-19,1731,27,Electronics,749.5048586399027,3,10,Net Banking,6,3,0,2023.6631183277377,4,Wednesday,16
2268,2023-02-05,1824,34,Fashion,351.5704599443619,1,0,Digital Wallet,11,3,0,351.5704599443619,2,Sunday,5
2269,2023-08-20,1755,29,Electronics,527.0665785780602,4,15,Debit Card,3,1,0,1792.0263671654047,8,Sunday,33
2270,2023-08-17,1351,23,Sports,366.37378299490274,2,15,Debit Card,4,5,0,622.8354310913346,8,Thursday,33
2271,2023-12-19,2321,36,Fashion,25.876036030339314,3,20,Net Banking,6,4,0,62.10248647281435,12,Tuesday,51
2272,2023-06-13,1282,60,Electronics,566.8244518587046,3,20,Credit Card,12,5,0,1360.3786844608912,6,Tuesday,24
2273,2023-03-14,1109,58,Sports,132.52305942317093,3,15,Net Banking,13,2,0,337.9338015290859,3,Tuesday,11
2274,2023-05-16,2016,46,Sports,89.24091085052619,2,5,Net Banking,12,4,0,169.55773061599976,5,Tuesday,20
2275,2023-12-19,2203,23,Books,757.9440780098193,4,10,Debit Card,5,5,0,2728.5986808353496,12,Tuesday,51
2276,2023-03-11,1543,42,Sports,19.41114039392457,4,20,Digital Wallet,4,5,0,62.11564926055863,3,Saturday,10
2277,2023-07-15,1024,41,Home,959.4183591726389,3,5,Debit Card,13,4,0,2734.3423236420213,7,Saturday,28
2278,2023-09-26,1842,42,Electronics,520.1028104714511,3,20,Net Banking,14,4,1,1248.2467451314828,9,Tuesday,39
2279,2023-02-18,1790,33,Electronics,983.1862663990869,4,0,Net Banking,12,3,0,3932.7450655963476,2,Saturday,7
2280,2023-11-12,1737,69,Electronics,67.41759674798135,2,10,Credit Card,4,5,0,121.35167414636643,11,Sunday,45
2281,2023-05-10,1056,33,Sports,587.6942533772541,3,20,Credit Card,2,2,0,1410.46620810541,5,Wednesday,19
2282,2023-01-05,1179,23,Sports,355.8337656161521,2,15,Net Banking,12,5,0,604.9174015474586,1,Thursday,1
2283,2023-01-27,1231,54,Electronics,845.0476678861429,2,0,Debit Card,13,3,0,1690.0953357722858,1,Friday,4
2284,2023-06-09,1342,38,Fashion,367.6105078819434,4,0,Credit Card,10,5,0,1470.4420315277737,6,Friday,23
2285,2023-05-29,1476,21,Fashion,267.8827032667756,3,15,Digital Wallet,13,3,0,683.1008933302777,5,Monday,22
2286,2023-09-21,1575,51,Home,858.9775958289141,1,0,Digital Wallet,4,4,0,858.9775958289141,9,Thursday,38
2287,2023-08-18,1454,45,Books,380.9065607367284,4,10,Net Banking,12,4,0,1371.2636186522222,8,Friday,33
2288,2023-07-19,2255,55,Home,26.664986661955854,4,20,Digital Wallet,8,5,0,85.32795731825874,7,Wednesday,29
2289,2023-02-19,1288,58,Electronics,396.38620983094046,1,0,Digital Wallet,5,5,0,396.38620983094046,2,Sunday,7
2290,2023-03-08,2236,45,Electronics,657.9770463208325,3,10,Credit Card,14,5,0,1776.5380250662479,3,Wednesday,10
2291,2023-10-27,1257,34,Electronics,261.81594341831806,2,15,Credit Card,14,5,0,445.0871038111407,10,Friday,43
2292,2023-02-27,1529,31,Books,437.6677165009057,2,20,Debit Card,14,5,1,700.2683464014492,2,Monday,9
2293,2023-09-16,1686,24,Sports,66.14798689940326,2,15,Credit Card,11,5,0,112.45157772898554,9,Saturday,37
2294,2023-12-08,1928,39,Books,592.2118635988177,3,20,Debit Card,10,5,0,1421.3084726371626,12,Friday,49
2295,2023-11-22,1228,68,Home,758.7319746217898,4,0,Credit Card,10,5,0,3034.9278984871594,11,Wednesday,47
2296,2023-05-10,2249,18,Sports,419.1794357870992,4,0,Net Banking,8,5,1,1676.7177431483967,5,Wednesday,19
2297,2023-08-03,1595,46,Sports,426.0303064734455,4,20,Debit Card,6,4,0,1363.2969807150257,8,Thursday,31
2298,2023-06-21,1434,69,Home,97.39967359906727,4,10,Net Banking,12,4,0,350.63882495664217,6,Wednesday,25
2299,2023-09-15,1881,48,Sports,209.92145586686274,4,10,Debit Card,10,5,0,755.7172411207059,9,Friday,37
2300,2023-04-12,2020,47,Fashion,163.12855009663355,1,10,Digital Wallet,5,5,0,146.8156950869702,4,Wednesday,15
2301,2023-07-28,1401,32,Home,486.8708909749226,2,5,Debit Card,4,4,0,925.0546928523529,7,Friday,30
2302,2023-10-18,1621,35,Home,533.9629855412426,2,10,Debit Card,10,3,0,961.1333739742366,10,Wednesday,42
2303,2023-12-20,1087,52,Fashion,949.4507299714174,3,0,Debit Card,9,4,0,2848.3521899142524,12,Wednesday,51
2304,2023-10-13,1583,67,Books,82.49918923446157,1,5,Debit Card,10,5,0,78.37422977273849,10,Friday,41
2305,2023-04-26,1308,47,Books,603.8692934234966,4,10,Debit Card,14,4,0,2173.929456324588,4,Wednesday,17
2306,2023-09-21,1905,51,Books,531.2335420549589,4,0,Digital Wallet,5,5,0,2124.9341682198356,9,Thursday,38
2307,2023-05-30,1342,59,Sports,521.0707669564708,4,5,Debit Card,10,5,0,1980.068914434589,5,Tuesday,22
2308,2023-10-27,1435,28,Fashion,874.4276945089982,1,0,Net Banking,11,4,0,874.4276945089982,10,Friday,43
2309,2023-02-05,1176,44,Home,213.4830859885316,3,20,Debit Card,6,5,0,512.3594063724759,2,Sunday,5
2310,2023-11-29,1138,41,Home,50.365541597957744,1,0,Debit Card,7,5,0,50.365541597957744,11,Wednesday,48
2311,2023-10-14,1193,52,Home,675.5487925578506,3,5,Net Banking,11,4,0,1925.314058789874,10,Saturday,41
2312,2023-10-30,2209,56,Sports,351.70588949462035,2,10,Credit Card,12,2,0,633.0706010903167,10,Monday,44
2313,2023-11-07,2241,25,Sports,27.414017050399345,3,5,Credit Card,11,3,0,78.12994859363813,11,Tuesday,45
2314,2023-07-27,2187,68,Books,258.86026721750966,2,10,Digital Wallet,13,4,1,465.9484809915174,7,Thursday,30
2315,2023-04-16,2184,35,Sports,316.2335064746438,3,10,Debit Card,1,5,0,853.8304674815382,4,Sunday,15
2316,2023-06-07,1942,30,Books,620.6699930163996,2,15,Debit Card,9,4,0,1055.1389881278794,6,Wednesday,23
2317,2023-05-01,1524,62,Books,180.85993610877938,2,20,Credit Card,12,5,0,289.375897774047,5,Monday,18
2318,2023-02-24,2065,41,Home,418.92380447386404,4,15,Debit Card,8,3,0,1424.3409352111378,2,Friday,8
2319,2023-01-12,1914,68,Sports,487.6506899736542,3,5,Digital Wallet,12,5,0,1389.8044664249144,1,Thursday,2
2320,2023-05-25,1209,40,Books,464.64501745045,4,15,Net Banking,11,4,0,1579.79305933153,5,Thursday,21
2321,2023-05-16,1740,29,Fashion,974.2013590001139,2,10,Debit Card,5,5,0,1753.5624462002052,5,Tuesday,20
2322,2023-01-03,1861,66,Fashion,55.049195412393146,4,5,Net Banking,3,2,0,209.18694256709395,1,Tuesday,1
2323,2023-05-24,2298,47,Sports,951.4585045878754,1,15,Digital Wallet,5,4,0,808.739728899694,5,Wednesday,21
2324,2023-01-30,1953,48,Home,586.117841854093,4,0,Credit Card,5,4,0,2344.471367416372,1,Monday,5
2325,2023-08-25,2302,45,Home,797.7704378201399,3,20,Digital Wallet,9,1,0,1914.649050768336,8,Friday,34
2326,2023-10-06,2274,39,Books,436.0886918359147,4,0,Digital Wallet,7,3,0,1744.3547673436588,10,Friday,40
2327,2023-12-14,2333,61,Sports,459.2995024444106,1,5,Digital Wallet,13,5,0,436.33452732219007,12,Thursday,50
2328,2023-04-25,1832,45,Fashion,880.5332340256654,4,15,Digital Wallet,2,4,0,2993.812995687262,4,Tuesday,17
2329,2023-04-14,1139,30,Books,896.9751513289831,2,10,Net Banking,5,5,0,1614.5552723921696,4,Friday,15
2330,2023-04-28,1791,42,Books,246.30199261698465,2,15,Digital Wallet,9,5,0,418.7133874488739,4,Friday,17
2331,2023-01-05,1545,61,Electronics,207.249459798772,2,5,Digital Wallet,14,5,0,393.7739736176668,1,Thursday,1
2332,2023-12-26,2016,68,Sports,501.2728221312516,3,5,Digital Wallet,11,5,0,1428.627543074067,12,Tuesday,52
2333,2023-09-05,1056,63,Books,901.2742568564147,4,5,Digital Wallet,13,5,0,3424.8421760543756,9,Tuesday,36
2334,2023-12-30,1111,24,Fashion,329.1315424721145,2,5,Net Banking,2,4,0,625.3499306970175,12,Saturday,52
2335,2023-11-17,1004,62,Electronics,655.49446918574,4,15,Digital Wallet,8,4,0,2228.6811952315156,11,Friday,46
2336,2023-05-01,2433,23,Fashion,711.0701708631951,1,0,Credit Card,12,5,0,711.0701708631951,5,Monday,18
2337,2023-10-13,2437,41,Home,780.8879182452142,1,10,Digital Wallet,3,5,0,702.7991264206928,10,Friday,41
2338,2023-05-29,2205,36,Electronics,568.2852133417537,3,10,Digital Wallet,4,4,0,1534.370076022735,5,Monday,22
2339,2023-03-25,2036,36,Electronics,408.4306264961799,4,20,Debit Card,2,5,0,1306.9780047877757,3,Saturday,12
2340,2023-08-19,2362,53,Books,967.3458289109832,1,5,Debit Card,9,3,0,918.978537465434,8,Saturday,33
2341,2023-10-15,2282,68,Home,615.2174457698242,3,5,Debit Card,6,4,0,1753.3697204439986,10,Sunday,41
2342,2023-06-10,1089,26,Books,731.2795595169381,3,5,Digital Wallet,9,5,0,2084.146744623273,6,Saturday,23
2343,2023-09-29,1615,65,Sports,351.53301723891957,2,0,Credit Card,14,3,0,703.0660344778391,9,Friday,39
2344,2023-02-07,1890,53,Fashion,673.2496891930493,1,5,Credit Card,11,3,0,639.5872047333968,2,Tuesday,6
2345,2023-08-14,1697,55,Fashion,265.2196855424846,4,20,Debit Card,13,4,0,848.7029937359508,8,Monday,33
2346,2023-05-22,2273,57,Books,252.6459483533498,1,20,Debit Card,13,4,0,202.11675868267986,5,Monday,21
2347,2023-10-19,2278,46,Fashion,717.5749797913321,1,0,Digital Wallet,8,4,0,717.5749797913321,10,Thursday,42
2348,2023-05-31,1897,41,Fashion,526.1807889003057,4,5,Credit Card,12,4,0,1999.4869978211618,5,Wednesday,22
2349,2023-04-24,1970,65,Sports,686.4438443181658,4,15,Credit Card,9,3,0,2333.9090706817638,4,Monday,17
2350,2023-08-25,2131,22,Home,276.74410584061076,2,15,Debit Card,5,3,0,470.4649799290383,8,Friday,34
2351,2023-03-07,1667,59,Electronics,602.7361076461631,3,10,Credit Card,6,4,0,1627.3874906446404,3,Tuesday,10
2352,2023-12-27,1593,62,Books,449.4943132060814,4,0,Debit Card,7,4,1,1797.9772528243257,12,Wednesday,52
2353,2023-12-07,1588,43,Books,600.9906839770726,4,15,Debit Card,5,4,0,2043.368325522047,12,Thursday,49
2354,2023-09-15,1484,31,Sports,297.9709349217772,1,10,Net Banking,1,5,0,268.17384142959946,9,Friday,37
2355,2023-09-06,1981,56,Sports,718.2964540126326,4,20,Net Banking,9,5,0,2298.5486528404244,9,Wednesday,36
2356,2023-11-27,1971,46,Electronics,807.8700724978709,4,10,Digital Wallet,2,5,0,2908.3322609923353,11,Monday,48
2357,2023-11-19,2281,69,Home,267.3173091191464,1,5,Debit Card,7,5,0,253.95144366318905,11,Sunday,46
2358,2023-06-29,1638,23,Books,307.61435425708567,1,5,Digital Wallet,12,4,0,292.2336365442314,6,Thursday,26
2359,2023-07-09,1996,24,Sports,664.542727021902,1,20,Net Banking,8,5,0,531.6341816175217,7,Sunday,27
2360,2023-06-03,1281,54,Books,698.6293225605087,2,0,Credit Card,8,1,1,1397.2586451210175,6,Saturday,22
2361,2023-07-15,1985,35,Fashion,707.0586875534756,3,5,Net Banking,1,4,0,2015.1172595274054,7,Saturday,28
2362,2023-11-07,2111,40,Books,685.8715197280785,4,5,Net Banking,10,4,0,2606.311774966698,11,Tuesday,45
2363,2023-09-19,2227,61,Home,398.87963978301343,1,10,Net Banking,7,5,0,358.9916758047121,9,Tuesday,38
2364,2023-05-23,1015,55,Home,400.9051376596416,1,10,Credit Card,9,5,0,360.81462389367744,5,Tuesday,21
2365,2023-12-08,2174,18,Books,262.2694474079376,3,10,Net Banking,11,5,0,708.1275080014316,12,Friday,49
2366,2023-11-12,1935,21,Fashion,165.26536289739934,2,15,Debit Card,14,4,1,280.9511169255789,11,Sunday,45
2367,2023-04-11,1253,68,Home,695.6516056029366,4,20,Debit Card,14,5,0,2226.085137929397,4,Tuesday,15
2368,2023-09-01,2211,61,Sports,102.25689811258971,2,0,Net Banking,11,2,0,204.51379622517942,9,Friday,35
2369,2023-01-12,1328,64,Books,938.4143639189138,2,10,Digital Wallet,3,5,0,1689.145855054045,1,Thursday,2
2370,2023-08-27,1543,52,Fashion,828.4194406347368,2,0,Digital Wallet,8,5,0,1656.8388812694736,8,Sunday,34
2371,2023-02-18,1782,40,Sports,858.9306825576836,1,10,Credit Card,8,5,0,773.0376143019153,2,Saturday,7
2372,2023-02-11,1996,44,Books,907.6021264690384,3,5,Credit Card,9,4,0,2586.666060436759,2,Saturday,6
2373,2023-06-15,2420,43,Fashion,414.5189210160077,3,0,Debit Card,8,5,0,1243.5567630480232,6,Thursday,24
2374,2023-03-23,2482,69,Sports,848.233716116897,3,15,Debit Card,5,4,0,2162.9959760980873,3,Thursday,12
2375,2023-10-18,2353,25,Home,166.48068728873284,2,10,Net Banking,5,3,0,299.6652371197191,10,Wednesday,42
2376,2023-06-07,1844,60,Books,31.42537666215332,4,20,Digital Wallet,3,5,0,100.56120531889063,6,Wednesday,23
2377,2023-08-04,2192,33,Books,787.0424807172117,2,5,Debit Card,12,3,0,1495.3807133627022,8,Friday,31
2378,2023-06-07,1365,58,Home,84.0486815169699,3,10,Digital Wallet,6,3,0,226.93144009581874,6,Wednesday,23
2379,2023-05-14,2201,20,Electronics,988.6394206526624,1,0,Credit Card,10,5,0,988.6394206526624,5,Sunday,19
2380,2023-03-08,1654,49,Sports,678.0484653055404,2,10,Credit Card,3,5,0,1220.4872375499726,3,Wednesday,10
2381,2023-12-02,2385,22,Home,755.9152131396844,1,5,Net Banking,14,2,0,718.1194524827001,12,Saturday,48
2382,2023-01-07,1759,37,Books,253.3458177150873,3,20,Net Banking,2,1,0,608.0299625162096,1,Saturday,1
2383,2023-01-14,1638,31,Sports,677.1267399804913,2,20,Debit Card,7,5,0,1083.402783968786,1,Saturday,2
2384,2023-03-14,2063,49,Sports,52.78773788240763,1,20,Digital Wallet,10,3,0,42.23019030592611,3,Tuesday,11
2385,2023-06-12,1923,43,Electronics,839.4474627243649,2,5,Debit Card,3,5,0,1594.9501791762932,6,Monday,24
2386,2023-03-07,1415,64,Books,177.92785210125672,3,10,Debit Card,13,5,0,480.40520067339315,3,Tuesday,10
2387,2023-12-13,2378,23,Fashion,700.3844861654328,4,5,Digital Wallet,4,5,0,2661.4610474286446,12,Wednesday,50
2388,2023-05-10,1254,53,Electronics,232.23569622040105,3,5,Debit Card,14,3,0,661.871734228143,5,Wednesday,19
2389,2023-07-25,2166,57,Electronics,77.7686377317823,4,10,Net Banking,11,4,0,279.9670958344163,7,Tuesday,30
2390,2023-10-03,1709,68,Fashion,486.67874176390035,4,15,Digital Wallet,10,5,1,1654.7077219972612,10,Tuesday,40
2391,2023-09-13,1576,22,Fashion,177.59334817006155,3,20,Digital Wallet,8,5,0,426.22403560814774,9,Wednesday,37
2392,2023-09-23,1899,30,Electronics,732.1495484432843,1,0,Debit Card,14,5,0,732.1495484432843,9,Saturday,38
2393,2023-01-25,1010,49,Sports,245.19018494965002,2,0,Digital Wallet,1,1,0,490.38036989930004,1,Wednesday,4
2394,2023-10-08,1025,33,Home,349.04783067347057,2,10,Net Banking,9,3,0,628.286095212247,10,Sunday,40
2395,2023-09-10,1956,18,Home,571.7648587518282,2,0,Net Banking,14,4,0,1143.5297175036565,9,Sunday,36
2396,2023-11-06,1420,30,Electronics,292.11859480153845,4,15,Credit Card,6,5,0,993.2032223252307,11,Monday,45
2397,2023-10-16,2244,28,Sports,384.20823504786205,4,5,Credit Card,2,5,0,1459.9912931818758,10,Monday,42
2398,2023-06-13,1495,25,Fashion,817.4655533299829,3,20,Credit Card,3,1,0,1961.917327991959,6,Tuesday,24
2399,2023-04-05,2260,42,Electronics,187.41775106541544,1,0,Credit Card,5,5,1,187.41775106541544,4,Wednesday,14
2400,2023-09-27,1236,57,Books,91.37957358711434,3,0,Debit Card,11,5,0,274.138720761343,9,Wednesday,39
2401,2023-11-17,2008,49,Sports,335.0742072816891,3,10,Credit Card,12,5,0,904.7003596605606,11,Friday,46
2402,2023-04-20,1218,41,Books,430.13299934373936,1,10,Credit Card,6,4,0,387.1196994093654,4,Thursday,16
2403,2023-12-02,1460,45,Books,547.232689315202,4,5,Credit Card,9,4,0,2079.4842193977674,12,Saturday,48
2404,2023-11-06,1662,31,Electronics,378.69945921325694,3,20,Credit Card,2,4,0,908.8787021118168,11,Monday,45
2405,2023-08-26,1634,62,Sports,792.0125832205771,3,0,Debit Card,5,5,0,2376.037749661731,8,Saturday,34
2406,2023-01-25,2167,20,Books,48.92629279178853,4,5,Credit Card,7,5,0,185.9199126087964,1,Wednesday,4
2407,2023-05-21,1989,53,Sports,437.44986281657236,2,20,Digital Wallet,11,5,0,699.9197805065158,5,Sunday,20
2408,2023-04-27,1188,44,Home,388.43335550984057,1,5,Net Banking,12,4,0,369.0116877343485,4,Thursday,17
2409,2023-01-25,1254,37,Books,651.1027058987904,1,0,Digital Wallet,11,5,0,651.1027058987904,1,Wednesday,4
2410,2023-03-20,1067,64,Books,966.6134893784221,2,10,Debit Card,7,4,0,1739.9042808811598,3,Monday,12
2411,2023-03-09,1615,32,Sports,515.2716525625735,1,10,Debit Card,4,5,0,463.7444873063162,3,Thursday,10
2412,2023-06-22,1335,44,Home,987.0080784723033,2,10,Debit Card,3,2,0,1776.614541250146,6,Thursday,25
2413,2023-01-12,1670,62,Books,309.22690096406546,3,15,Net Banking,13,1,0,788.528597458367,1,Thursday,2
2414,2023-10-15,1820,58,Electronics,40.559451217036404,1,5,Credit Card,8,3,0,38.53147865618458,10,Sunday,41
2415,2023-05-08,1873,45,Sports,174.00653580164862,1,0,Debit Card,13,4,0,174.00653580164862,5,Monday,19
2416,2023-04-06,2432,42,Sports,401.17363592682165,3,5,Credit Card,2,1,0,1143.3448623914417,4,Thursday,14
2417,2023-04-02,1299,59,Books,323.17057009666667,4,10,Debit Card,5,2,0,1163.414052348,4,Sunday,13
2418,2023-05-21,1356,61,Home,106.0835896735439,4,5,Net Banking,12,4,0,403.1176407594668,5,Sunday,20
2419,2023-01-31,1255,63,Books,438.3335066138097,3,20,Digital Wallet,10,2,1,1052.0004158731433,1,Tuesday,5
2420,2023-11-30,2007,50,Fashion,344.73461394296714,1,5,Digital Wallet,5,5,0,327.4978832458188,11,Thursday,48
2421,2023-01-20,1352,63,Books,131.39302825286407,1,15,Net Banking,1,2,0,111.68407401493445,1,Friday,3
2422,2023-05-26,1523,31,Fashion,303.15595930578985,1,15,Credit Card,7,5,0,257.6825654099214,5,Friday,21
2423,2023-11-12,1949,25,Electronics,887.5716948018365,2,10,Debit Card,4,5,0,1597.6290506433058,11,Sunday,45
2424,2023-06-09,1755,65,Sports,309.02837683444676,4,0,Digital Wallet,10,4,0,1236.113507337787,6,Friday,23
2425,2023-12-15,1283,31,Sports,716.8158690096311,1,20,Net Banking,12,2,0,573.4526952077049,12,Friday,50
2426,2023-02-12,2335,18,Home,615.926608861178,4,0,Credit Card,2,3,1,2463.706435444712,2,Sunday,6
2427,2023-09-11,1098,33,Books,432.90935078428805,4,0,Digital Wallet,8,5,0,1731.6374031371522,9,Monday,37
2428,2023-05-10,1196,35,Electronics,246.63538043563247,1,20,Net Banking,4,5,0,197.308304348506,5,Wednesday,19
2429,2023-03-01,1481,24,Fashion,375.32455235248597,3,15,Debit Card,1,4,0,957.0776084988391,3,Wednesday,9
2430,2023-05-31,1877,32,Home,596.1861413363323,3,10,Net Banking,8,4,0,1609.7025816080973,5,Wednesday,22
2431,2023-10-14,2249,41,Electronics,357.2456826018614,4,5,Credit Card,13,5,0,1357.5335938870733,10,Saturday,41
2432,2023-01-05,1614,66,Electronics,222.74746923848951,2,15,Digital Wallet,11,4,0,378.6706977054322,1,Thursday,1
2433,2023-09-23,1617,68,Fashion,125.29812140271578,4,10,Debit Card,7,5,0,451.0732370497768,9,Saturday,38
2434,2023-12-11,2388,30,Fashion,880.9692685304697,4,15,Credit Card,3,4,0,2995.2955130035966,12,Monday,50
2435,2023-05-10,1367,26,Sports,445.9098459943866,3,20,Net Banking,3,4,0,1070.183630386528,5,Wednesday,19
2436,2023-09-24,1569,32,Books,628.9562385255008,1,0,Digital Wallet,7,3,0,628.9562385255008,9,Sunday,38
2437,2023-06-27,1589,52,Home,495.5062575254372,1,20,Digital Wallet,2,5,0,396.4050060203498,6,Tuesday,26
2438,2023-09-10,2098,41,Books,873.8408531743837,2,5,Credit Card,5,4,1,1660.297621031329,9,Sunday,36
2439,2023-02-25,2065,50,Home,551.4655039237288,3,20,Debit Card,7,3,0,1323.5172094169493,2,Saturday,8
2440,2023-03-24,1421,33,Electronics,485.9736037696222,3,0,Credit Card,6,4,0,1457.9208113088666,3,Friday,12
2441,2023-04-09,1835,25,Fashion,925.3549805174955,4,15,Digital Wallet,10,4,0,3146.206933759485,4,Sunday,14
2442,2023-05-29,2204,46,Fashion,722.492700084901,3,10,Digital Wallet,7,5,0,1950.7302902292327,5,Monday,22
2443,2023-11-25,1544,40,Electronics,120.43440827338875,4,5,Digital Wallet,2,3,0,457.65075143887725,11,Saturday,47
2444,2023-06-05,1070,62,Electronics,185.9274165848459,2,15,Debit Card,7,5,0,316.076608194238,6,Monday,23
2445,2023-07-09,2128,48,Home,789.2516343100475,3,10,Digital Wallet,2,4,0,2130.9794126371285,7,Sunday,27
2446,2023-09-20,2223,57,Electronics,837.4928079681548,3,0,Digital Wallet,7,4,0,2512.4784239044643,9,Wednesday,38
2447,2023-03-21,2124,66,Home,549.7389207993936,4,20,Credit Card,14,5,0,1759.1645465580596,3,Tuesday,12
2448,2023-09-09,1767,31,Books,558.9106755879728,3,15,Digital Wallet,8,5,0,1425.2222227493305,9,Saturday,36
2449,2023-04-07,1306,47,Fashion,635.61363322293,1,10,Net Banking,10,5,0,572.052269900637,4,Friday,14
2450,2023-09-17,1376,56,Fashion,444.7246165398131,2,10,Credit Card,8,4,0,800.5043097716635,9,Sunday,37
2451,2023-09-17,1654,44,Fashion,683.397132249065,1,20,Digital Wallet,5,5,0,546.717705799252,9,Sunday,37
2452,2023-04-13,1677,64,Books,117.39644499075153,4,15,Credit Card,7,4,0,399.1479129685552,4,Thursday,15
2453,2023-02-09,1398,33,Books,961.6664499437126,4,15,Credit Card,11,4,0,3269.6659298086224,2,Thursday,6
2454,2023-09-30,1220,68,Sports,752.6532755569725,4,0,Net Banking,8,4,0,3010.61310222789,9,Saturday,39
2455,2023-04-11,1181,23,Home,634.8624619689168,2,15,Credit Card,4,1,0,1079.2661853471586,4,Tuesday,15
2456,2023-12-25,1306,50,Home,323.1588364393859,3,20,Credit Card,2,5,0,775.5812074545262,12,Monday,52
2457,2023-11-04,1521,61,Sports,169.34593258216188,1,15,Debit Card,7,4,0,143.9440426948376,11,Saturday,44
2458,2023-08-09,2419,35,Fashion,415.2495341906552,3,0,Digital Wallet,13,5,0,1245.7486025719656,8,Wednesday,32
2459,2023-11-04,2013,33,Home,664.9609731683179,4,10,Debit Card,1,4,0,2393.8595034059445,11,Saturday,44
2460,2023-05-04,1003,29,Home,637.3726459888799,3,15,Digital Wallet,12,5,0,1625.3002472716437,5,Thursday,18
2461,2023-08-19,1862,37,Fashion,388.8147435149158,2,20,Credit Card,2,5,0,622.1035896238653,8,Saturday,33
2462,2023-06-27,1847,62,Electronics,617.1535298947985,4,15,Digital Wallet,10,5,0,2098.3220016423147,6,Tuesday,26
2463,2023-03-04,1803,57,Electronics,815.6108126118721,3,5,Credit Card,7,3,0,2324.4908159438355,3,Saturday,9
2464,2023-04-26,2304,46,Sports,36.021924614231,1,0,Digital Wallet,12,5,0,36.021924614231,4,Wednesday,17
2465,2023-07-10,1214,47,Books,456.1148374509729,4,10,Credit Card,12,5,0,1642.0134148235024,7,Monday,28
2466,2023-03-03,1971,43,Home,760.9696761821231,4,5,Digital Wallet,10,5,0,2891.6847694920675,3,Friday,9
2467,2023-09-13,2443,39,Home,550.6830257587435,2,20,Digital Wallet,13,5,0,881.0928412139897,9,Wednesday,37
2468,2023-01-07,1100,50,Sports,654.9613270497792,2,15,Digital Wallet,1,5,0,1113.4342559846248,1,Saturday,1
2469,2023-06-04,1962,56,Sports,521.5096286792887,1,0,Credit Card,7,5,0,521.5096286792887,6,Sunday,22
2470,2023-04-02,1572,64,Home,991.9557992354878,3,15,Digital Wallet,5,5,0,2529.487288050494,4,Sunday,13
2471,2023-01-14,2332,46,Fashion,64.07532112414785,3,15,Credit Card,14,5,0,163.392068866577,1,Saturday,2
2472,2023-08-17,1657,39,Fashion,496.1343735546535,4,15,Debit Card,11,5,0,1686.8568700858218,8,Thursday,33
2473,2023-03-27,1938,62,Books,100.50238362337251,4,15,Digital Wallet,3,5,0,341.70810431946654,3,Monday,13
2474,2023-05-13,2086,30,Home,168.18770649243473,3,0,Net Banking,11,5,0,504.5631194773042,5,Saturday,19
2475,2023-07-02,1225,26,Home,389.20796691407924,3,5,Net Banking,2,3,0,1109.242705705126,7,Sunday,26
2476,2023-03-03,1104,41,Home,163.98469058548244,3,20,Credit Card,7,5,0,393.56325740515786,3,Friday,9
2477,2023-08-07,1771,32,Home,964.0502942970845,4,5,Net Banking,9,4,0,3663.391118328921,8,Monday,32
2478,2023-09-03,2448,53,Sports,947.3218789579075,2,0,Credit Card,9,4,0,1894.643757915815,9,Sunday,35
2479,2023-08-18,2278,30,Electronics,342.74854975839776,2,20,Credit Card,14,2,1,548.3976796134365,8,Friday,33
2480,2023-03-20,1428,44,Home,643.3502349173027,1,10,Net Banking,10,4,0,579.0152114255725,3,Monday,12
2481,2023-05-29,1433,61,Electronics,538.4157873878482,3,5,Net Banking,10,5,0,1534.4849940553675,5,Monday,22
2482,2023-05-18,2230,54,Fashion,817.4311107106109,3,0,Debit Card,8,4,0,2452.293332131833,5,Thursday,20
2483,2023-11-10,2051,24,Books,631.1711537187728,3,0,Credit Card,2,5,0,1893.5134611563183,11,Friday,45
2484,2023-03-06,1681,25,Fashion,10.249929945656483,1,0,Net Banking,1,3,0,10.249929945656483,3,Monday,10
2485,2023-01-13,2359,54,Home,765.5426417536414,3,20,Debit Card,8,5,0,1837.3023402087395,1,Friday,2
2486,2023-08-01,1587,58,Fashion,749.3796400831569,2,15,Debit Card,2,5,0,1273.9453881413667,8,Tuesday,31
2487,2023-08-30,2092,31,Sports,514.6254785108163,3,10,Credit Card,4,4,0,1389.488791979204,8,Wednesday,35
2488,2023-08-01,1865,29,Electronics,903.8897835007233,1,20,Digital Wallet,12,4,0,723.1118268005787,8,Tuesday,31
2489,2023-06-30,1745,53,Home,909.3617436334976,4,20,Net Banking,4,4,0,2909.9575796271924,6,Friday,26
2490,2023-12-04,2190,69,Sports,528.6725599373532,4,5,Net Banking,2,4,0,2008.955727761942,12,Monday,49
2491,2023-06-22,1863,57,Electronics,611.9083488845723,2,10,Net Banking,4,4,0,1101.4350279922303,6,Thursday,25
2492,2023-06-09,1367,34,Sports,996.5568512054256,2,0,Net Banking,7,5,0,1993.1137024108511,6,Friday,23
2493,2023-06-13,1250,57,Fashion,305.83203246330334,2,20,Net Banking,6,5,0,489.33125194128536,6,Tuesday,24
2494,2023-07-07,1858,46,Home,331.3710698883626,4,10,Net Banking,10,4,0,1192.9358515981055,7,Friday,27
2495,2023-07-10,1855,44,Fashion,190.9461636368614,3,5,Debit Card,6,5,0,544.1965663650549,7,Monday,28
2496,2023-11-04,2193,18,Books,896.9082697662893,1,15,Credit Card,4,1,0,762.372029301346,11,Saturday,44
2497,2023-09-13,2113,69,Home,747.0435060497736,1,10,Debit Card,2,4,0,672.3391554447962,9,Wednesday,37
2498,2023-07-02,1560,51,Fashion,114.58642038153947,3,0,Net Banking,5,5,0,343.7592611446184,7,Sunday,26
2499,2023-04-27,2469,21,Home,981.949677685986,4,20,Credit Card,11,1,0,3142.2389685951553,4,Thursday,17
2500,2023-10-09,1293,41,Electronics,733.6520910795049,4,15,Net Banking,13,3,0,2494.4171096703167,10,Monday,41
2501,2023-07-15,1918,38,Home,852.0168885089248,1,5,Credit Card,3,4,0,809.4160440834785,7,Saturday,28
2502,2023-02-03,2173,50,Home,57.66928128146892,2,0,Debit Card,3,5,0,115.33856256293784,2,Friday,5
2503,2023-02-21,2155,24,Electronics,509.911309752746,2,15,Credit Card,4,5,0,866.8492265796682,2,Tuesday,8
2504,2023-04-22,1432,18,Fashion,701.6123038597689,1,5,Debit Card,11,5,0,666.5316886667804,4,Saturday,16
2505,2023-09-09,1058,58,Home,547.5171187261229,1,0,Net Banking,11,5,0,547.5171187261229,9,Saturday,36
2506,2023-03-23,1968,20,Sports,669.9809910422847,3,20,Credit Card,5,5,0,1607.9543785014835,3,Thursday,12
2507,2023-08-20,1835,61,Home,819.6953229545678,3,5,Digital Wallet,11,4,0,2336.1316704205183,8,Sunday,33
2508,2023-08-15,1198,68,Fashion,380.59369233059425,3,15,Digital Wallet,2,5,0,970.5139154430153,8,Tuesday,33
2509,2023-08-21,1214,32,Electronics,850.1819888625226,3,0,Debit Card,6,5,0,2550.545966587568,8,Monday,34
2510,2023-08-09,1897,48,Fashion,171.28694371763783,3,10,Debit Card,6,4,0,462.4747480376222,8,Wednesday,32
2511,2023-02-11,1471,33,Books,278.177194476111,3,0,Debit Card,8,3,0,834.5315834283331,2,Saturday,6
2512,2023-01-21,1246,27,Home,52.91216372805252,2,15,Debit Card,2,5,0,89.95067833768928,1,Saturday,3
2513,2023-02-11,1381,46,Home,370.7825432218986,1,15,Net Banking,8,1,0,315.1651617386138,2,Saturday,6
2514,2023-04-23,1990,23,Electronics,386.1104493758791,4,10,Digital Wallet,8,5,1,1389.9976177531648,4,Sunday,16
2515,2023-04-15,2262,46,Home,807.2178912351784,3,15,Debit Card,4,4,0,2058.405622649705,4,Saturday,15
2516,2023-07-11,1926,34,Sports,656.5993635867594,2,0,Credit Card,7,5,0,1313.1987271735188,7,Tuesday,28
2517,2023-01-17,2390,39,Sports,442.35533257411,1,5,Credit Card,13,4,0,420.23756594540447,1,Tuesday,3
2518,2023-04-30,2191,41,Fashion,655.5928388375107,1,0,Net Banking,7,5,0,655.5928388375107,4,Sunday,17
2519,2023-05-09,1559,34,Electronics,62.25551701053425,1,15,Debit Card,1,5,1,52.91718945895411,5,Tuesday,19
2520,2023-05-10,2074,38,Books,188.46882065819233,3,10,Credit Card,14,3,0,508.86581577711934,5,Wednesday,19
2521,2023-03-01,1688,68,Fashion,630.6783766893375,3,10,Debit Card,13,4,0,1702.8316170612113,3,Wednesday,9
2522,2023-02-17,1379,67,Electronics,644.9531510330493,4,20,Credit Card,14,4,0,2063.850083305758,2,Friday,7
2523,2023-01-29,1473,28,Electronics,776.3933121203529,3,10,Net Banking,1,5,1,2096.2619427249533,1,Sunday,4
2524,2023-04-07,2103,24,Fashion,408.96976146306616,1,10,Credit Card,8,5,0,368.07278531675956,4,Friday,14
2525,2023-01-10,1696,59,Fashion,725.3285556499947,1,15,Debit Card,11,5,0,616.5292723024954,1,Tuesday,2
2526,2023-08-30,2390,56,Home,687.1405292345876,2,5,Debit Card,1,2,1,1305.5670055457163,8,Wednesday,35
2527,2023-11-10,2484,22,Books,963.7594445861506,2,5,Net Banking,3,5,0,1831.1429447136861,11,Friday,45
2528,2023-08-20,1910,61,Sports,222.97892416043237,4,15,Digital Wallet,6,5,0,758.12834214547,8,Sunday,33
2529,2023-10-04,2475,65,Home,556.1627681151131,2,10,Debit Card,8,5,0,1001.0929826072036,10,Wednesday,40
2530,2023-10-11,2487,38,Electronics,605.7467976893646,4,0,Digital Wallet,5,3,0,2422.9871907574584,10,Wednesday,41
2531,2023-07-22,1959,35,Books,998.6614060848785,2,5,Debit Card,5,5,0,1897.456671561269,7,Saturday,29
2532,2023-09-04,1477,52,Books,209.1723007449852,1,15,Net Banking,4,5,0,177.7964556332374,9,Monday,36
2533,2023-10-17,2003,37,Fashion,527.9858397676193,3,0,Credit Card,14,5,0,1583.9575193028577,10,Tuesday,42
2534,2023-09-21,1925,32,Books,352.7234546365025,3,10,Digital Wallet,4,2,0,952.3533275185566,9,Thursday,38
2535,2023-08-02,2443,22,Books,530.6340388932098,4,15,Credit Card,7,1,0,1804.155732236913,8,Wednesday,31
2536,2023-07-19,1706,30,Electronics,239.80731608207486,3,5,Net Banking,6,5,0,683.4508508339134,7,Wednesday,29
2537,2023-03-20,2237,68,Home,57.13625464321323,3,0,Net Banking,8,4,0,171.4087639296397,3,Monday,12
2538,2023-12-09,2392,29,Books,576.839799358712,2,0,Net Banking,11,4,0,1153.679598717424,12,Saturday,49
2539,2023-12-10,1853,38,Fashion,342.4957727022238,1,5,Debit Card,14,5,0,325.3709840671126,12,Sunday,49
2540,2023-06-22,2137,54,Home,190.12198773094931,3,0,Debit Card,6,5,0,570.365963192848,6,Thursday,25
2541,2023-03-10,2016,23,Fashion,330.69621041725344,1,5,Debit Card,11,5,0,314.1613998963908,3,Friday,10
2542,2023-03-28,1753,24,Books,58.787399433267474,2,15,Debit Card,10,2,0,99.9385790365547,3,Tuesday,13
2543,2023-04-11,1502,43,Home,950.9378117492023,2,20,Digital Wallet,7,5,0,1521.5004987987238,4,Tuesday,15
2544,2023-01-08,1816,59,Books,585.3364358235278,3,10,Net Banking,10,2,1,1580.4083767235252,1,Sunday,1
2545,2023-11-29,1587,65,Electronics,816.6209945335546,3,15,Digital Wallet,14,1,0,2082.3835360605644,11,Wednesday,48
2546,2023-07-19,2334,25,Home,428.88701557225306,2,10,Debit Card,10,3,0,771.9966280300555,7,Wednesday,29
2547,2023-03-28,2492,26,Fashion,904.2815208905239,2,10,Credit Card,5,5,0,1627.7067376029431,3,Tuesday,13
2548,2023-02-12,1707,44,Electronics,488.48503933673084,4,5,Digital Wallet,6,5,0,1856.2431494795771,2,Sunday,6
2549,2023-04-19,2067,21,Sports,578.2058689786627,4,20,Credit Card,1,4,1,1850.2587807317207,4,Wednesday,16
2550,2023-06-01,2438,38,Fashion,496.8760402620303,1,10,Debit Card,3,1,0,447.1884362358273,6,Thursday,22
2551,2023-01-17,2269,48,Books,735.945512908975,2,10,Digital Wallet,12,5,0,1324.7019232361552,1,Tuesday,3
2552,2023-05-13,2107,38,Fashion,570.9895168260417,1,15,Digital Wallet,8,2,1,485.34108930213546,5,Saturday,19
2553,2023-05-28,1206,57,Sports,278.88293434459376,2,20,Digital Wallet,3,3,0,446.21269495135004,5,Sunday,21
2554,2023-10-04,1150,42,Fashion,154.08413600941984,1,20,Credit Card,14,5,0,123.26730880753587,10,Wednesday,40
2555,2023-08-20,1667,56,Electronics,610.0631449941479,4,10,Debit Card,1,4,0,2196.2273219789327,8,Sunday,33
2556,2023-11-10,1527,32,Fashion,494.28816193156587,2,20,Net Banking,3,4,0,790.8610590905055,11,Friday,45
2557,2023-08-16,1164,52,Home,105.01593972915181,2,15,Net Banking,12,5,0,178.52709753955807,8,Wednesday,33
2558,2023-05-19,1916,66,Sports,401.6612911353357,1,5,Debit Card,4,3,0,381.5782265785689,5,Friday,20
2559,2023-07-30,2168,60,Fashion,519.628657780449,1,10,Digital Wallet,8,5,0,467.6657920024041,7,Sunday,30
2560,2023-01-28,2009,58,Sports,828.624301487334,3,0,Net Banking,9,5,0,2485.872904462002,1,Saturday,4
2561,2023-02-20,1036,54,Electronics,85.34004527502873,3,10,Digital Wallet,4,1,1,230.41812224257757,2,Monday,8
2562,2023-09-18,1332,59,Home,355.0103947635429,4,10,Debit Card,13,5,0,1278.0374211487544,9,Monday,38
2563,2023-09-18,1402,64,Books,824.4295614832815,2,5,Credit Card,12,4,0,1566.4161668182348,9,Monday,38
2564,2023-12-16,1413,45,Fashion,651.939692453863,2,0,Digital Wallet,7,5,1,1303.879384907726,12,Saturday,50
2565,2023-12-18,1044,31,Electronics,297.0587385857489,1,0,Credit Card,1,5,0,297.0587385857489,12,Monday,51
2566,2023-01-08,2425,21,Sports,846.881770802416,4,0,Credit Card,9,5,0,3387.527083209664,1,Sunday,1
2567,2023-11-16,1205,37,Sports,498.3606447570654,2,5,Debit Card,11,5,1,946.8852250384242,11,Thursday,46
2568,2023-05-18,1061,51,Electronics,503.3683723973559,4,20,Debit Card,12,5,0,1610.778791671539,5,Thursday,20
2569,2023-02-07,1419,29,Fashion,976.8214658083805,3,0,Credit Card,4,5,0,2930.464397425141,2,Tuesday,6
2570,2023-04-21,1867,50,Books,947.6453382040146,1,20,Credit Card,14,1,0,758.1162705632117,4,Friday,16
2571,2023-08-08,2491,41,Fashion,364.94735653614543,2,15,Net Banking,14,5,0,620.4105061114473,8,Tuesday,32
2572,2023-12-03,1819,37,Home,149.17333737645149,1,5,Net Banking,9,1,0,141.7146705076289,12,Sunday,48
2573,2023-08-11,1018,22,Fashion,332.41006495531315,3,20,Debit Card,14,5,0,797.7841558927516,8,Friday,32
2574,2023-05-16,1364,55,Home,40.17842770827416,4,0,Digital Wallet,3,2,0,160.71371083309663,5,Tuesday,20
2575,2023-09-13,2323,47,Sports,30.56020784328729,4,0,Credit Card,11,4,0,122.24083137314916,9,Wednesday,37
2576,2023-12-26,2030,41,Home,401.566914888905,3,20,Digital Wallet,13,3,0,963.7605957333719,12,Tuesday,52
2577,2023-11-25,1427,60,Books,941.6096244702618,3,20,Credit Card,5,3,0,2259.8630987286283,11,Saturday,47
2578,2023-02-18,2140,57,Electronics,872.6437678198857,2,15,Debit Card,1,2,0,1483.4944052938058,2,Saturday,7
2579,2023-10-19,1579,24,Home,516.3284055784468,2,5,Digital Wallet,11,4,0,981.0239705990489,10,Thursday,42
2580,2023-11-20,1545,53,Fashion,569.5741173591224,2,10,Debit Card,3,4,0,1025.2334112464202,11,Monday,47
2581,2023-03-19,1324,55,Home,15.874161778595912,2,15,Credit Card,5,4,0,26.98607502361305,3,Sunday,11
2582,2023-04-15,1054,33,Sports,223.34614427542783,2,15,Debit Card,6,4,0,379.6884452682273,4,Saturday,15
2583,2023-06-18,1777,69,Home,34.52638566503991,4,15,Digital Wallet,13,5,0,117.38971126113569,6,Sunday,24
2584,2023-08-05,1991,32,Books,756.9941373684337,2,0,Net Banking,8,5,0,1513.9882747368674,8,Saturday,31
2585,2023-04-29,1041,63,Home,154.18933806623278,3,20,Debit Card,1,5,0,370.0544113589587,4,Saturday,17
2586,2023-07-09,2320,40,Books,870.3566314520488,3,5,Digital Wallet,3,1,0,2480.516399638339,7,Sunday,27
2587,2023-09-12,1230,29,Fashion,646.8910705390304,2,0,Debit Card,1,3,0,1293.7821410780607,9,Tuesday,37
2588,2023-09-23,1452,46,Sports,237.12448975055622,3,15,Debit Card,5,4,0,604.6674488639184,9,Saturday,38
2589,2023-05-29,1393,61,Electronics,166.14311391241725,1,5,Net Banking,8,5,0,157.83595821679637,5,Monday,22
2590,2023-06-13,2381,65,Fashion,631.3484539138226,4,0,Digital Wallet,4,2,0,2525.3938156552904,6,Tuesday,24
2591,2023-05-20,2467,32,Fashion,901.8286104795003,4,10,Digital Wallet,13,5,0,3246.582997726201,5,Saturday,20
2592,2023-12-13,2151,46,Electronics,721.1766167252377,2,15,Digital Wallet,11,1,0,1226.000248432904,12,Wednesday,50
2593,2023-09-15,1690,62,Home,355.06118508734386,1,0,Credit Card,9,4,0,355.06118508734386,9,Friday,37
2594,2023-09-26,2428,60,Home,591.5097593159607,2,0,Debit Card,6,5,0,1183.0195186319213,9,Tuesday,39
2595,2023-06-30,1391,66,Home,317.65407841869717,2,15,Net Banking,6,4,0,540.0119333117851,6,Friday,26
2596,2023-06-09,2216,38,Sports,999.1580711108722,3,10,Digital Wallet,11,4,0,2697.726791999355,6,Friday,23
2597,2023-12-17,1603,32,Fashion,751.3507965772327,4,20,Net Banking,5,5,0,2404.3225490471445,12,Sunday,50
2598,2023-10-15,1880,31,Books,618.2378233591861,1,10,Credit Card,13,2,0,556.4140410232675,10,Sunday,41
2599,2023-10-15,2101,59,Electronics,429.0265513381709,3,15,Credit Card,10,5,0,1094.0177059123357,10,Sunday,41
2600,2023-08-14,1084,61,Fashion,621.9707673569617,4,20,Net Banking,5,4,0,1990.3064555422775,8,Monday,33
2601,2023-01-11,2053,33,Home,348.1999018426614,4,0,Digital Wallet,11,5,0,1392.7996073706456,1,Wednesday,2
2602,2023-01-10,1048,32,Electronics,38.57619106345045,2,10,Net Banking,7,5,0,69.43714391421082,1,Tuesday,2
2603,2023-09-28,2168,59,Books,401.1376371330665,1,10,Digital Wallet,8,3,0,361.02387341975987,9,Thursday,39
2604,2023-09-30,1068,21,Fashion,931.1760113840683,2,20,Digital Wallet,7,5,0,1489.8816182145092,9,Saturday,39
2605,2023-07-02,2081,44,Fashion,630.0380838261271,3,0,Credit Card,1,4,1,1890.1142514783814,7,Sunday,26
2606,2023-06-02,1696,40,Sports,93.11614604019259,2,10,Net Banking,1,2,1,167.60906287234667,6,Friday,22
2607,2023-11-11,1478,46,Fashion,886.1436772610757,2,20,Credit Card,10,5,0,1417.8298836177212,11,Saturday,45
2608,2023-11-30,1819,58,Fashion,276.18610084809967,4,10,Debit Card,6,5,0,994.2699630531588,11,Thursday,48
2609,2023-05-04,2468,69,Books,251.33179815190016,4,0,Credit Card,3,5,0,1005.3271926076006,5,Thursday,18
2610,2023-04-24,2319,26,Books,304.12005909251764,3,0,Digital Wallet,13,5,0,912.3601772775529,4,Monday,17
2611,2023-10-05,2194,69,Electronics,581.4302137646979,4,5,Net Banking,12,4,1,2209.434812305852,10,Thursday,40
2612,2023-08-01,1146,60,Home,549.2412124996368,4,20,Debit Card,9,5,0,1757.571879998838,8,Tuesday,31
2613,2023-06-21,2329,60,Books,496.4996170766529,4,15,Debit Card,11,5,0,1688.0986980606199,6,Wednesday,25
2614,2023-10-15,2015,24,Electronics,720.3614948775007,2,10,Debit Card,7,5,0,1296.6506907795012,10,Sunday,41
2615,2023-06-23,1608,59,Fashion,323.3723540216094,1,0,Debit Card,2,3,0,323.3723540216094,6,Friday,25
2616,2023-04-23,1445,21,Electronics,784.2438763567068,3,10,Net Banking,12,5,0,2117.4584661631084,4,Sunday,16
2617,2023-05-02,1220,22,Electronics,183.56846159481313,2,10,Digital Wallet,14,5,0,330.42323087066364,5,Tuesday,18
2618,2023-02-01,2401,22,Electronics,784.7945811862392,3,15,Debit Card,3,5,1,2001.2261820249098,2,Wednesday,5
2619,2023-08-10,2289,28,Electronics,667.17200419778,2,0,Digital Wallet,8,3,0,1334.34400839556,8,Thursday,32
2620,2023-04-29,1094,58,Books,686.3762264521106,3,5,Credit Card,13,5,0,1956.172245388515,4,Saturday,17
2621,2023-02-08,1261,45,Home,486.7378631559874,4,20,Digital Wallet,14,5,0,1557.5611620991597,2,Wednesday,6
2622,2023-09-25,1896,33,Electronics,670.331517354056,3,10,Debit Card,1,4,0,1809.8950968559514,9,Monday,39
2623,2023-08-21,2094,58,Sports,88.99907609386284,1,15,Credit Card,5,5,1,75.64921467978341,8,Monday,34
2624,2023-01-18,1218,47,Fashion,853.0356058788736,3,15,Credit Card,10,5,0,2175.2407949911276,1,Wednesday,3
2625,2023-05-29,1091,21,Fashion,64.99176115276956,1,20,Credit Card,1,5,1,51.99340892221565,5,Monday,22
2626,2023-05-29,1126,19,Fashion,157.2540947727825,3,20,Debit Card,12,5,0,377.409827454678,5,Monday,22
2627,2023-05-06,1079,63,Fashion,581.0218114122639,4,0,Digital Wallet,9,1,0,2324.0872456490556,5,Saturday,18
2628,2023-10-29,2261,20,Fashion,742.0173409021246,3,10,Net Banking,7,5,0,2003.4468204357365,10,Sunday,43
2629,2023-12-26,1982,67,Electronics,85.48904870279092,2,10,Digital Wallet,5,4,0,153.88028766502367,12,Tuesday,52
2630,2023-08-26,2395,38,Home,921.5571659810967,4,20,Debit Card,6,3,0,2948.9829311395097,8,Saturday,34
2631,2023-05-15,1915,23,Sports,973.8715723126916,4,5,Debit Card,11,5,0,3700.711974788228,5,Monday,20
2632,2023-05-31,1485,60,Books,609.8906712776339,2,10,Credit Card,3,1,0,1097.803208299741,5,Wednesday,22
2633,2023-08-24,1693,35,Sports,486.4310208230682,4,15,Digital Wallet,3,5,0,1653.8654707984317,8,Thursday,34
2634,2023-08-12,1024,61,Books,743.9810225569522,4,20,Debit Card,7,5,0,2380.739272182247,8,Saturday,32
2635,2023-07-22,1155,22,Books,335.07377880393335,2,10,Debit Card,7,5,0,603.13280184708,7,Saturday,29
2636,2023-09-13,1631,26,Sports,498.3317897640554,4,0,Net Banking,7,4,1,1993.3271590562215,9,Wednesday,37
2637,2023-03-27,2080,37,Electronics,916.9895165462573,4,20,Digital Wallet,2,3,0,2934.3664529480234,3,Monday,13
2638,2023-05-30,1018,45,Fashion,956.0988709891183,4,15,Credit Card,2,4,0,3250.736161363002,5,Tuesday,22
2639,2023-08-23,2407,43,Electronics,927.7984248906732,4,0,Credit Card,11,4,0,3711.193699562693,8,Wednesday,34
2640,2023-12-11,2216,35,Fashion,269.82358629420173,3,20,Credit Card,12,5,0,647.5766071060842,12,Monday,50
2641,2023-01-22,1236,36,Home,240.14434981459576,4,20,Digital Wallet,5,5,0,768.4619194067064,1,Sunday,3
2642,2023-12-14,2410,20,Books,304.6878608700211,4,10,Debit Card,4,5,1,1096.876299132076,12,Thursday,50
2643,2023-10-12,2449,26,Sports,446.8980012645756,4,0,Debit Card,7,5,0,1787.5920050583024,10,Thursday,41
2644,2023-09-26,1276,53,Home,321.02573866404396,3,20,Net Banking,3,5,0,770.4617727937056,9,Tuesday,39
2645,2023-09-15,2250,48,Fashion,380.4706677816674,1,15,Net Banking,5,5,0,323.40006761441725,9,Friday,37
2646,2023-01-29,1744,66,Electronics,624.4305825995519,4,0,Debit Card,2,4,0,2497.7223303982078,1,Sunday,4
2647,2023-08-01,1551,34,Sports,764.9004203230361,1,10,Debit Card,1,5,0,688.4103782907325,8,Tuesday,31
2648,2023-10-10,2346,40,Books,738.2026162852378,1,5,Digital Wallet,9,3,0,701.2924854709759,10,Tuesday,41
2649,2023-02-19,2176,51,Home,816.2793314083605,2,20,Net Banking,13,5,0,1306.0469302533768,2,Sunday,7
2650,2023-04-05,1638,58,Books,41.86255918324815,2,5,Credit Card,4,3,0,79.53886244817149,4,Wednesday,14
2651,2023-03-29,1236,58,Fashion,57.256451781968515,1,20,Credit Card,8,5,0,45.805161425574816,3,Wednesday,13
2652,2023-02-13,1997,22,Books,791.489131081743,3,10,Credit Card,13,4,0,2137.0206539207065,2,Monday,7
2653,2023-10-05,1054,32,Electronics,537.7480341013855,4,10,Credit Card,12,2,0,1935.892922764988,10,Thursday,40
2654,2023-06-20,2459,64,Home,582.3592670244991,4,10,Debit Card,7,5,1,2096.493361288197,6,Tuesday,25
2655,2023-07-08,1683,20,Home,62.060991612233316,4,10,Debit Card,14,3,0,223.41956980403995,7,Saturday,27
2656,2023-12-19,1108,36,Electronics,262.7606631595582,2,0,Digital Wallet,12,3,0,525.5213263191164,12,Tuesday,51
2657,2023-07-03,2207,45,Books,641.970761836623,2,0,Credit Card,1,4,0,1283.941523673246,7,Monday,27
2658,2023-01-03,2391,20,Electronics,860.5900712095694,4,20,Debit Card,10,4,0,2753.8882278706224,1,Tuesday,1
2659,2023-07-10,2221,55,Sports,917.8135632095886,1,0,Debit Card,11,5,0,917.8135632095886,7,Monday,28
2660,2023-04-28,2394,21,Electronics,505.4153008767309,2,20,Debit Card,7,5,0,808.6644814027695,4,Friday,17
2661,2023-01-19,1372,41,Books,550.0194904108156,4,0,Credit Card,2,5,0,2200.0779616432624,1,Thursday,3
2662,2023-01-23,1972,48,Electronics,834.7191347583009,1,0,Debit Card,3,3,1,834.7191347583009,1,Monday,4
2663,2023-01-30,1200,62,Fashion,542.248354739881,4,0,Net Banking,14,4,0,2168.993418959524,1,Monday,5
2664,2023-10-22,1848,62,Electronics,521.6899402819442,2,15,Credit Card,1,5,0,886.8728984793051,10,Sunday,42
2665,2023-04-18,1508,28,Electronics,906.0331973833441,3,10,Credit Card,7,3,1,2446.289632935029,4,Tuesday,16
2666,2023-10-08,2345,54,Books,792.0333938453213,3,15,Net Banking,3,3,0,2019.685154305569,10,Sunday,40
2667,2023-05-08,1274,18,Sports,909.9818010976816,2,0,Digital Wallet,6,5,0,1819.9636021953631,5,Monday,19
2668,2023-08-17,1210,26,Sports,226.06458423334226,1,0,Digital Wallet,12,5,0,226.06458423334226,8,Thursday,33
2669,2023-04-21,1503,34,Books,529.1317317888031,4,15,Credit Card,13,4,0,1799.0478880819305,4,Friday,16
2670,2023-05-16,2141,18,Books,844.0474073074244,2,20,Credit Card,7,4,1,1350.4758516918791,5,Tuesday,20
2671,2023-12-28,1702,20,Books,120.03634919243785,1,10,Credit Card,3,5,0,108.03271427319407,12,Thursday,52
2672,2023-07-05,1041,64,Fashion,796.7155327510222,4,20,Net Banking,2,3,0,2549.4897048032713,7,Wednesday,27
2673,2023-05-24,1314,43,Home,191.14364958072076,4,10,Debit Card,9,5,0,688.1171384905948,5,Wednesday,21
2674,2023-03-13,1787,48,Electronics,810.037567435468,2,5,Net Banking,9,5,1,1539.0713781273892,3,Monday,11
2675,2023-05-09,1328,43,Books,615.8809281812994,4,10,Debit Card,7,5,0,2217.171341452678,5,Tuesday,19
2676,2023-12-30,2040,40,Books,201.30363157001847,3,20,Debit Card,14,4,0,483.1287157680443,12,Saturday,52
2677,2023-09-18,1282,47,Books,478.6206375394731,3,10,Digital Wallet,5,1,0,1292.2757213565774,9,Monday,38
2678,2023-01-03,1942,27,Sports,685.0861147961639,4,5,Net Banking,4,5,0,2603.3272362254224,1,Tuesday,1
2679,2023-04-14,1257,25,Books,637.514371874707,2,5,Net Banking,4,4,1,1211.277306561943,4,Friday,15
2680,2023-08-12,1574,61,Electronics,432.9747242693873,4,0,Credit Card,1,4,0,1731.8988970775492,8,Saturday,32
2681,2023-11-16,1573,42,Books,900.3728636317177,2,5,Net Banking,4,4,0,1710.7084409002634,11,Thursday,46
2682,2023-12-28,1611,39,Electronics,524.0707803429658,2,15,Debit Card,7,4,1,890.9203265830419,12,Thursday,52
2683,2023-12-20,2042,32,Fashion,510.8086255434015,3,20,Debit Card,14,5,0,1225.9407013041637,12,Wednesday,51
2684,2023-01-10,1836,58,Home,71.62808404203973,3,15,Net Banking,5,5,0,182.6516143072013,1,Tuesday,2
2685,2023-10-29,1422,27,Sports,922.8991858996608,1,15,Digital Wallet,9,5,1,784.4643080147116,10,Sunday,43
2686,2023-08-19,2489,37,Electronics,185.34540299158928,2,20,Digital Wallet,4,5,0,296.5526447865429,8,Saturday,33
2687,2023-08-07,2396,58,Fashion,533.0612465021886,4,15,Credit Card,11,4,1,1812.4082381074413,8,Monday,32
2688,2023-03-07,1757,64,Home,805.5319253863071,2,15,Credit Card,3,5,0,1369.404273156722,3,Tuesday,10
2689,2023-04-22,1762,40,Home,223.29874418608688,3,15,Debit Card,6,4,0,569.4117976745215,4,Saturday,16
2690,2023-01-13,2104,18,Home,532.0995570711327,2,5,Net Banking,4,3,0,1010.9891584351521,1,Friday,2
2691,2023-03-27,1423,19,Electronics,248.27806013110745,1,20,Debit Card,11,3,1,198.62244810488596,3,Monday,13
2692,2023-08-22,1428,36,Fashion,762.0980478219127,4,20,Debit Card,13,5,0,2438.7137530301206,8,Tuesday,34
2693,2023-03-31,2411,31,Books,568.6977561944192,2,20,Net Banking,2,1,0,909.9164099110708,3,Friday,13
2694,2023-11-10,1203,25,Fashion,857.4161017911921,4,15,Debit Card,5,5,0,2915.214746090053,11,Friday,45
2695,2023-02-23,1195,55,Fashion,895.6124228486091,4,5,Debit Card,14,5,0,3403.3272068247143,2,Thursday,8
2696,2023-01-12,1727,29,Fashion,652.246147620944,3,20,Digital Wallet,13,3,0,1565.3907542902657,1,Thursday,2
2697,2023-07-28,1284,43,Electronics,728.137333697355,2,10,Credit Card,4,4,0,1310.647200655239,7,Friday,30
2698,2023-01-14,1195,44,Electronics,553.727898887995,4,20,Digital Wallet,5,5,0,1771.929276441584,1,Saturday,2
2699,2023-05-01,1306,46,Electronics,390.5844457367091,3,0,Credit Card,12,5,0,1171.7533372101273,5,Monday,18
2700,2023-01-20,1013,32,Fashion,651.6367437906263,1,10,Credit Card,9,5,0,586.4730694115636,1,Friday,3
2701,2023-03-16,2169,63,Electronics,909.2057372524556,1,20,Credit Card,4,4,0,727.3645898019645,3,Thursday,11
2702,2023-08-31,2080,18,Home,422.5135766271236,2,15,Digital Wallet,6,2,0,718.2730802661101,8,Thursday,35
2703,2023-08-11,1722,60,Electronics,321.26592611005736,4,20,Net Banking,4,4,1,1028.0509635521837,8,Friday,32
2704,2023-03-11,1779,45,Sports,394.5525691670484,2,5,Debit Card,1,4,0,749.6498814173918,3,Saturday,10
2705,2023-11-08,2233,20,Electronics,441.0436539094836,4,5,Net Banking,2,4,0,1675.9658848560377,11,Wednesday,45
2706,2023-07-30,1528,68,Electronics,82.82541868793905,3,20,Net Banking,6,5,0,198.78100485105372,7,Sunday,30
2707,2023-04-11,1797,35,Electronics,503.45742203064447,1,15,Credit Card,8,4,1,427.9388087260478,4,Tuesday,15
2708,2023-07-05,1343,69,Electronics,499.37110556955906,1,15,Credit Card,9,5,0,424.4654397341252,7,Wednesday,27
2709,2023-05-12,2302,51,Sports,592.5593893641179,1,15,Digital Wallet,4,4,0,503.6754809595002,5,Friday,19
2710,2023-04-21,1208,49,Books,369.19183016661816,1,20,Digital Wallet,6,4,0,295.35346413329455,4,Friday,16
2711,2023-05-12,1640,46,Electronics,616.9765199960339,2,20,Debit Card,3,4,0,987.1624319936542,5,Friday,19
2712,2023-01-20,2358,42,Home,879.434147171461,4,0,Net Banking,12,4,0,3517.736588685844,1,Friday,3
2713,2023-01-24,2311,43,Sports,955.9162805902126,2,5,Net Banking,9,5,0,1816.240933121404,1,Tuesday,4
2714,2023-08-15,1251,56,Books,587.7760939796391,3,10,Debit Card,8,4,0,1586.9954537450258,8,Tuesday,33
2715,2023-06-03,2288,25,Electronics,52.16504443060997,1,10,Credit Card,12,5,0,46.94853998754897,6,Saturday,22
2716,2023-10-20,1270,36,Books,969.5436372944379,4,5,Digital Wallet,1,5,0,3684.2658217188637,10,Friday,42
2717,2023-08-18,1919,64,Home,708.8034402872937,2,0,Debit Card,13,5,0,1417.6068805745874,8,Friday,33
2718,2023-11-06,1418,59,Sports,342.6040120681156,4,5,Net Banking,2,5,0,1301.8952458588392,11,Monday,45
2719,2023-12-25,1794,39,Sports,155.68612395408616,2,0,Debit Card,10,5,0,311.3722479081723,12,Monday,52
2720,2023-07-21,2234,46,Books,151.9844261139122,4,0,Debit Card,14,4,0,607.9377044556488,7,Friday,29
2721,2023-02-07,2388,50,Electronics,176.0669620782067,4,15,Net Banking,9,5,0,598.6276710659027,2,Tuesday,6
2722,2023-09-17,2099,55,Fashion,55.1167963976821,1,5,Net Banking,10,5,0,52.36095657779799,9,Sunday,37
2723,2023-07-07,2344,62,Sports,903.1326467663824,2,10,Digital Wallet,3,2,0,1625.6387641794884,7,Friday,27
2724,2023-02-26,1724,63,Fashion,545.3605504990629,3,20,Digital Wallet,14,5,0,1308.8653211977512,2,Sunday,8
2725,2023-01-20,1432,52,Sports,702.9598185866988,4,20,Net Banking,3,5,0,2249.4714194774365,1,Friday,3
2726,2023-09-30,1108,60,Electronics,829.8274241756244,3,5,Digital Wallet,10,5,0,2365.0081589005295,9,Saturday,39
2727,2023-04-29,1640,20,Electronics,793.6255962698682,1,20,Digital Wallet,9,4,0,634.9004770158946,4,Saturday,17
2728,2023-03-12,2070,36,Sports,883.7795674915532,3,0,Digital Wallet,14,4,0,2651.3387024746594,3,Sunday,10
2729,2023-01-04,1378,27,Books,967.5820762997023,4,20,Net Banking,3,4,0,3096.2626441590473,1,Wednesday,1
2730,2023-08-09,2119,44,Electronics,444.67990859452016,4,0,Credit Card,10,5,0,1778.7196343780806,8,Wednesday,32
2731,2023-01-14,1957,32,Electronics,950.8321120017066,4,0,Credit Card,12,3,0,3803.3284480068264,1,Saturday,2
2732,2023-01-03,1102,28,Home,726.0570488593881,2,10,Digital Wallet,11,4,0,1306.9026879468986,1,Tuesday,1
2733,2023-08-04,1891,64,Electronics,79.96150840499769,3,20,Credit Card,5,4,0,191.90762017199447,8,Friday,31
2734,2023-08-17,1853,43,Home,684.965290000222,2,10,Digital Wallet,6,4,0,1232.9375220003997,8,Thursday,33
2735,2023-12-02,2169,41,Electronics,689.8494930088001,4,20,Credit Card,3,4,0,2207.5183776281606,12,Saturday,48
2736,2023-07-05,2050,30,Electronics,906.8019581546018,4,0,Credit Card,14,5,1,3627.2078326184073,7,Wednesday,27
2737,2023-02-24,1529,49,Books,379.20281114539114,1,20,Debit Card,10,5,0,303.3622489163129,2,Friday,8
2738,2023-09-11,1678,54,Books,589.0623852690997,1,10,Digital Wallet,8,4,1,530.1561467421897,9,Monday,37
2739,2023-01-24,1988,21,Electronics,22.065675501625087,4,15,Credit Card,2,5,0,75.0232967055253,1,Tuesday,4
2740,2023-06-11,2105,30,Sports,338.75448975952264,2,10,Credit Card,6,5,1,609.7580815671407,6,Sunday,23
2741,2023-06-07,1427,26,Sports,71.62128889719312,2,15,Debit Card,2,3,0,121.75619112522831,6,Wednesday,23
2742,2023-03-23,1821,66,Electronics,526.654243037248,4,5,Credit Card,9,5,0,2001.286123541542,3,Thursday,12
2743,2023-06-08,2185,51,Sports,819.2731740018837,3,10,Debit Card,6,2,0,2212.037569805086,6,Thursday,23
2744,2023-07-07,1931,54,Electronics,214.37826520777827,2,20,Credit Card,9,5,0,343.00522433244527,7,Friday,27
2745,2023-03-01,2425,65,Books,532.1666351022008,4,15,Debit Card,14,5,0,1809.3665593474825,3,Wednesday,9
2746,2023-11-01,2061,24,Fashion,211.96855014565938,1,20,Debit Card,4,5,0,169.57484011652753,11,Wednesday,44
2747,2023-11-15,1510,18,Home,129.481583167778,4,15,Net Banking,12,4,0,440.2373827704452,11,Wednesday,46
2748,2023-07-30,1392,29,Sports,515.8868240149991,2,10,Digital Wallet,3,5,0,928.5962832269984,7,Sunday,30
2749,2023-06-01,1712,38,Sports,88.35713474023035,4,10,Net Banking,2,5,0,318.08568506482925,6,Thursday,22
2750,2023-04-19,1493,28,Books,591.4810848266095,3,20,Digital Wallet,8,5,0,1419.554603583863,4,Wednesday,16
2751,2023-03-17,2223,61,Sports,41.02408606995901,3,10,Credit Card,4,5,0,110.76503238888934,3,Friday,11
2752,2023-01-30,2278,68,Electronics,115.64782214969178,2,20,Digital Wallet,2,5,0,185.03651543950684,1,Monday,5
2753,2023-11-10,2202,61,Electronics,554.4975106324842,4,0,Net Banking,11,4,0,2217.990042529937,11,Friday,45
2754,2023-04-27,1546,61,Fashion,595.4933387699247,3,15,Digital Wallet,9,3,0,1518.5080138633077,4,Thursday,17
2755,2023-12-22,1593,31,Fashion,38.697060792820494,3,20,Net Banking,12,5,0,92.87294590276919,12,Friday,51
2756,2023-07-11,1388,51,Fashion,577.6430201215429,1,15,Digital Wallet,8,5,0,490.99656710331146,7,Tuesday,28
2757,2023-01-19,2421,51,Electronics,840.1175000704006,2,0,Credit Card,5,3,0,1680.2350001408013,1,Thursday,3
2758,2023-06-22,1157,42,Fashion,725.0930155210144,1,15,Credit Card,8,3,0,616.3290631928622,6,Thursday,25
2759,2023-08-16,2027,21,Fashion,139.87325288159064,1,20,Digital Wallet,5,1,0,111.89860230527252,8,Wednesday,33
2760,2023-12-16,1166,69,Electronics,596.5499010879787,3,10,Digital Wallet,13,5,0,1610.6847329375425,12,Saturday,50
2761,2023-07-02,2491,43,Books,675.5299750734713,4,15,Credit Card,7,5,0,2296.8019152498023,7,Sunday,26
2762,2023-04-23,1959,33,Sports,46.85888973476886,1,15,Digital Wallet,5,5,0,39.83005627455353,4,Sunday,16
2763,2023-07-02,1408,27,Home,856.7941919967865,2,0,Debit Card,13,4,0,1713.588383993573,7,Sunday,26
2764,2023-05-26,2435,62,Electronics,907.2047233169319,2,5,Credit Card,5,4,0,1723.6889743021704,5,Friday,21
2765,2023-11-15,2227,19,Electronics,851.947750628636,4,10,Credit Card,13,5,0,3067.0119022630897,11,Wednesday,46
2766,2023-04-26,1193,52,Home,826.3851533092221,2,20,Net Banking,4,3,0,1322.2162452947555,4,Wednesday,17
2767,2023-04-23,1234,36,Home,747.5155464762844,1,0,Net Banking,13,4,0,747.5155464762844,4,Sunday,16
2768,2023-09-08,1717,23,Fashion,637.0977109691405,4,20,Debit Card,14,5,0,2038.7126751012497,9,Friday,36
2769,2023-09-08,2173,36,Home,681.8407349383693,2,20,Digital Wallet,14,5,0,1090.945175901391,9,Friday,36
2770,2023-10-30,2182,69,Sports,808.3313404016333,2,15,Debit Card,5,4,0,1374.1632786827765,10,Monday,44
2771,2023-11-09,2302,68,Sports,665.8734737776915,1,0,Digital Wallet,7,5,0,665.8734737776915,11,Thursday,45
2772,2023-04-28,1815,25,Sports,334.44968711525024,1,0,Net Banking,3,2,0,334.44968711525024,4,Friday,17
2773,2023-10-28,1403,31,Sports,382.20149113974037,1,10,Digital Wallet,4,3,0,343.98134202576637,10,Saturday,43
2774,2023-06-10,1892,27,Sports,898.0868936885693,1,5,Net Banking,8,4,0,853.1825490041408,6,Saturday,23
2775,2023-07-17,1677,20,Fashion,26.950864939190282,4,20,Credit Card,6,5,1,86.2427678054089,7,Monday,29
2776,2023-09-17,2334,55,Electronics,701.8323754318392,4,10,Credit Card,8,4,0,2526.5965515546213,9,Sunday,37
2777,2023-05-28,1067,46,Home,955.2297769009633,4,10,Digital Wallet,11,5,0,3438.827196843468,5,Sunday,21
2778,2023-08-28,2486,32,Electronics,709.1658882583939,3,20,Net Banking,2,1,0,1701.9981318201455,8,Monday,35
2779,2023-02-16,1087,40,Home,993.9728683494642,1,15,Debit Card,13,4,0,844.8769380970446,2,Thursday,7
2780,2023-07-17,1216,40,Fashion,690.6694564730475,1,15,Net Banking,9,4,1,587.0690380020903,7,Monday,29
2781,2023-02-16,1000,35,Fashion,44.01939892469246,4,20,Net Banking,7,5,0,140.8620765590159,2,Thursday,7
2782,2023-03-19,2158,63,Books,828.7397828304544,2,0,Net Banking,13,5,0,1657.4795656609087,3,Sunday,11
2783,2023-05-04,2374,36,Books,291.7836128199259,2,5,Credit Card,5,5,0,554.3888643578592,5,Thursday,18
2784,2023-03-16,1139,45,Fashion,451.59665340779657,1,15,Net Banking,11,5,0,383.8571553966271,3,Thursday,11
2785,2023-12-25,1617,43,Fashion,318.97099674801126,1,5,Digital Wallet,7,5,1,303.0224469106107,12,Monday,52
2786,2023-05-17,1132,27,Home,275.8685651475827,4,10,Credit Card,2,5,0,993.1268345312976,5,Wednesday,20
2787,2023-03-31,1177,64,Fashion,437.0916466330875,1,10,Credit Card,11,5,0,393.3824819697788,3,Friday,13
2788,2023-11-21,1809,21,Electronics,384.96393395626706,2,20,Credit Card,4,5,0,615.9422943300274,11,Tuesday,47
2789,2023-03-02,2381,19,Home,637.0051960241635,2,20,Net Banking,7,5,0,1019.2083136386617,3,Thursday,9
2790,2023-05-18,1379,20,Fashion,815.0196889776355,1,20,Debit Card,2,5,1,652.0157511821085,5,Thursday,20
2791,2023-02-19,1907,24,Home,304.11776665536837,4,15,Net Banking,8,5,0,1034.0004066282524,2,Sunday,7
2792,2023-09-16,1657,33,Home,221.58394129379724,4,5,Net Banking,14,4,0,842.0189769164294,9,Saturday,37
2793,2023-04-17,1449,48,Sports,670.2263181616389,2,10,Debit Card,10,5,0,1206.40737269095,4,Monday,16
2794,2023-04-23,1585,27,Books,673.6168651724738,4,5,Net Banking,10,3,0,2559.7440876554006,4,Sunday,16
2795,2023-12-16,1462,36,Home,902.1199268933101,2,15,Digital Wallet,11,1,0,1533.603875718627,12,Saturday,50
2796,2023-09-11,1989,45,Home,25.78622958877774,1,5,Debit Card,5,5,0,24.496918109338853,9,Monday,37
2797,2023-04-28,2131,34,Sports,854.5102554953448,2,5,Digital Wallet,13,3,0,1623.5694854411552,4,Friday,17
2798,2023-07-17,1121,45,Fashion,525.7921512188734,1,20,Digital Wallet,5,5,0,420.63372097509875,7,Monday,29
2799,2023-12-03,1016,36,Home,625.0890682803779,4,5,Credit Card,8,5,0,2375.338459465436,12,Sunday,48
2800,2023-12-31,2219,54,Sports,100.45772615580063,3,5,Credit Card,13,5,0,286.3045195440318,12,Sunday,52
2801,2023-02-20,1326,40,Electronics,438.2887835433252,3,5,Debit Card,13,4,0,1249.1230330984768,2,Monday,8
2802,2023-09-02,1317,37,Sports,235.02938316613856,3,0,Net Banking,12,5,0,705.0881494984156,9,Saturday,35
2803,2023-02-04,1808,30,Books,261.68277978168396,2,10,Digital Wallet,1,4,0,471.02900360703114,2,Saturday,5
2804,2023-10-29,2275,30,Books,509.05416352926716,3,10,Net Banking,6,4,0,1374.4462415290216,10,Sunday,43
2805,2023-03-10,1502,60,Fashion,814.3313908990813,2,5,Digital Wallet,2,5,0,1547.2296427082542,3,Friday,10
2806,2023-12-15,1118,28,Fashion,746.3431208434075,4,20,Credit Card,1,3,0,2388.297986698904,12,Friday,50
2807,2023-11-16,1709,65,Books,595.0899594950943,1,20,Credit Card,12,5,0,476.0719675960754,11,Thursday,46
2808,2023-02-18,1044,32,Books,544.0240108259324,3,20,Credit Card,13,5,0,1305.6576259822377,2,Saturday,7
2809,2023-03-15,1313,34,Home,433.03298280214506,2,10,Debit Card,7,5,0,779.4593690438611,3,Wednesday,11
2810,2023-07-11,2202,67,Books,972.9828738257725,4,15,Digital Wallet,12,5,0,3308.141771007626,7,Tuesday,28
2811,2023-09-18,1417,45,Fashion,564.590628691891,4,5,Net Banking,14,5,1,2145.4443890291855,9,Monday,38
2812,2023-12-22,1555,36,Books,261.4267343290999,3,10,Digital Wallet,14,5,0,705.8521826885697,12,Friday,51
2813,2023-03-11,2101,21,Fashion,237.78988411963917,4,20,Net Banking,4,5,0,760.9276291828454,3,Saturday,10
2814,2023-03-31,1325,39,Electronics,615.2395004673904,4,10,Net Banking,1,5,0,2214.8622016826052,3,Friday,13
2815,2023-09-17,2380,39,Books,527.5992520378195,4,10,Net Banking,10,5,0,1899.3573073361501,9,Sunday,37
2816,2023-05-06,2439,54,Fashion,17.620824925165657,2,10,Digital Wallet,11,4,0,31.717484865298182,5,Saturday,18
2817,2023-08-19,1514,56,Sports,831.7647184738215,4,20,Credit Card,11,1,1,2661.647099116229,8,Saturday,33
2818,2023-10-22,1213,51,Home,707.0811306901103,4,15,Debit Card,6,3,0,2404.075844346375,10,Sunday,42
2819,2023-05-09,1073,50,Fashion,665.2109967813225,4,0,Debit Card,10,5,0,2660.84398712529,5,Tuesday,19
2820,2023-10-07,1508,61,Books,78.09285112068237,4,5,Credit Card,13,4,1,296.752834258593,10,Saturday,40
2821,2023-11-09,1331,59,Books,368.4352916707665,4,5,Debit Card,12,5,0,1400.0541083489127,11,Thursday,45
2822,2023-04-10,2116,57,Electronics,936.0284381254584,2,10,Net Banking,13,5,0,1684.851188625825,4,Monday,15
2823,2023-11-22,1687,50,Sports,863.96334892795,4,15,Debit Card,6,4,0,2937.47538635503,11,Wednesday,47
2824,2023-10-24,1656,29,Fashion,292.6875084908381,4,20,Digital Wallet,12,4,0,936.6000271706821,10,Tuesday,43
2825,2023-07-01,2292,19,Sports,165.48829525814733,1,0,Credit Card,3,5,0,165.48829525814733,7,Saturday,26
2826,2023-06-23,2399,45,Electronics,454.5970775968913,4,0,Credit Card,14,5,1,1818.3883103875653,6,Friday,25
2827,2023-11-12,2027,27,Home,362.2720748809843,4,10,Credit Card,6,5,0,1304.1794695715435,11,Sunday,45
2828,2023-12-30,2161,39,Sports,685.4041129389311,2,10,Credit Card,10,3,0,1233.7274032900762,12,Saturday,52
2829,2023-07-07,2254,34,Electronics,966.7704619834765,4,20,Digital Wallet,9,5,1,3093.665478347125,7,Friday,27
2830,2023-02-26,1599,43,Fashion,369.3714354827358,2,20,Net Banking,6,5,0,590.9942967723773,2,Sunday,8
2831,2023-01-31,2075,20,Home,71.60193092571959,3,20,Net Banking,1,5,0,171.844634221727,1,Tuesday,5
2832,2023-03-25,1324,24,Books,898.6378682589614,4,10,Net Banking,10,4,0,3235.096325732261,3,Saturday,12
2833,2023-06-01,1991,61,Electronics,47.5702329374721,1,15,Debit Card,6,4,0,40.434697996851284,6,Thursday,22
2834,2023-02-05,1716,25,Books,953.2382381817997,2,10,Net Banking,8,4,0,1715.8288287272396,2,Sunday,5
2835,2023-08-01,1722,37,Home,667.9336337289494,3,10,Debit Card,7,4,0,1803.4208110681634,8,Tuesday,31
2836,2023-12-30,1276,29,Electronics,942.2723163575297,1,0,Digital Wallet,14,3,0,942.2723163575297,12,Saturday,52
2837,2023-04-16,1535,52,Electronics,207.66308978248847,2,20,Debit Card,8,5,0,332.26094365198156,4,Sunday,15
2838,2023-12-08,1151,34,Home,50.29279730126955,3,5,Net Banking,11,5,0,143.33447230861822,12,Friday,49
2839,2023-08-08,1954,45,Fashion,493.3278784937269,1,20,Credit Card,12,5,0,394.66230279498154,8,Tuesday,32
2840,2023-06-12,1258,58,Electronics,456.11718042442396,4,15,Digital Wallet,8,4,0,1550.7984134430415,6,Monday,24
2841,2023-08-08,1323,27,Home,338.177350522334,1,15,Net Banking,9,4,1,287.4507479439839,8,Tuesday,32
2842,2023-09-27,2016,39,Sports,958.0799096448105,1,20,Net Banking,3,5,0,766.4639277158485,9,Wednesday,39
2843,2023-04-30,1868,55,Books,824.3578948398178,1,20,Net Banking,7,5,0,659.4863158718543,4,Sunday,17
2844,2023-12-02,2191,50,Electronics,664.9662011618374,2,10,Digital Wallet,6,4,0,1196.9391620913073,12,Saturday,48
2845,2023-07-01,1687,39,Sports,171.22970872144944,4,5,Credit Card,2,4,0,650.6728931415079,7,Saturday,26
2846,2023-04-16,1309,61,Electronics,736.9801741363394,4,10,Credit Card,5,4,0,2653.128626890822,4,Sunday,15
2847,2023-08-05,1802,54,Fashion,729.7423301527267,2,0,Credit Card,3,5,0,1459.4846603054534,8,Saturday,31
2848,2023-07-24,2079,30,Home,430.8174918798474,1,0,Net Banking,11,5,0,430.8174918798474,7,Monday,30
2849,2023-03-11,1619,44,Electronics,925.5380506168735,4,15,Debit Card,5,5,0,3146.8293720973697,3,Saturday,10
2850,2023-02-13,1472,32,Home,175.30810340672033,1,15,Net Banking,14,5,0,149.01188789571228,2,Monday,7
2851,2023-11-25,2319,39,Electronics,274.66418678754764,4,5,Credit Card,11,4,0,1043.723909792681,11,Saturday,47
2852,2023-10-28,1460,47,Fashion,72.59209585812731,2,15,Digital Wallet,9,1,0,123.40656295881642,10,Saturday,43
2853,2023-08-16,2347,60,Fashion,797.4964485958116,3,0,Debit Card,14,5,0,2392.4893457874346,8,Wednesday,33
2854,2023-07-03,1813,57,Sports,625.5417922344433,1,5,Debit Card,8,4,0,594.2647026227211,7,Monday,27
2855,2023-04-17,1845,54,Fashion,321.790902624437,4,0,Net Banking,9,3,0,1287.163610497748,4,Monday,16
2856,2023-03-25,2164,51,Home,172.17552695837222,4,20,Digital Wallet,9,5,0,550.9616862667912,3,Saturday,12
2857,2023-12-04,1666,61,Fashion,49.74629232845297,4,20,Debit Card,11,4,0,159.1881354510495,12,Monday,49
2858,2023-09-07,1261,51,Electronics,175.07811293967723,2,5,Credit Card,8,3,0,332.6484145853867,9,Thursday,36
2859,2023-12-29,2443,65,Fashion,458.75179987428163,2,10,Net Banking,14,4,0,825.7532397737069,12,Friday,52
2860,2023-01-21,2264,52,Home,254.7051993205001,3,15,Net Banking,8,5,0,649.4982582672752,1,Saturday,3
2861,2023-07-15,1354,59,Electronics,266.39235565764704,2,5,Credit Card,11,2,1,506.14547574952934,7,Saturday,28
2862,2023-06-27,1769,36,Sports,876.8206030010372,1,15,Credit Card,11,4,1,745.2975125508816,6,Tuesday,26
2863,2023-01-07,1179,25,Sports,519.9862967264896,2,0,Credit Card,6,5,0,1039.9725934529793,1,Saturday,1
2864,2023-03-11,1065,56,Sports,731.9594533971305,4,10,Debit Card,6,5,0,2635.0540322296697,3,Saturday,10
2865,2023-05-07,1819,50,Electronics,45.35383953786166,1,15,Digital Wallet,14,4,0,38.55076360718241,5,Sunday,18
2866,2023-06-09,2371,61,Sports,371.5117221212484,2,20,Debit Card,6,5,0,594.4187553939975,6,Friday,23
2867,2023-09-05,1170,45,Fashion,484.3776539214874,1,20,Digital Wallet,10,5,0,387.50212313719,9,Tuesday,36
2868,2023-07-22,1473,54,Electronics,194.55268665808285,1,0,Net Banking,6,2,0,194.55268665808285,7,Saturday,29
2869,2023-05-28,1533,65,Electronics,128.98962603108328,2,5,Digital Wallet,13,4,0,245.0802894590582,5,Sunday,21
2870,2023-05-23,2390,42,Electronics,871.600740714844,1,15,Credit Card,14,5,1,740.8606296076174,5,Tuesday,21
2871,2023-07-18,2130,53,Books,940.0373108287986,4,0,Debit Card,11,5,0,3760.1492433151943,7,Tuesday,29
2872,2023-06-03,1438,34,Home,88.01863106495334,4,20,Credit Card,13,4,0,281.6596194078507,6,Saturday,22
2873,2023-05-22,1834,41,Books,355.52852541701867,2,20,Net Banking,12,1,1,568.8456406672299,5,Monday,21
2874,2023-11-09,1226,38,Books,958.7027718630289,2,20,Debit Card,9,1,0,1533.9244349808464,11,Thursday,45
2875,2023-06-14,2467,19,Books,92.33011580114024,4,10,Debit Card,10,5,0,332.38841688410486,6,Wednesday,24
2876,2023-11-10,1441,48,Home,647.204959149939,2,10,Credit Card,13,5,0,1164.9689264698902,11,Friday,45
2877,2023-01-21,1395,61,Books,972.4991572573355,4,20,Debit Card,1,5,0,3111.997303223474,1,Saturday,3
2878,2023-03-23,1727,50,Sports,978.4414318955608,1,5,Credit Card,10,5,0,929.5193603007826,3,Thursday,12
2879,2023-03-10,1083,47,Electronics,476.5110975947058,2,10,Digital Wallet,6,5,0,857.7199756704705,3,Friday,10
2880,2023-05-11,2036,29,Electronics,171.1216167045568,3,15,Net Banking,8,5,0,436.3601225966198,5,Thursday,19
2881,2023-03-28,1692,61,Fashion,210.06347182766444,4,10,Credit Card,1,5,0,756.228498579592,3,Tuesday,13
2882,2023-08-06,1492,29,Sports,890.7053811731507,4,15,Net Banking,11,5,0,3028.3982959887126,8,Sunday,31
2883,2023-11-01,2291,68,Home,912.5661742864386,1,10,Debit Card,11,3,0,821.3095568577947,11,Wednesday,44
2884,2023-12-11,2143,66,Electronics,611.8008474348192,3,20,Net Banking,6,4,0,1468.322033843566,12,Monday,50
2885,2023-12-07,1969,69,Books,768.5146354752122,3,15,Net Banking,9,5,0,1959.712320461791,12,Thursday,49
2886,2023-06-10,1352,41,Fashion,742.531938955704,3,5,Net Banking,6,5,0,2116.2160260237565,6,Saturday,23
2887,2023-06-27,2080,41,Fashion,665.2033820092159,4,10,Debit Card,14,3,0,2394.7321752331773,6,Tuesday,26
2888,2023-04-27,1039,28,Electronics,829.0041853232196,4,10,Digital Wallet,2,5,0,2984.4150671635907,4,Thursday,17
2889,2023-07-15,2359,30,Sports,688.5525568099179,3,20,Digital Wallet,1,5,0,1652.526136343803,7,Saturday,28
2890,2023-11-23,1639,44,Fashion,538.6622826900243,2,15,Digital Wallet,4,5,0,915.7258805730413,11,Thursday,47
2891,2023-03-27,1172,25,Electronics,244.5867989622752,3,20,Credit Card,6,5,0,587.0083175094604,3,Monday,13
2892,2023-10-16,1258,27,Sports,746.4492626774329,1,15,Credit Card,10,4,0,634.481873275818,10,Monday,42
2893,2023-03-22,1516,25,Electronics,478.7034891598917,3,10,Debit Card,10,1,0,1292.4994207317077,3,Wednesday,12
2894,2023-06-01,1729,37,Electronics,301.84376716743424,3,10,Digital Wallet,9,4,0,814.9781713520725,6,Thursday,22
2895,2023-03-02,1522,25,Sports,803.9268129843576,3,10,Net Banking,5,5,0,2170.6023950577655,3,Thursday,9
2896,2023-03-02,1838,26,Sports,699.7464643494981,2,10,Digital Wallet,7,3,0,1259.5436358290965,3,Thursday,9
2897,2023-12-20,1116,24,Sports,937.966167493453,3,0,Credit Card,6,4,0,2813.8985024803587,12,Wednesday,51
2898,2023-01-28,1183,31,Electronics,173.78722361868896,3,10,Debit Card,6,5,1,469.2255037704602,1,Saturday,4
2899,2023-02-12,2139,45,Fashion,652.6973917901282,4,10,Digital Wallet,9,5,0,2349.7106104444615,2,Sunday,6
2900,2023-06-18,1161,19,Home,251.79707340729422,3,15,Credit Card,5,5,0,642.0825371886003,6,Sunday,24
2901,2023-03-27,1542,60,Home,904.5471554486253,1,10,Credit Card,2,5,0,814.0924399037627,3,Monday,13
2902,2023-06-26,2260,25,Electronics,108.50442011404952,4,10,Net Banking,8,1,0,390.6159124105783,6,Monday,26
2903,2023-01-17,1838,30,Electronics,659.6001883804284,2,15,Digital Wallet,11,4,0,1121.3203202467284,1,Tuesday,3
2904,2023-04-08,2089,38,Fashion,793.1748643127496,4,10,Net Banking,14,5,0,2855.4295115258988,4,Saturday,14
2905,2023-07-17,2093,64,Sports,361.3686619610601,2,10,Digital Wallet,3,4,0,650.4635915299083,7,Monday,29
2906,2023-04-08,1446,45,Electronics,954.5966985899712,2,20,Debit Card,14,5,0,1527.354717743954,4,Saturday,14
2907,2023-03-06,1415,52,Books,852.2233777401769,1,0,Digital Wallet,9,5,1,852.2233777401769,3,Monday,10
2908,2023-11-26,1531,40,Sports,301.67211668805436,3,15,Net Banking,14,5,0,769.2638975545386,11,Sunday,47
2909,2023-12-07,1440,63,Electronics,17.46568178883869,1,20,Net Banking,5,2,0,13.972545431070953,12,Thursday,49
2910,2023-01-05,1737,32,Books,303.69060435688027,4,5,Credit Card,14,5,0,1154.024296556145,1,Thursday,1
2911,2023-01-02,1463,19,Fashion,288.4973657660351,2,5,Digital Wallet,1,5,0,548.1449949554667,1,Monday,1
2912,2023-01-22,1395,68,Books,891.0649614258999,4,0,Digital Wallet,4,3,0,3564.2598457035997,1,Sunday,3
2913,2023-04-22,1710,29,Electronics,967.4499664722,2,5,Debit Card,9,4,0,1838.15493629718,4,Saturday,16
2914,2023-02-26,1394,69,Home,79.73558611055775,4,0,Credit Card,1,5,1,318.942344442231,2,Sunday,8
2915,2023-03-07,1325,53,Electronics,476.5818802479836,2,5,Net Banking,8,3,0,905.5055724711688,3,Tuesday,10
2916,2023-11-26,2114,20,Home,552.8486785444978,1,5,Digital Wallet,8,5,0,525.2062446172729,11,Sunday,47
2917,2023-04-08,1749,22,Fashion,101.98254471640627,2,20,Credit Card,9,4,0,163.17207154625004,4,Saturday,14
2918,2023-05-24,2093,20,Fashion,383.7227320461473,3,5,Debit Card,9,5,0,1093.60978633152,5,Wednesday,21
2919,2023-05-05,2189,64,Sports,323.91159321902114,1,0,Credit Card,13,4,0,323.91159321902114,5,Friday,18
2920,2023-06-16,1641,36,Sports,540.6957907838164,3,10,Digital Wallet,6,5,0,1459.8786351163044,6,Friday,24
2921,2023-03-27,1213,19,Home,664.5789907346186,4,10,Digital Wallet,13,1,0,2392.4843666446272,3,Monday,13
2922,2023-03-17,2358,61,Home,706.450259391601,4,10,Debit Card,5,3,0,2543.2209338097637,3,Friday,11
2923,2023-12-10,1368,54,Fashion,145.38747337725366,2,0,Debit Card,12,4,0,290.7749467545073,12,Sunday,49
2924,2023-10-21,1048,34,Books,814.8182249251752,2,0,Debit Card,12,5,0,1629.6364498503503,10,Saturday,42
2925,2023-02-28,2075,31,Home,681.7566094928513,4,10,Net Banking,14,5,0,2454.323794174265,2,Tuesday,9
2926,2023-05-18,2312,45,Home,890.1841675792524,1,5,Credit Card,14,5,0,845.6749592002898,5,Thursday,20
2927,2023-04-09,2262,44,Books,454.84269884107977,3,10,Credit Card,7,4,0,1228.0752868709155,4,Sunday,14
2928,2023-07-11,1132,27,Sports,894.9508650949697,4,15,Credit Card,9,1,0,3042.8329413228967,7,Tuesday,28
2929,2023-08-31,1998,20,Sports,867.1163811325147,1,0,Net Banking,5,5,0,867.1163811325147,8,Thursday,35
2930,2023-11-15,1785,53,Home,444.0252390356769,3,15,Credit Card,12,5,0,1132.264359540976,11,Wednesday,46
2931,2023-02-18,2189,55,Sports,387.33188214004883,2,15,Debit Card,3,2,0,658.464199638083,2,Saturday,7
2932,2023-02-01,2397,42,Sports,933.4838948205543,1,0,Credit Card,9,3,0,933.4838948205543,2,Wednesday,5
2933,2023-10-04,1372,39,Sports,718.0130871930533,1,10,Net Banking,10,4,0,646.2117784737479,10,Wednesday,40
2934,2023-01-20,1478,65,Fashion,928.9628929736949,4,20,Net Banking,13,4,0,2972.6812575158237,1,Friday,3
2935,2023-06-03,1831,56,Electronics,799.0050311068549,3,15,Credit Card,1,5,0,2037.4628293224798,6,Saturday,22
2936,2023-03-09,1649,64,Home,613.2044648985002,4,10,Net Banking,14,4,0,2207.5360736346006,3,Thursday,10
2937,2023-08-02,1681,47,Home,124.69424923372686,2,20,Net Banking,1,5,1,199.510798773963,8,Wednesday,31
2938,2023-05-23,1687,38,Fashion,298.5658658533075,2,15,Credit Card,10,5,0,507.56197195062276,5,Tuesday,21
2939,2023-08-20,2323,47,Electronics,969.1539830274077,3,10,Net Banking,14,5,0,2616.7157541740007,8,Sunday,33
2940,2023-08-01,1081,45,Electronics,326.22787772706243,3,15,Net Banking,11,5,0,831.8810882040092,8,Tuesday,31
2941,2023-03-20,1086,48,Fashion,102.32232108751708,3,10,Credit Card,12,5,0,276.27026693629614,3,Monday,12
2942,2023-08-02,1224,69,Books,710.4778223601265,4,5,Debit Card,4,5,0,2699.815724968481,8,Wednesday,31
2943,2023-04-26,1015,43,Books,736.6642119982474,3,5,Debit Card,2,5,0,2099.493004195005,4,Wednesday,17
2944,2023-04-02,1821,60,Electronics,292.6031430842793,3,0,Net Banking,7,5,0,877.8094292528378,4,Sunday,13
2945,2023-09-27,2381,39,Books,304.6952595528407,4,20,Digital Wallet,2,3,0,975.0248305690902,9,Wednesday,39
2946,2023-06-17,1162,38,Books,474.20405565369606,2,15,Digital Wallet,7,4,1,806.1468946112833,6,Saturday,24
2947,2023-02-27,1513,18,Books,31.571060264632983,2,15,Credit Card,8,4,0,53.67080244987607,2,Monday,9
2948,2023-10-11,1349,54,Electronics,791.429780257552,1,10,Credit Card,12,2,0,712.2868022317969,10,Wednesday,41
2949,2023-01-26,1680,30,Books,323.9178994013843,2,20,Debit Card,11,5,0,518.2686390422149,1,Thursday,4
2950,2023-03-07,2487,38,Home,855.2254709819578,3,15,Digital Wallet,8,5,0,2180.8249510039923,3,Tuesday,10
2951,2023-09-05,2398,63,Electronics,804.6041173840334,2,20,Credit Card,3,5,0,1287.3665878144536,9,Tuesday,36
2952,2023-09-11,2115,26,Fashion,664.7880127875952,4,20,Digital Wallet,9,4,0,2127.3216409203046,9,Monday,37
2953,2023-02-13,1180,34,Books,331.6261184282958,2,5,Digital Wallet,10,5,0,630.089625013762,2,Monday,7
2954,2023-04-07,1742,64,Sports,521.1533960445583,2,15,Net Banking,10,1,0,885.9607732757491,4,Friday,14
2955,2023-02-11,2324,38,Electronics,450.3809650219794,1,15,Net Banking,10,2,0,382.8238202686825,2,Saturday,6
2956,2023-08-15,1659,48,Fashion,345.4930673861875,1,0,Digital Wallet,6,5,0,345.4930673861875,8,Tuesday,33
2957,2023-09-19,2212,56,Home,849.6549264101465,3,20,Debit Card,4,4,1,2039.1718233843517,9,Tuesday,38
2958,2023-06-16,2337,39,Fashion,488.6720038318886,4,10,Credit Card,8,3,0,1759.219213794799,6,Friday,24
2959,2023-10-06,1492,29,Books,834.395866819175,3,5,Credit Card,4,4,0,2378.0282204346486,10,Friday,40
2960,2023-03-30,1922,23,Sports,114.16628940040604,4,0,Debit Card,4,4,0,456.6651576016242,3,Thursday,13
2961,2023-06-27,1127,33,Books,149.61454071433238,4,5,Net Banking,11,1,1,568.535254714463,6,Tuesday,26
2962,2023-07-16,2449,43,Fashion,977.547102061847,1,10,Net Banking,8,4,0,879.7923918556623,7,Sunday,28
2963,2023-11-03,1564,22,Electronics,591.8907779800287,2,0,Debit Card,4,1,0,1183.7815559600574,11,Friday,44
2964,2023-09-24,2210,26,Sports,514.6719767640585,2,5,Debit Card,1,1,0,977.8767558517111,9,Sunday,38
2965,2023-09-25,1549,63,Sports,527.9245025126705,1,10,Net Banking,6,5,1,475.1320522614035,9,Monday,39
2966,2023-03-15,1452,57,Fashion,223.11608629253124,3,0,Digital Wallet,12,4,0,669.3482588775937,3,Wednesday,11
2967,2023-01-08,1470,31,Books,721.5169100069533,2,10,Net Banking,8,5,0,1298.7304380125158,1,Sunday,1
2968,2023-10-24,1987,61,Fashion,93.93281749245682,3,0,Digital Wallet,14,4,0,281.79845247737046,10,Tuesday,43
2969,2023-06-13,1737,59,Sports,577.590475971993,2,15,Credit Card,14,5,0,981.903809152388,6,Tuesday,24
2970,2023-03-26,1223,47,Fashion,575.0611086200424,3,15,Credit Card,3,5,0,1466.4058269811082,3,Sunday,12
2971,2023-03-13,1153,69,Sports,915.0465398921758,4,5,Digital Wallet,2,4,0,3477.176851590268,3,Monday,11
2972,2023-02-24,1559,69,Books,530.9209820038118,4,20,Digital Wallet,6,4,0,1698.9471424121978,2,Friday,8
2973,2023-02-16,1350,43,Electronics,145.69206901443772,2,20,Net Banking,1,3,0,233.10731042310036,2,Thursday,7
2974,2023-08-26,2170,62,Electronics,577.025726655681,3,10,Debit Card,11,5,1,1557.9694619703387,8,Saturday,34
2975,2023-04-14,1348,46,Fashion,100.41436792167903,3,0,Digital Wallet,5,4,0,301.24310376503706,4,Friday,15
2976,2023-07-29,1181,36,Sports,211.75589694692246,4,15,Credit Card,6,4,0,719.9700496195363,7,Saturday,30
2977,2023-02-11,1636,64,Electronics,40.79749834554197,3,20,Net Banking,8,5,0,97.91399602930073,2,Saturday,6
2978,2023-11-12,2017,25,Sports,518.1606466349033,1,15,Credit Card,7,4,0,440.43654963966776,11,Sunday,45
2979,2023-09-25,1178,40,Books,93.68728914063664,3,10,Net Banking,6,5,0,252.95568067971894,9,Monday,39
2980,2023-09-20,2062,59,Fashion,474.70043474601573,4,10,Debit Card,2,5,1,1708.9215650856568,9,Wednesday,38
2981,2023-12-02,1771,52,Sports,933.6155849709027,1,0,Debit Card,12,5,0,933.6155849709027,12,Saturday,48
2982,2023-12-31,1893,48,Fashion,722.5637988891388,1,20,Credit Card,8,5,0,578.0510391113111,12,Sunday,52
2983,2023-09-16,2026,52,Sports,86.63755748304011,3,10,Digital Wallet,8,5,0,233.92140520420833,9,Saturday,37
2984,2023-10-10,2015,49,Sports,231.96771408675474,4,10,Digital Wallet,11,5,1,835.0837707123171,10,Tuesday,41
2985,2023-04-24,1063,22,Books,676.9257956944999,4,15,Credit Card,5,5,1,2301.5477053613,4,Monday,17
2986,2023-12-29,1028,33,Fashion,895.7548424139419,4,5,Digital Wallet,3,4,1,3403.8684011729792,12,Friday,52
2987,2023-02-09,1371,34,Home,42.589400896314224,1,20,Digital Wallet,12,4,0,34.07152071705138,2,Thursday,6
2988,2023-08-08,1096,49,Sports,814.3266204033881,4,0,Credit Card,11,4,0,3257.3064816135525,8,Tuesday,32
2989,2023-05-09,2465,55,Sports,566.1957415349256,1,0,Credit Card,8,5,0,566.1957415349256,5,Tuesday,19
2990,2023-01-08,2226,49,Electronics,550.6304120434287,1,15,Debit Card,5,3,0,468.03585023691437,1,Sunday,1
2991,2023-04-11,2434,69,Fashion,958.2350509258243,2,0,Credit Card,3,4,0,1916.4701018516487,4,Tuesday,15
2992,2023-06-25,1992,37,Home,750.1681664708053,3,10,Debit Card,9,1,0,2025.4540494711744,6,Sunday,25
2993,2023-04-17,1020,65,Books,851.6176793755508,4,20,Debit Card,9,5,0,2725.1765740017627,4,Monday,16
2994,2023-04-11,1734,19,Home,360.4556138492201,1,0,Net Banking,12,5,0,360.4556138492201,4,Tuesday,15
2995,2023-09-17,2125,37,Books,558.8204004201258,3,20,Digital Wallet,7,4,0,1341.1689610083022,9,Sunday,37
2996,2023-09-03,2069,64,Home,619.2516206534931,1,0,Credit Card,13,5,1,619.2516206534931,9,Sunday,35
2997,2023-10-02,1065,35,Home,328.36810095884044,3,5,Digital Wallet,8,4,0,935.8490877326952,10,Monday,40
2998,2023-02-01,1602,18,Fashion,574.5456436979255,1,5,Net Banking,13,4,0,545.8183615130291,2,Wednesday,5
2999,2023-05-17,2187,46,Electronics,244.28882568491667,4,20,Credit Card,5,5,0,781.7242421917334,5,Wednesday,20
3000,2023-01-12,2134,46,Home,151.94191435755718,2,5,Credit Card,5,5,0,288.68963727935864,1,Thursday,2
3001,2023-10-29,1337,36,Sports,380.2305566845593,2,5,Net Banking,5,4,1,722.4380577006626,10,Sunday,43
3002,2023-01-16,1122,61,Sports,741.8967324589727,2,10,Digital Wallet,2,5,0,1335.414118426151,1,Monday,3
3003,2023-05-09,1446,57,Sports,917.0252765931486,1,0,Debit Card,3,4,0,917.0252765931486,5,Tuesday,19
3004,2023-03-04,1610,23,Electronics,463.1369109832502,3,5,Net Banking,8,5,0,1319.940196302263,3,Saturday,9
3005,2023-04-19,2314,61,Home,646.3954513926774,4,20,Net Banking,14,5,0,2068.4654444565676,4,Wednesday,16
3006,2023-01-21,1670,56,Books,112.00675966534948,4,10,Credit Card,13,4,0,403.22433479525813,1,Saturday,3
3007,2023-06-07,2435,67,Books,905.4191209668055,1,5,Debit Card,6,5,0,860.1481649184652,6,Wednesday,23
3008,2023-09-26,1614,63,Fashion,572.9181714342351,2,20,Net Banking,9,4,1,916.6690742947762,9,Tuesday,39
3009,2023-06-11,1896,25,Electronics,782.5348651489054,1,0,Digital Wallet,7,4,0,782.5348651489054,6,Sunday,23
3010,2023-09-17,1280,41,Home,796.4967889121799,3,5,Net Banking,14,4,0,2270.0158483997125,9,Sunday,37
3011,2023-04-12,2066,37,Sports,263.91572110442485,2,20,Digital Wallet,6,5,0,422.26515376707977,4,Wednesday,15
3012,2023-08-11,1595,31,Electronics,533.8827086500311,1,20,Credit Card,11,5,0,427.10616692002486,8,Friday,32
3013,2023-02-28,1702,22,Electronics,960.8749540453676,3,15,Net Banking,14,5,0,2450.2311328156875,2,Tuesday,9
3014,2023-09-04,2074,58,Home,98.7381993726195,2,20,Digital Wallet,4,5,0,157.9811189961912,9,Monday,36
3015,2023-05-08,1209,57,Fashion,686.2193990492677,4,15,Credit Card,7,1,0,2333.14595676751,5,Monday,19
3016,2023-10-10,1125,51,Fashion,962.6414372548203,3,0,Credit Card,4,2,0,2887.924311764461,10,Tuesday,41
3017,2023-11-21,1491,33,Fashion,307.57133697348195,4,0,Credit Card,7,4,0,1230.2853478939278,11,Tuesday,47
3018,2023-01-25,1959,62,Sports,862.8334421903046,3,10,Net Banking,5,5,0,2329.6502939138227,1,Wednesday,4
3019,2023-05-11,1969,24,Sports,934.3209699541889,2,15,Credit Card,2,5,0,1588.345648922121,5,Thursday,19
3020,2023-12-19,1580,33,Home,749.6153473008768,1,20,Credit Card,7,5,0,599.6922778407014,12,Tuesday,51
3021,2023-07-15,1776,24,Fashion,239.0150291838887,1,10,Digital Wallet,8,4,0,215.11352626549981,7,Saturday,28
3022,2023-10-08,1257,44,Home,340.66071163832794,1,10,Credit Card,10,5,0,306.5946404744952,10,Sunday,40
3023,2023-06-03,2211,31,Fashion,45.451201473553425,1,0,Net Banking,11,5,0,45.451201473553425,6,Saturday,22
3024,2023-05-13,1229,31,Electronics,833.1387019029016,3,20,Debit Card,2,5,0,1999.532884566964,5,Saturday,19
3025,2023-08-15,1188,61,Books,851.1150746459691,1,15,Credit Card,6,5,0,723.4478134490737,8,Tuesday,33
3026,2023-07-08,2438,50,Books,636.3832068665308,1,0,Net Banking,4,4,0,636.3832068665308,7,Saturday,27
3027,2023-09-22,1009,50,Fashion,359.0025727512128,3,10,Credit Card,5,5,0,969.3069464282745,9,Friday,38
3028,2023-05-14,2137,61,Home,86.04291736352133,3,5,Net Banking,1,5,0,245.22231448603577,5,Sunday,19
3029,2023-07-30,2099,37,Sports,755.5270338157603,2,10,Credit Card,6,4,0,1359.9486608683685,7,Sunday,30
3030,2023-03-01,1675,64,Fashion,729.2609316738236,3,5,Digital Wallet,12,5,0,2078.393655270397,3,Wednesday,9
3031,2023-12-30,1501,53,Fashion,913.476496521512,4,0,Debit Card,12,5,0,3653.905986086048,12,Saturday,52
3032,2023-12-30,1084,24,Sports,733.2267007953086,2,15,Debit Card,11,5,0,1246.4853913520246,12,Saturday,52
3033,2023-08-01,1048,49,Fashion,830.4079928215618,2,20,Net Banking,14,5,0,1328.652788514499,8,Tuesday,31
3034,2023-08-04,1837,65,Electronics,748.4950717249595,1,5,Net Banking,8,5,0,711.0703181387115,8,Friday,31
3035,2023-08-14,2007,20,Sports,634.3803164291933,1,20,Debit Card,2,4,0,507.5042531433546,8,Monday,33
3036,2023-05-11,1688,56,Electronics,432.6967302490991,4,0,Digital Wallet,1,5,0,1730.7869209963965,5,Thursday,19
3037,2023-03-17,1386,46,Books,903.096135555855,1,0,Digital Wallet,9,2,0,903.096135555855,3,Friday,11
3038,2023-10-13,1969,41,Sports,654.4588861883951,3,0,Credit Card,2,5,0,1963.3766585651854,10,Friday,41
3039,2023-10-04,2412,39,Sports,404.37176874625,3,15,Digital Wallet,8,3,0,1031.1480103029376,10,Wednesday,40
3040,2023-06-05,2005,23,Home,92.63460223013766,1,5,Debit Card,5,4,0,88.00287211863078,6,Monday,23
3041,2023-09-05,1217,65,Home,297.7978073453383,1,20,Debit Card,2,5,0,238.23824587627064,9,Tuesday,36
3042,2023-08-06,2004,41,Sports,548.2894674818631,3,10,Digital Wallet,5,3,0,1480.3815622010304,8,Sunday,31
3043,2023-07-09,2369,57,Books,282.8790163160326,2,0,Digital Wallet,9,3,0,565.7580326320652,7,Sunday,27
3044,2023-06-12,2253,40,Fashion,229.0229944387231,4,20,Debit Card,6,5,1,732.8735822039139,6,Monday,24
3045,2023-06-29,1254,55,Home,532.1195789469687,4,20,Debit Card,3,4,0,1702.7826526302997,6,Thursday,26
3046,2023-02-03,1235,27,Books,178.12214243677724,2,15,Debit Card,12,2,1,302.8076421425213,2,Friday,5
3047,2023-02-10,2049,33,Books,802.4059626918524,4,5,Debit Card,8,4,0,3049.142658229039,2,Friday,6
3048,2023-11-03,2284,28,Home,489.5244698292314,1,15,Debit Card,14,5,0,416.0957993548467,11,Friday,44
3049,2023-12-04,1270,49,Fashion,578.1241462230237,1,15,Digital Wallet,1,4,0,491.4055242895701,12,Monday,49
3050,2023-11-10,1122,62,Home,155.90943492137507,1,20,Digital Wallet,9,5,0,124.72754793710006,11,Friday,45
3051,2023-03-16,1655,23,Books,331.3305722730737,4,5,Credit Card,9,4,0,1259.05617463768,3,Thursday,11
3052,2023-10-06,2280,41,Electronics,415.9887864285414,2,5,Credit Card,4,4,0,790.3786942142286,10,Friday,40
3053,2023-06-25,2444,50,Home,810.130702211338,1,5,Net Banking,13,3,0,769.624167100771,6,Sunday,25
3054,2023-05-30,1258,68,Books,772.457927855291,2,0,Credit Card,8,5,0,1544.915855710582,5,Tuesday,22
3055,2023-09-30,1947,29,Home,230.74770003980456,3,5,Digital Wallet,11,5,0,657.6309451134429,9,Saturday,39
3056,2023-11-21,1046,44,Books,620.0172907909376,3,20,Credit Card,14,3,1,1488.0414978982503,11,Tuesday,47
3057,2023-04-18,1862,55,Fashion,251.02179419427762,3,0,Credit Card,14,3,0,753.0653825828329,4,Tuesday,16
3058,2023-05-19,1524,35,Books,988.3646841333428,4,10,Digital Wallet,11,4,0,3558.1128628800343,5,Friday,20
3059,2023-12-16,1887,62,Sports,952.602639349562,4,15,Debit Card,3,5,1,3238.8489737885106,12,Saturday,50
3060,2023-09-28,1207,56,Electronics,567.6320733154142,1,5,Digital Wallet,13,3,0,539.2504696496435,9,Thursday,39
3061,2023-12-13,2334,30,Books,701.9135461752015,3,10,Digital Wallet,6,4,0,1895.1665746730441,12,Wednesday,50
3062,2023-10-16,1746,57,Home,803.4160783865586,2,5,Net Banking,10,5,0,1526.4905489344612,10,Monday,42
3063,2023-07-31,1148,47,Home,723.7884358444549,4,15,Net Banking,10,4,0,2460.8806818711464,7,Monday,31
3064,2023-09-29,1437,66,Books,702.8304041715967,2,20,Net Banking,8,1,1,1124.5286466745547,9,Friday,39
3065,2023-03-07,1154,58,Sports,958.9684678700328,2,20,Debit Card,11,2,0,1534.3495485920525,3,Tuesday,10
3066,2023-09-05,2113,69,Books,600.4915452442104,1,15,Credit Card,9,4,0,510.41781345757886,9,Tuesday,36
3067,2023-06-05,1357,30,Fashion,639.939645100865,1,10,Net Banking,8,2,0,575.9456805907786,6,Monday,23
3068,2023-02-16,2197,51,Sports,850.7760629337994,2,0,Digital Wallet,9,3,0,1701.5521258675988,2,Thursday,7
3069,2023-07-20,2240,53,Books,673.1919591798227,2,0,Net Banking,4,5,0,1346.3839183596453,7,Thursday,29
3070,2023-05-28,1455,47,Electronics,735.6032957973473,2,5,Digital Wallet,10,4,0,1397.6462620149598,5,Sunday,21
3071,2023-05-04,1775,42,Sports,241.826999334676,2,15,Debit Card,1,4,0,411.10589886894917,5,Thursday,18
3072,2023-01-01,1628,19,Books,377.5542548739202,3,15,Net Banking,7,5,0,962.7633499284964,1,Sunday,52
3073,2023-09-04,2222,53,Electronics,155.8283322547741,2,0,Digital Wallet,11,5,0,311.6566645095482,9,Monday,36
3074,2023-12-09,1831,35,Books,510.70778791145744,4,10,Credit Card,12,3,0,1838.5480364812468,12,Saturday,49
3075,2023-05-08,1485,22,Fashion,461.17012667344386,1,15,Debit Card,10,3,0,391.99460767242726,5,Monday,19
3076,2023-07-10,1532,36,Home,997.1911861366623,4,20,Digital Wallet,4,3,0,3191.0117956373197,7,Monday,28
3077,2023-03-08,1199,59,Books,615.0965662873871,1,20,Credit Card,1,5,0,492.0772530299097,3,Wednesday,10
3078,2023-01-04,1370,35,Sports,788.5803749624791,1,15,Credit Card,3,5,0,670.2933187181072,1,Wednesday,1
3079,2023-10-30,2013,49,Books,340.6745240500777,1,10,Digital Wallet,7,2,0,306.60707164506994,10,Monday,44
3080,2023-10-21,1852,38,Books,833.2298780293686,4,20,Net Banking,11,4,0,2666.3356096939797,10,Saturday,42
3081,2023-05-23,2471,27,Books,618.9341168228066,1,10,Credit Card,3,5,0,557.0407051405259,5,Tuesday,21
3082,2023-07-10,1247,54,Books,700.0224082824541,2,0,Debit Card,1,1,0,1400.0448165649082,7,Monday,28
3083,2023-01-21,1787,66,Sports,301.48647016995983,2,5,Credit Card,7,5,0,572.8242933229236,1,Saturday,3
3084,2023-08-15,1263,39,Sports,553.1520077786214,3,0,Net Banking,8,5,0,1659.4560233358643,8,Tuesday,33
3085,2023-11-09,2081,30,Books,637.6966036794726,3,5,Debit Card,5,2,0,1817.4353204864967,11,Thursday,45
3086,2023-04-27,2325,34,Home,593.2037290584152,3,20,Debit Card,6,3,0,1423.6889497401964,4,Thursday,17
3087,2023-10-29,1030,26,Books,916.0417743103209,2,5,Debit Card,14,1,0,1740.4793711896095,10,Sunday,43
3088,2023-05-22,2272,41,Sports,899.2899378476279,4,5,Digital Wallet,3,3,0,3417.301763820986,5,Monday,21
3089,2023-02-08,1604,61,Fashion,971.2742172981019,3,15,Credit Card,14,5,0,2476.7492541101597,2,Wednesday,6
3090,2023-12-21,2294,31,Books,670.7537259469195,2,5,Net Banking,5,1,0,1274.432079299147,12,Thursday,51
3091,2023-09-09,2417,63,Books,972.1949888244278,1,15,Digital Wallet,3,4,1,826.3657405007636,9,Saturday,36
3092,2023-11-29,1501,25,Books,834.1532200315897,4,5,Digital Wallet,13,5,1,3169.782236120041,11,Wednesday,48
3093,2023-07-26,2107,54,Books,278.1238189365597,4,15,Debit Card,2,5,0,945.6209843843029,7,Wednesday,30
3094,2023-07-29,2388,36,Electronics,433.1613128557841,2,20,Digital Wallet,14,4,0,693.0581005692546,7,Saturday,30
3095,2023-04-25,1885,45,Books,246.00851776711968,2,20,Credit Card,7,3,0,393.6136284273915,4,Tuesday,17
3096,2023-08-13,1548,63,Sports,14.155189222259553,1,5,Digital Wallet,10,4,0,13.447429761146575,8,Sunday,32
3097,2023-05-14,2365,58,Sports,196.1682656154395,1,10,Digital Wallet,11,5,0,176.55143905389556,5,Sunday,19
3098,2023-09-08,1838,47,Electronics,14.01998042400691,1,20,Debit Card,7,3,1,11.215984339205528,9,Friday,36
3099,2023-08-07,2430,24,Books,722.6400767369851,4,0,Debit Card,12,4,0,2890.5603069479403,8,Monday,32
3100,2023-04-01,2448,43,Home,431.2789547439876,4,0,Digital Wallet,8,5,1,1725.1158189759503,4,Saturday,13
3101,2023-12-20,2116,57,Books,319.4489798070797,3,15,Debit Card,12,1,0,814.5948985080532,12,Wednesday,51
3102,2023-02-15,1847,63,Sports,764.103682184236,3,10,Net Banking,1,3,0,2063.079941897437,2,Wednesday,7
3103,2023-02-07,1613,63,Fashion,834.1619068734486,3,15,Net Banking,2,5,0,2127.112862527294,2,Tuesday,6
3104,2023-05-22,1411,28,Fashion,975.5465432633812,4,5,Net Banking,2,3,0,3707.0768644008485,5,Monday,21
3105,2023-04-10,1431,31,Home,645.5934488284887,1,20,Digital Wallet,12,1,0,516.474759062791,4,Monday,15
3106,2023-11-24,1677,38,Books,466.9136689546512,3,10,Credit Card,3,3,0,1260.6669061775583,11,Friday,47
3107,2023-07-09,1158,25,Electronics,312.2116585913615,1,15,Credit Card,7,5,0,265.37990980265727,7,Sunday,27
3108,2023-02-04,1013,20,Books,230.09502712208402,1,15,Debit Card,7,5,0,195.58077305377142,2,Saturday,5
3109,2023-05-27,1372,45,Home,220.7966909777752,1,0,Credit Card,7,5,0,220.7966909777752,5,Saturday,21
3110,2023-01-30,1224,46,Home,415.0974809726008,3,5,Credit Card,1,3,0,1183.0278207719123,1,Monday,5
3111,2023-11-30,2096,40,Home,991.8684917350505,3,15,Digital Wallet,2,3,0,2529.2646539243788,11,Thursday,48
3112,2023-03-25,2272,35,Fashion,10.845160463029234,1,0,Debit Card,8,5,0,10.845160463029234,3,Saturday,12
3113,2023-10-08,1510,52,Books,205.23383825869078,3,10,Credit Card,9,5,0,554.1313632984652,10,Sunday,40
3114,2023-12-10,1602,30,Books,196.5090525795381,2,15,Net Banking,10,5,0,334.06538938521476,12,Sunday,49
3115,2023-09-27,1215,29,Electronics,719.9482906769693,3,0,Debit Card,13,5,1,2159.844872030908,9,Wednesday,39
3116,2023-06-03,1987,64,Home,358.9598803220812,1,5,Debit Card,7,5,0,341.0118863059771,6,Saturday,22
3117,2023-04-12,2243,67,Home,462.68819654590243,1,20,Debit Card,13,3,0,370.15055723672197,4,Wednesday,15
3118,2023-08-03,1839,22,Sports,157.13788916520593,4,10,Net Banking,1,3,0,565.6964009947413,8,Thursday,31
3119,2023-05-30,1726,56,Sports,410.9470684881782,4,15,Credit Card,12,5,0,1397.220032859806,5,Tuesday,22
3120,2023-03-24,2244,28,Fashion,112.16781378677769,1,0,Net Banking,4,4,0,112.16781378677769,3,Friday,12
3121,2023-04-20,2412,28,Books,537.7128550096973,2,15,Debit Card,10,4,0,914.1118535164853,4,Thursday,16
3122,2023-10-02,1553,64,Electronics,106.95898172902739,4,20,Debit Card,8,5,0,342.26874153288765,10,Monday,40
3123,2023-07-20,2065,59,Electronics,792.6032973614247,1,15,Digital Wallet,14,4,0,673.712802757211,7,Thursday,29
3124,2023-10-11,1675,64,Home,570.9357003650846,4,15,Digital Wallet,13,4,0,1941.1813812412875,10,Wednesday,41
3125,2023-06-22,1872,48,Electronics,726.7281950357817,4,0,Digital Wallet,5,5,0,2906.912780143127,6,Thursday,25
3126,2023-11-23,1282,48,Home,424.331222786157,1,20,Digital Wallet,1,3,0,339.46497822892564,11,Thursday,47
3127,2023-07-25,2081,30,Books,387.67638030980504,3,10,Debit Card,7,4,0,1046.7262268364736,7,Tuesday,30
3128,2023-03-04,1833,31,Electronics,107.22680015837497,2,0,Net Banking,6,1,0,214.45360031674994,3,Saturday,9
3129,2023-03-14,1536,66,Home,528.6170509723944,3,20,Digital Wallet,9,5,0,1268.6809223337468,3,Tuesday,11
3130,2023-09-08,2096,62,Books,519.357143208521,1,20,Net Banking,4,3,0,415.48571456681685,9,Friday,36
3131,2023-05-04,1922,59,Books,473.4210240051093,1,15,Digital Wallet,4,5,0,402.4078704043429,5,Thursday,18
3132,2023-05-01,2152,42,Home,743.1131810356247,2,5,Credit Card,8,3,0,1411.9150439676869,5,Monday,18
3133,2023-10-02,1841,50,Home,834.1793560320309,1,5,Digital Wallet,14,4,0,792.4703882304293,10,Monday,40
3134,2023-04-30,2449,50,Fashion,753.281778199023,4,10,Net Banking,14,5,0,2711.814401516483,4,Sunday,17
3135,2023-11-13,1947,32,Books,152.4270853787754,2,15,Digital Wallet,4,4,0,259.12604514391813,11,Monday,46
3136,2023-06-13,1664,33,Home,625.838914189287,3,5,Credit Card,3,4,0,1783.6409054394678,6,Tuesday,24
3137,2023-10-13,2148,61,Books,89.51987463263805,2,0,Net Banking,7,5,0,179.0397492652761,10,Friday,41
3138,2023-09-22,1066,55,Electronics,697.6760645660718,3,10,Net Banking,13,3,0,1883.725374328394,9,Friday,38
3139,2023-11-16,1005,23,Sports,388.02070559551544,1,15,Net Banking,5,5,0,329.8175997561881,11,Thursday,46
3140,2023-06-10,1636,61,Sports,141.17396670362373,3,0,Debit Card,9,3,0,423.52190011087123,6,Saturday,23
3141,2023-11-04,1313,42,Home,863.4303484063665,3,5,Net Banking,5,5,0,2460.7764929581444,11,Saturday,44
3142,2023-03-30,2349,32,Home,617.868255648548,3,5,Debit Card,9,5,0,1760.9245285983618,3,Thursday,13
3143,2023-05-22,1564,21,Books,361.1777182680522,2,5,Credit Card,6,4,0,686.2376647092992,5,Monday,21
3144,2023-07-22,1825,21,Home,40.419907853994545,4,5,Net Banking,6,3,0,153.59564984517925,7,Saturday,29
3145,2023-11-05,1505,47,Books,541.9371564135744,3,20,Net Banking,11,3,0,1300.6491753925784,11,Sunday,44
3146,2023-08-15,2105,51,Home,923.9936197013703,2,10,Net Banking,6,5,0,1663.1885154624667,8,Tuesday,33
3147,2023-11-30,2025,44,Books,600.4160343753421,2,10,Credit Card,7,5,0,1080.7488618756158,11,Thursday,48
3148,2023-08-10,1203,48,Home,971.9340985732982,4,5,Debit Card,12,4,0,3693.349574578533,8,Thursday,32
3149,2023-02-10,1661,49,Fashion,145.08660708775395,2,10,Digital Wallet,11,4,0,261.15589275795713,2,Friday,6
3150,2023-07-15,1804,61,Books,572.6220535488885,1,0,Credit Card,4,1,0,572.6220535488885,7,Saturday,28
3151,2023-03-09,1403,56,Fashion,800.1437975263652,1,0,Credit Card,4,5,0,800.1437975263652,3,Thursday,10
3152,2023-09-21,2126,69,Fashion,530.285323814459,1,10,Credit Card,9,5,0,477.2567914330132,9,Thursday,38
3153,2023-01-02,1535,26,Fashion,100.15569242759787,4,5,Debit Card,12,3,0,380.5916312248719,1,Monday,1
3154,2023-12-27,2391,58,Fashion,587.0571415317455,2,15,Debit Card,7,5,0,997.9971406039673,12,Wednesday,52
3155,2023-05-05,2235,25,Electronics,615.620526784047,1,5,Debit Card,11,3,0,584.8395004448446,5,Friday,18
3156,2023-04-20,1576,31,Sports,731.4221559905991,3,20,Debit Card,10,5,0,1755.4131743774378,4,Thursday,16
3157,2023-03-27,2232,50,Electronics,763.5994000138191,2,15,Debit Card,6,4,0,1298.1189800234924,3,Monday,13
3158,2023-04-30,1762,40,Home,773.0649613285011,1,20,Net Banking,1,5,0,618.4519690628009,4,Sunday,17
3159,2023-05-07,1116,38,Home,666.8099497025763,2,10,Digital Wallet,7,5,0,1200.2579094646374,5,Sunday,18
3160,2023-09-12,1627,29,Sports,223.65307455447157,1,20,Digital Wallet,6,5,1,178.92245964357727,9,Tuesday,37
3161,2023-07-02,1748,19,Sports,410.19339828108457,3,10,Debit Card,12,5,0,1107.5221753589283,7,Sunday,26
3162,2023-01-16,1104,30,Sports,778.3686728882547,2,20,Debit Card,4,4,0,1245.3898766212076,1,Monday,3
3163,2023-03-03,1494,21,Fashion,953.8927135668051,1,15,Net Banking,13,5,0,810.8088065317843,3,Friday,9
3164,2023-06-07,1045,37,Electronics,88.15749518825578,1,20,Debit Card,8,5,0,70.52599615060463,6,Wednesday,23
3165,2023-09-25,1822,67,Home,540.1813110192229,3,5,Net Banking,7,3,0,1539.5167364047852,9,Monday,39
3166,2023-02-04,2354,68,Electronics,319.3970486110634,3,10,Net Banking,8,4,0,862.3720312498712,2,Saturday,5
3167,2023-09-24,2239,65,Electronics,233.13995537366148,1,0,Credit Card,9,5,0,233.13995537366148,9,Sunday,38
3168,2023-03-05,1981,31,Electronics,510.75257668451786,1,20,Credit Card,1,2,0,408.6020613476143,3,Sunday,9
3169,2023-02-19,1959,47,Sports,610.0284471509714,4,10,Debit Card,3,4,0,2196.102409743497,2,Sunday,7
3170,2023-09-12,1844,46,Sports,19.674509105286436,4,0,Net Banking,2,5,0,78.69803642114574,9,Tuesday,37
3171,2023-05-29,1448,25,Home,782.4045064791791,2,10,Debit Card,3,1,0,1408.3281116625224,5,Monday,22
3172,2023-11-21,1535,29,Home,821.6833099468531,2,10,Credit Card,11,5,0,1479.0299579043356,11,Tuesday,47
3173,2023-10-31,1510,58,Home,965.8557163222537,4,0,Credit Card,11,4,0,3863.4228652890147,10,Tuesday,44
3174,2023-10-03,2481,55,Electronics,188.837295892448,1,0,Credit Card,2,4,0,188.837295892448,10,Tuesday,40
3175,2023-12-23,1539,43,Sports,598.6070367373385,3,15,Credit Card,11,5,0,1526.447943680213,12,Saturday,51
3176,2023-06-21,1015,67,Fashion,432.35911974163054,2,20,Credit Card,6,5,0,691.774591586609,6,Wednesday,25
3177,2023-07-20,1242,19,Electronics,341.4795730397972,1,20,Debit Card,9,5,0,273.1836584318377,7,Thursday,29
3178,2023-11-20,2230,57,Books,569.9771169231296,3,10,Debit Card,2,5,0,1538.93821569245,11,Monday,47
3179,2023-02-04,1911,31,Electronics,784.5592622913148,3,5,Credit Card,4,4,0,2235.993897530247,2,Saturday,5
3180,2023-08-04,2294,23,Sports,32.822255610758006,1,5,Debit Card,5,5,0,31.181142830220104,8,Friday,31
3181,2023-03-06,1760,59,Books,969.7061114405249,1,10,Credit Card,5,5,0,872.7355002964724,3,Monday,10
3182,2023-01-08,1704,57,Electronics,811.7827698486536,2,15,Credit Card,14,5,0,1380.030708742711,1,Sunday,1
3183,2023-10-28,1114,48,Sports,753.6421666091227,4,0,Credit Card,1,5,0,3014.5686664364907,10,Saturday,43
3184,2023-12-09,2322,34,Sports,762.7835083586984,1,10,Debit Card,13,5,0,686.5051575228287,12,Saturday,49
3185,2023-11-28,1396,42,Fashion,395.17010252246604,4,20,Debit Card,6,4,0,1264.5443280718914,11,Tuesday,48
3186,2023-03-17,1393,49,Electronics,754.1043453363656,2,5,Net Banking,14,5,0,1432.7982561390945,3,Friday,11
3187,2023-06-23,2098,29,Sports,392.90250651692804,4,5,Debit Card,5,5,0,1493.0295247643264,6,Friday,25
3188,2023-02-16,1977,66,Home,899.7197612790452,4,5,Debit Card,13,2,0,3418.9350928603717,2,Thursday,7
3189,2023-01-15,2126,30,Sports,185.45015947340497,3,15,Digital Wallet,6,5,1,472.89790665718266,1,Sunday,2
3190,2023-12-27,1296,36,Fashion,299.42394997299994,2,20,Credit Card,14,5,0,479.07831995679993,12,Wednesday,52
3191,2023-05-27,2001,61,Sports,555.8241672720853,1,15,Credit Card,4,3,0,472.4505421812725,5,Saturday,21
3192,2023-01-26,1177,65,Electronics,326.0189255283998,4,0,Debit Card,13,5,1,1304.0757021135992,1,Thursday,4
3193,2023-11-04,2238,42,Electronics,429.99487284232066,2,10,Debit Card,11,3,0,773.9907711161773,11,Saturday,44
3194,2023-04-03,1966,48,Books,497.4984625046087,3,10,Net Banking,6,5,1,1343.2458487624438,4,Monday,14
3195,2023-08-20,1314,54,Electronics,857.7898153253735,3,5,Digital Wallet,9,4,0,2444.7009736773143,8,Sunday,33
3196,2023-01-21,2062,42,Books,527.9603310726059,4,5,Credit Card,1,3,1,2006.2492580759022,1,Saturday,3
3197,2023-11-03,1258,33,Home,368.8352501284149,4,0,Credit Card,6,2,0,1475.3410005136595,11,Friday,44
3198,2023-02-07,1006,55,Fashion,255.25880239476461,1,15,Debit Card,1,4,0,216.96998203554992,2,Tuesday,6
3199,2023-10-03,1048,60,Home,414.5892190042752,2,20,Debit Card,12,3,0,663.3427504068404,10,Tuesday,40
3200,2023-06-06,1160,66,Books,520.5787433702262,1,0,Digital Wallet,7,5,1,520.5787433702262,6,Tuesday,23
3201,2023-06-28,1175,40,Sports,748.6537086312039,1,10,Credit Card,4,1,0,673.7883377680836,6,Wednesday,26
3202,2023-05-12,2025,31,Sports,129.8382884106153,3,10,Digital Wallet,6,5,0,350.5633787086613,5,Friday,19
3203,2023-11-07,2000,23,Home,229.39309635675937,2,15,Credit Card,7,5,0,389.96826380649094,11,Tuesday,45
3204,2023-12-14,1454,42,Sports,385.8574757099865,1,0,Debit Card,13,5,0,385.8574757099865,12,Thursday,50
3205,2023-01-28,1275,40,Books,366.7944210683195,3,20,Digital Wallet,11,4,0,880.3066105639668,1,Saturday,4
3206,2023-09-17,1497,60,Fashion,397.8306067291596,4,0,Net Banking,5,3,0,1591.3224269166385,9,Sunday,37
3207,2023-03-17,1675,29,Electronics,795.5860519939213,1,0,Debit Card,9,5,1,795.5860519939213,3,Friday,11
3208,2023-03-08,2051,30,Books,330.9128589325514,4,15,Net Banking,8,5,0,1125.1037203706746,3,Wednesday,10
3209,2023-12-08,2356,53,Books,506.879198598638,2,20,Net Banking,3,4,0,811.0067177578209,12,Friday,49
3210,2023-07-13,2024,56,Electronics,627.6679625293175,1,10,Net Banking,1,1,1,564.9011662763858,7,Thursday,28
3211,2023-06-11,2211,51,Electronics,239.85676468176905,4,5,Credit Card,11,4,0,911.4557057907224,6,Sunday,23
3212,2023-12-13,1055,23,Fashion,721.5084332760636,4,20,Net Banking,14,4,0,2308.8269864834033,12,Wednesday,50
3213,2023-12-27,1546,55,Fashion,551.6402065408981,2,10,Credit Card,10,4,0,992.9523717736166,12,Wednesday,52
3214,2023-09-14,2135,67,Fashion,452.31335140106427,3,15,Digital Wallet,8,5,0,1153.3990460727139,9,Thursday,37
3215,2023-03-13,2333,69,Sports,811.6861864709307,3,20,Debit Card,4,5,0,1948.0468475302337,3,Monday,11
3216,2023-03-28,1035,57,Books,251.06030659333018,1,20,Credit Card,7,5,0,200.84824527466415,3,Tuesday,13
3217,2023-09-19,1438,25,Electronics,884.34421090818,4,10,Credit Card,4,3,0,3183.639159269448,9,Tuesday,38
3218,2023-08-02,1594,25,Books,565.4382480130367,3,10,Digital Wallet,7,5,0,1526.6832696351994,8,Wednesday,31
3219,2023-06-02,2348,57,Books,613.0831305858616,1,0,Digital Wallet,14,4,0,613.0831305858616,6,Friday,22
3220,2023-07-29,1306,50,Fashion,876.3083745272534,4,0,Debit Card,1,4,1,3505.2334981090135,7,Saturday,30
3221,2023-03-02,1618,51,Fashion,819.4068609708426,1,20,Digital Wallet,1,5,0,655.5254887766741,3,Thursday,9
3222,2023-09-25,2132,61,Books,605.5464481336813,2,5,Credit Card,2,5,0,1150.5382514539945,9,Monday,39
3223,2023-09-19,2395,32,Fashion,755.6558268096924,1,15,Debit Card,5,5,0,642.3074527882385,9,Tuesday,38
3224,2023-08-06,1356,53,Sports,438.9862953305679,2,10,Debit Card,11,5,1,790.1753315950222,8,Sunday,31
3225,2023-10-10,1180,52,Electronics,551.9039759647488,4,0,Debit Card,14,3,0,2207.6159038589954,10,Tuesday,41
3226,2023-05-16,2379,63,Books,71.44943534142602,4,15,Net Banking,10,4,0,242.92808016084848,5,Tuesday,20
3227,2023-12-28,1067,39,Electronics,98.95933882004637,4,20,Net Banking,6,5,0,316.6698842241484,12,Thursday,52
3228,2023-04-03,1291,40,Sports,831.1311501444687,1,10,Credit Card,2,5,1,748.0180351300219,4,Monday,14
3229,2023-04-19,1691,57,Fashion,69.07493912567169,4,10,Net Banking,1,4,0,248.66978085241809,4,Wednesday,16
3230,2023-08-29,1180,62,Home,177.70513437628122,4,0,Digital Wallet,9,4,1,710.8205375051249,8,Tuesday,35
3231,2023-12-21,2489,68,Sports,797.8743323609372,2,5,Debit Card,13,5,0,1515.9612314857804,12,Thursday,51
3232,2023-05-22,1433,39,Home,11.134491121973724,4,10,Credit Card,7,5,0,40.08416803910541,5,Monday,21
3233,2023-10-18,2487,22,Electronics,289.58028555740566,4,5,Digital Wallet,8,4,1,1100.4050851181414,10,Wednesday,42
3234,2023-08-25,1913,48,Books,588.1982712483556,4,15,Debit Card,14,5,0,1999.874122244409,8,Friday,34
3235,2023-12-06,1065,30,Fashion,599.4954321546036,3,10,Digital Wallet,6,5,0,1618.6376668174296,12,Wednesday,49
3236,2023-11-08,2044,45,Sports,779.3813791471788,4,10,Net Banking,13,1,0,2805.7729649298435,11,Wednesday,45
3237,2023-06-26,1383,37,Fashion,510.8669919472487,1,5,Digital Wallet,9,3,0,485.32364234988626,6,Monday,26
3238,2023-05-21,1038,50,Home,514.3078508356607,2,0,Net Banking,8,5,0,1028.6157016713214,5,Sunday,20
3239,2023-07-08,2308,33,Home,728.0574697852934,4,20,Digital Wallet,4,4,0,2329.783903312939,7,Saturday,27
3240,2023-02-18,1821,46,Books,503.6382186336207,1,15,Credit Card,5,5,0,428.09248583857755,2,Saturday,7
3241,2023-10-29,1601,40,Home,612.4061756979806,2,10,Net Banking,2,5,0,1102.3311162563652,10,Sunday,43
3242,2023-07-09,1784,41,Books,898.7963275725006,2,0,Net Banking,1,4,0,1797.5926551450011,7,Sunday,27
3243,2023-05-16,2359,51,Sports,407.4364975362482,1,10,Debit Card,14,5,0,366.6928477826234,5,Tuesday,20
3244,2023-02-12,2211,24,Books,391.27382021003,1,15,Net Banking,6,5,1,332.5827471785255,2,Sunday,6
3245,2023-12-19,1670,55,Home,13.513501946123599,3,20,Debit Card,3,4,0,32.43240467069664,12,Tuesday,51
3246,2023-03-31,2266,54,Electronics,617.2919989060196,3,10,Net Banking,11,5,0,1666.6883970462527,3,Friday,13
3247,2023-10-22,2096,21,Books,39.47418833306066,4,5,Net Banking,4,5,0,150.0019156656305,10,Sunday,42
3248,2023-12-07,1478,51,Fashion,509.1070048310331,3,0,Net Banking,14,5,0,1527.3210144930995,12,Thursday,49
3249,2023-09-02,1560,59,Electronics,806.1914511419044,1,20,Net Banking,1,2,0,644.9531609135236,9,Saturday,35
3250,2023-07-11,1100,39,Books,554.4218598144664,3,10,Debit Card,6,5,0,1496.9390214990594,7,Tuesday,28
3251,2023-11-14,1513,22,Fashion,276.93980356450925,2,20,Credit Card,8,4,0,443.1036857032148,11,Tuesday,46
3252,2023-04-16,1175,67,Electronics,788.3067372348776,1,5,Digital Wallet,14,4,0,748.8914003731337,4,Sunday,15
3253,2023-12-29,1237,59,Books,277.01983404171347,4,10,Net Banking,10,4,0,997.2714025501685,12,Friday,52
3254,2023-11-06,1909,40,Sports,735.7014631364398,2,20,Net Banking,4,5,0,1177.1223410183036,11,Monday,45
3255,2023-08-21,2082,32,Fashion,614.1558706383289,2,10,Credit Card,10,3,0,1105.4805671489921,8,Monday,34
3256,2023-09-22,2122,48,Sports,178.2963337805212,2,10,Debit Card,8,3,0,320.9334008049382,9,Friday,38
3257,2023-12-10,1870,26,Home,906.0825360957439,1,20,Digital Wallet,11,3,1,724.8660288765951,12,Sunday,49
3258,2023-02-06,1494,60,Books,208.63724612762374,1,10,Credit Card,10,5,0,187.77352151486136,2,Monday,6
3259,2023-11-01,1946,42,Books,989.6912033992631,4,5,Credit Card,3,1,0,3760.8265729172,11,Wednesday,44
3260,2023-02-10,1754,42,Fashion,17.237383768391364,3,20,Credit Card,13,5,0,41.369721044139276,2,Friday,6
3261,2023-01-17,2320,66,Books,270.848543371474,3,20,Credit Card,11,2,0,650.0365040915376,1,Tuesday,3
3262,2023-12-10,1210,38,Home,207.86169430145685,3,5,Net Banking,14,5,0,592.405828759152,12,Sunday,49
3263,2023-10-04,2146,26,Books,23.853476068758003,3,5,Digital Wallet,7,5,0,67.9824067959603,10,Wednesday,40
3264,2023-11-03,2252,65,Electronics,735.0442211458424,2,5,Net Banking,3,4,0,1396.5840201771005,11,Friday,44
3265,2023-02-28,2411,55,Sports,696.4915440786003,1,10,Credit Card,6,3,0,626.8423896707403,2,Tuesday,9
3266,2023-07-02,1139,39,Home,794.4274547113812,3,10,Digital Wallet,4,4,0,2144.9541277207295,7,Sunday,26
3267,2023-02-10,1540,60,Home,264.1315609999196,2,15,Credit Card,6,5,0,449.0236536998633,2,Friday,6
3268,2023-02-08,2414,40,Sports,449.89181541214026,1,10,Debit Card,7,4,0,404.90263387092625,2,Wednesday,6
3269,2023-07-11,1269,66,Sports,662.522386405332,1,5,Credit Card,8,5,0,629.3962670850653,7,Tuesday,28
3270,2023-09-24,2035,21,Home,445.37081884926215,1,15,Credit Card,14,3,0,378.5651960218728,9,Sunday,38
3271,2023-05-27,2412,46,Sports,700.3525126147366,2,5,Debit Card,6,4,0,1330.6697739679994,5,Saturday,21
3272,2023-11-29,2360,32,Fashion,637.6336743560378,3,0,Net Banking,4,5,0,1912.9010230681133,11,Wednesday,48
3273,2023-05-07,1505,18,Sports,123.5013249919547,1,20,Digital Wallet,9,2,0,98.80105999356377,5,Sunday,18
3274,2023-02-15,2129,47,Electronics,783.2326898661984,2,0,Credit Card,7,5,0,1566.4653797323967,2,Wednesday,7
3275,2023-02-14,1031,46,Electronics,723.4695955015931,1,5,Credit Card,9,5,0,687.2961157265133,2,Tuesday,7
3276,2023-01-01,2097,37,Fashion,659.2760437412312,4,10,Debit Card,3,3,0,2373.3937574684323,1,Sunday,52
3277,2023-06-17,2194,50,Sports,163.5426702082923,4,20,Digital Wallet,5,5,1,523.3365446665354,6,Saturday,24
3278,2023-04-18,2092,58,Electronics,275.31648430741,2,10,Debit Card,1,4,0,495.569671753338,4,Tuesday,16
3279,2023-01-19,1812,61,Books,399.2452612717244,3,10,Credit Card,11,5,0,1077.962205433656,1,Thursday,3
3280,2023-11-28,1361,53,Sports,287.13032543987896,3,20,Net Banking,12,4,0,689.1127810557095,11,Tuesday,48
3281,2023-03-13,2456,39,Fashion,235.53218776937015,1,20,Net Banking,8,5,0,188.42575021549612,3,Monday,11
3282,2023-04-19,1928,30,Sports,807.304093460158,3,0,Digital Wallet,1,4,0,2421.912280380474,4,Wednesday,16
3283,2023-09-25,1099,24,Home,641.8499238966003,3,5,Credit Card,1,5,0,1829.2722831053109,9,Monday,39
3284,2023-08-28,1008,25,Home,569.8174102347479,4,10,Debit Card,14,5,0,2051.3426768450922,8,Monday,35
3285,2023-10-28,1696,45,Electronics,233.69318374472132,2,5,Credit Card,7,3,0,444.0170491149705,10,Saturday,43
3286,2023-03-31,2052,62,Home,918.8957966459549,4,5,Debit Card,14,3,0,3491.804027254628,3,Friday,13
3287,2023-04-13,2137,60,Fashion,199.2712087063431,2,15,Debit Card,11,5,0,338.76105480078326,4,Thursday,15
3288,2023-09-07,1461,26,Electronics,797.0014234964303,1,0,Digital Wallet,14,4,0,797.0014234964303,9,Thursday,36
3289,2023-01-08,1920,42,Fashion,967.0059400382402,4,10,Debit Card,8,5,0,3481.2213841376647,1,Sunday,1
3290,2023-06-02,2166,33,Fashion,729.8218019319937,2,20,Digital Wallet,3,5,1,1167.71488309119,6,Friday,22
3291,2023-12-13,1389,27,Home,992.9301874327834,3,20,Net Banking,2,5,0,2383.0324498386803,12,Wednesday,50
3292,2023-06-23,1631,28,Home,654.5406058081672,2,5,Digital Wallet,7,5,0,1243.6271510355177,6,Friday,25
3293,2023-12-09,1681,48,Fashion,225.28574016785603,3,0,Digital Wallet,10,3,0,675.8572205035681,12,Saturday,49
3294,2023-06-07,1156,29,Home,211.7812987793462,1,0,Digital Wallet,5,5,0,211.7812987793462,6,Wednesday,23
3295,2023-08-03,1334,48,Home,331.3186414129216,3,10,Net Banking,1,2,0,894.5603318148883,8,Thursday,31
3296,2023-06-26,1259,31,Home,17.058720018796002,2,10,Digital Wallet,2,4,0,30.705696033832805,6,Monday,26
3297,2023-06-24,1081,68,Sports,684.8814853820062,4,5,Debit Card,3,4,0,2602.5496444516234,6,Saturday,25
3298,2023-12-06,1753,61,Fashion,275.98110678154933,2,5,Debit Card,6,5,0,524.3641028849437,12,Wednesday,49
3299,2023-12-04,2464,49,Books,817.0313999698253,4,5,Digital Wallet,14,3,0,3104.719319885336,12,Monday,49
3300,2023-05-26,2195,67,Fashion,365.58092405370724,2,15,Debit Card,1,5,0,621.4875708913023,5,Friday,21
3301,2023-11-20,2254,34,Electronics,485.1569285286796,2,0,Digital Wallet,8,4,0,970.3138570573592,11,Monday,47
3302,2023-06-10,1719,52,Home,966.0320273947656,1,5,Net Banking,2,1,1,917.7304260250272,6,Saturday,23
3303,2023-05-07,1074,18,Home,249.75040181680433,3,0,Debit Card,5,5,0,749.251205450413,5,Sunday,18
3304,2023-03-23,2293,46,Books,724.0415564554422,2,20,Digital Wallet,8,3,1,1158.4664903287076,3,Thursday,12
3305,2023-05-27,1625,68,Electronics,757.566611412363,4,20,Credit Card,13,4,1,2424.213156519562,5,Saturday,21
3306,2023-08-27,1061,21,Sports,228.78817594839882,3,0,Net Banking,5,5,0,686.3645278451964,8,Sunday,34
3307,2023-03-25,1873,40,Fashion,505.9868682460737,1,20,Credit Card,13,3,0,404.78949459685896,3,Saturday,12
3308,2023-04-23,1319,45,Sports,356.69990605983867,3,20,Digital Wallet,14,4,0,856.0797745436129,4,Sunday,16
3309,2023-08-13,1101,33,Electronics,774.1871809660882,2,20,Debit Card,8,4,0,1238.6994895457412,8,Sunday,32
3310,2023-11-28,2452,29,Books,626.258485838747,4,10,Digital Wallet,14,5,0,2254.530549019489,11,Tuesday,48
3311,2023-08-31,1873,38,Electronics,481.2232243119416,4,10,Debit Card,6,5,0,1732.4036075229897,8,Thursday,35
3312,2023-05-23,1953,62,Books,781.5696323972411,3,0,Digital Wallet,7,4,0,2344.7088971917233,5,Tuesday,21
3313,2023-02-10,1254,34,Sports,242.80401430833285,4,0,Digital Wallet,8,4,0,971.2160572333314,2,Friday,6
3314,2023-09-15,1569,57,Sports,756.0856617785155,2,15,Debit Card,3,4,1,1285.3456250234763,9,Friday,37
3315,2023-10-12,1111,30,Electronics,866.7205689718961,4,10,Debit Card,13,4,0,3120.194048298826,10,Thursday,41
3316,2023-04-15,1984,69,Electronics,879.8353808394967,4,0,Digital Wallet,12,5,0,3519.3415233579867,4,Saturday,15
3317,2023-07-21,2336,49,Home,785.8368570894078,4,10,Credit Card,14,1,1,2829.012685521868,7,Friday,29
3318,2023-11-03,1997,54,Books,413.93402532828605,2,15,Net Banking,5,5,0,703.6878430580863,11,Friday,44
3319,2023-11-27,1460,67,Home,981.9899424906487,1,0,Credit Card,10,5,0,981.9899424906487,11,Monday,48
3320,2023-09-23,1707,32,Fashion,385.79770738421547,4,0,Credit Card,7,5,0,1543.1908295368619,9,Saturday,38
3321,2023-07-29,1886,29,Fashion,642.2391451114014,1,0,Credit Card,9,1,0,642.2391451114014,7,Saturday,30
3322,2023-02-20,2485,66,Electronics,169.46343628877398,3,0,Credit Card,14,5,0,508.3903088663219,2,Monday,8
3323,2023-04-28,2115,32,Sports,980.6444096500288,3,5,Debit Card,6,5,0,2794.8365675025816,4,Friday,17
3324,2023-07-20,2075,51,Fashion,706.9460626460166,2,10,Credit Card,10,4,0,1272.50291276283,7,Thursday,29
3325,2023-02-08,1519,23,Fashion,755.8437697939047,2,10,Net Banking,1,5,0,1360.5187856290286,2,Wednesday,6
3326,2023-01-28,1811,34,Home,75.11893637703317,2,10,Debit Card,11,5,0,135.2140854786597,1,Saturday,4
3327,2023-09-16,2121,65,Home,765.7836360784651,2,15,Credit Card,8,3,0,1301.8321813333905,9,Saturday,37
3328,2023-03-25,1235,66,Fashion,776.9761949283953,1,5,Debit Card,6,4,0,738.1273851819756,3,Saturday,12
3329,2023-06-04,2397,37,Electronics,675.0549990986076,2,10,Credit Card,1,1,1,1215.0989983774937,6,Sunday,22
3330,2023-04-27,1926,26,Home,298.9905176524402,1,10,Credit Card,4,4,0,269.0914658871962,4,Thursday,17
3331,2023-01-02,1556,22,Fashion,494.7931417392727,4,0,Net Banking,6,5,0,1979.1725669570908,1,Monday,1
3332,2023-04-03,1648,40,Sports,119.3300275956293,4,0,Debit Card,13,5,0,477.3201103825172,4,Monday,14
3333,2023-06-15,1233,50,Home,476.87119579456106,3,0,Debit Card,10,5,0,1430.6135873836831,6,Thursday,24
3334,2023-12-16,2055,55,Fashion,251.3856140744008,3,10,Digital Wallet,1,1,0,678.7411580008821,12,Saturday,50
3335,2023-10-23,2312,31,Books,355.6060166291412,1,0,Credit Card,10,5,0,355.6060166291412,10,Monday,43
3336,2023-09-15,1578,34,Home,170.97440431966163,2,10,Credit Card,5,5,0,307.75392777539093,9,Friday,37
3337,2023-03-22,1541,36,Books,237.75382406942805,3,15,Net Banking,3,5,1,606.2722513770416,3,Wednesday,12
3338,2023-09-25,1113,50,Home,85.80295540191509,1,15,Net Banking,7,5,1,72.93251209162781,9,Monday,39
3339,2023-08-23,1203,18,Home,920.7023527725521,3,20,Debit Card,13,4,0,2209.685646654125,8,Wednesday,34
3340,2023-11-17,2052,30,Books,535.1065810956493,2,5,Net Banking,8,4,0,1016.7025040817337,11,Friday,46
3341,2023-11-07,1642,63,Electronics,402.7745515501123,1,0,Debit Card,3,1,1,402.7745515501123,11,Tuesday,45
3342,2023-10-28,1473,44,Fashion,539.678920641096,3,0,Credit Card,10,1,0,1619.0367619232882,10,Saturday,43
3343,2023-12-23,1696,23,Electronics,632.0102961967372,2,5,Credit Card,3,5,0,1200.8195627738005,12,Saturday,51
3344,2023-08-01,1252,23,Electronics,922.6600054356555,1,5,Debit Card,14,4,0,876.5270051638727,8,Tuesday,31
3345,2023-03-03,1904,50,Fashion,186.90602276345018,1,20,Net Banking,11,4,0,149.52481821076015,3,Friday,9
3346,2023-02-18,1385,47,Sports,302.5969736488654,1,5,Net Banking,3,3,0,287.4671249664221,2,Saturday,7
3347,2023-05-07,1061,63,Electronics,976.0314429806735,4,10,Debit Card,14,5,1,3513.7131947304247,5,Sunday,18
3348,2023-08-11,1514,52,Electronics,377.48105678203916,1,0,Credit Card,11,3,0,377.48105678203916,8,Friday,32
3349,2023-10-06,1429,40,Electronics,32.336034249754356,3,5,Debit Card,6,4,0,92.1576976117999,10,Friday,40
3350,2023-10-21,1579,27,Sports,156.16705771078722,1,10,Net Banking,6,4,0,140.5503519397085,10,Saturday,42
3351,2023-10-11,2164,68,Home,36.0753147310665,1,5,Debit Card,3,1,0,34.271548994513175,10,Wednesday,41
3352,2023-10-04,1742,36,Books,990.0239109965212,1,10,Credit Card,6,5,0,891.0215198968691,10,Wednesday,40
3353,2023-04-17,2323,68,Books,286.08214050131085,1,15,Digital Wallet,9,5,0,243.1698194261142,4,Monday,16
3354,2023-05-26,1674,45,Sports,924.3073293668638,1,10,Debit Card,11,4,0,831.8765964301774,5,Friday,21
3355,2023-04-09,1310,40,Electronics,995.9274130021187,4,20,Digital Wallet,8,5,0,3186.96772160678,4,Sunday,14
3356,2023-03-14,1470,21,Books,603.8428089316831,2,10,Debit Card,11,4,0,1086.9170560770297,3,Tuesday,11
3357,2023-05-02,2416,37,Sports,42.86435191490614,4,5,Net Banking,13,5,0,162.88453727664333,5,Tuesday,18
3358,2023-01-30,2468,36,Fashion,90.7757140830577,3,15,Net Banking,13,5,0,231.47807091179715,1,Monday,5
3359,2023-07-07,1808,59,Books,486.773164556799,2,15,Digital Wallet,7,5,0,827.5143797465582,7,Friday,27
3360,2023-12-30,1171,44,Fashion,412.1102927823711,3,10,Debit Card,7,4,0,1112.6977905124022,12,Saturday,52
3361,2023-12-20,1575,51,Electronics,610.11553272395,1,5,Net Banking,8,3,0,579.6097560877524,12,Wednesday,51
3362,2023-10-15,1030,21,Books,444.4593316142503,3,15,Digital Wallet,7,4,0,1133.3712956163383,10,Sunday,41
3363,2023-07-14,1046,55,Sports,934.7360807787695,4,10,Digital Wallet,13,4,0,3365.04989080357,7,Friday,28
3364,2023-06-05,1129,24,Home,539.392318259376,4,10,Debit Card,3,2,1,1941.8123457337535,6,Monday,23
3365,2023-06-21,1351,65,Books,696.7888008478178,1,10,Net Banking,8,4,0,627.109920763036,6,Wednesday,25
3366,2023-12-01,1977,24,Books,897.5204199160715,1,15,Digital Wallet,8,4,0,762.8923569286608,12,Friday,48
3367,2023-02-10,1057,67,Books,155.4031570748753,2,0,Credit Card,13,3,0,310.8063141497506,2,Friday,6
3368,2023-03-04,2129,69,Books,237.43730757734326,4,5,Credit Card,1,5,0,902.2617687939044,3,Saturday,9
3369,2023-01-23,1811,43,Sports,116.2454738692749,4,20,Net Banking,10,5,0,371.9855163816797,1,Monday,4
3370,2023-12-26,2353,43,Sports,148.24201523761315,2,20,Net Banking,5,3,0,237.18722438018105,12,Tuesday,52
3371,2023-03-16,1767,36,Home,517.4581272648909,4,5,Credit Card,14,5,0,1966.3408836065853,3,Thursday,11
3372,2023-02-17,1682,26,Sports,327.9674663777894,2,0,Digital Wallet,5,5,0,655.9349327555788,2,Friday,7
3373,2023-06-09,2406,37,Sports,428.94111113148733,4,5,Debit Card,1,4,0,1629.9762222996517,6,Friday,23
3374,2023-11-09,2185,59,Electronics,982.6649334761212,3,10,Digital Wallet,6,3,0,2653.195320385527,11,Thursday,45
3375,2023-04-28,1996,62,Electronics,165.13730431798862,3,5,Net Banking,14,4,0,470.6413173062675,4,Friday,17
3376,2023-04-10,1285,67,Fashion,545.4039500900948,2,5,Net Banking,6,5,0,1036.2675051711801,4,Monday,15
3377,2023-06-16,2094,33,Home,107.88244350311444,2,15,Debit Card,14,3,0,183.40015395529454,6,Friday,24
3378,2023-10-17,2477,34,Electronics,325.3113501312398,1,20,Digital Wallet,12,5,0,260.24908010499183,10,Tuesday,42
3379,2023-06-05,1885,39,Home,532.2506644378526,4,20,Debit Card,4,5,0,1703.2021262011285,6,Monday,23
3380,2023-01-07,1396,30,Home,947.1654285056843,3,10,Digital Wallet,6,5,0,2557.346656965348,1,Saturday,1
3381,2023-07-15,1025,29,Books,397.3159390706482,1,10,Digital Wallet,14,4,0,357.5843451635834,7,Saturday,28
3382,2023-02-25,1312,27,Home,74.25762925252313,4,15,Credit Card,6,4,0,252.47593945857864,2,Saturday,8
3383,2023-11-17,1125,18,Books,394.27983348071376,3,10,Digital Wallet,1,2,0,1064.5555503979272,11,Friday,46
3384,2023-07-12,2431,49,Fashion,154.28376411523794,4,0,Net Banking,5,4,0,617.1350564609518,7,Wednesday,28
3385,2023-02-16,2221,47,Fashion,237.68971715853084,2,15,Net Banking,2,5,0,404.0725191695024,2,Thursday,7
3386,2023-05-28,1810,25,Fashion,621.9097169333405,3,15,Net Banking,14,5,0,1585.8697781800183,5,Sunday,21
3387,2023-10-02,1187,38,Books,76.74962754164487,3,5,Credit Card,7,5,0,218.73643849368784,10,Monday,40
3388,2023-06-06,1697,39,Books,470.076518687537,1,5,Debit Card,13,1,0,446.5726927531601,6,Tuesday,23
3389,2023-07-21,1809,35,Fashion,613.3669701506567,4,0,Net Banking,9,3,1,2453.467880602627,7,Friday,29
3390,2023-05-06,1715,19,Books,427.63980844382195,2,15,Net Banking,9,5,0,726.9876743544972,5,Saturday,18
3391,2023-11-01,1449,65,Sports,28.935087117493055,2,15,Debit Card,14,5,0,49.18964809973819,11,Wednesday,44
3392,2023-10-21,1522,61,Sports,985.6641633338368,4,5,Credit Card,11,2,0,3745.5238206685794,10,Saturday,42
3393,2023-03-05,2377,26,Books,373.44460966712995,4,20,Digital Wallet,9,5,0,1195.0227509348158,3,Sunday,9
3394,2023-11-21,1985,20,Books,780.7914150639343,2,20,Debit Card,11,4,0,1249.266264102295,11,Tuesday,47
3395,2023-06-25,1657,43,Electronics,332.3900272655787,4,5,Digital Wallet,7,4,0,1263.0821036091988,6,Sunday,25
3396,2023-04-26,1596,38,Electronics,480.2665894234846,1,10,Digital Wallet,7,5,0,432.2399304811362,4,Wednesday,17
3397,2023-07-23,1099,47,Home,394.57900618488657,4,15,Digital Wallet,1,5,0,1341.5686210286142,7,Sunday,29
3398,2023-11-17,1615,45,Home,349.1138372145116,1,0,Debit Card,11,4,0,349.1138372145116,11,Friday,46
3399,2023-01-31,1947,53,Home,31.632863435700955,1,20,Debit Card,11,5,0,25.306290748560766,1,Tuesday,5
3400,2023-04-23,1555,43,Fashion,366.42072847595847,4,10,Digital Wallet,6,5,0,1319.1146225134505,4,Sunday,16
3401,2023-12-31,1277,51,Sports,890.5950904955347,3,15,Credit Card,14,5,0,2271.017480763613,12,Sunday,52
3402,2023-11-21,1490,25,Fashion,693.4894052077468,3,10,Credit Card,5,5,0,1872.4213940609163,11,Tuesday,47
3403,2023-12-10,1254,27,Books,153.96863050448545,1,15,Credit Card,8,1,0,130.87333592881262,12,Sunday,49
3404,2023-03-08,1380,65,Electronics,595.2434545765118,4,15,Net Banking,8,1,1,2023.82774556014,3,Wednesday,10
3405,2023-03-16,1891,60,Books,893.3085513493828,1,5,Digital Wallet,11,5,0,848.6431237819137,3,Thursday,11
3406,2023-02-14,1541,67,Books,703.0337005552069,4,5,Net Banking,4,5,0,2671.5280621097863,2,Tuesday,7
3407,2023-09-17,2287,31,Electronics,157.19754843312975,4,0,Credit Card,1,2,0,628.790193732519,9,Sunday,37
3408,2023-06-03,1824,57,Books,869.1541717671518,2,0,Debit Card,6,4,0,1738.3083435343035,6,Saturday,22
3409,2023-06-04,1878,32,Home,308.52857315597674,3,10,Credit Card,10,5,0,833.0271475211372,6,Sunday,22
3410,2023-12-29,2352,34,Electronics,459.5353828692184,3,5,Net Banking,1,5,0,1309.6758411772723,12,Friday,52
3411,2023-08-22,2138,35,Books,530.8813320922549,2,15,Net Banking,5,5,0,902.4982645568332,8,Tuesday,34
3412,2023-02-20,2299,49,Home,852.0015383344133,2,5,Credit Card,5,5,0,1618.8029228353853,2,Monday,8
3413,2023-11-02,1280,55,Home,932.2914201961845,2,15,Digital Wallet,3,3,0,1584.8954143335136,11,Thursday,44
3414,2023-09-19,2298,40,Sports,930.3563490126505,1,5,Debit Card,5,4,0,883.8385315620179,9,Tuesday,38
3415,2023-11-11,1772,63,Home,17.874639465755234,1,15,Debit Card,6,3,0,15.193443545891949,11,Saturday,45
3416,2023-05-05,1842,40,Fashion,922.6696007296026,1,10,Credit Card,5,5,0,830.4026406566423,5,Friday,18
3417,2023-09-02,1718,52,Electronics,63.84309634155661,1,5,Digital Wallet,1,5,0,60.650941524478775,9,Saturday,35
3418,2023-01-30,1327,56,Electronics,273.115920249261,1,20,Digital Wallet,12,3,0,218.49273619940882,1,Monday,5
3419,2023-05-02,1210,32,Electronics,519.8379761805546,3,20,Credit Card,12,2,1,1247.6111428333313,5,Tuesday,18
3420,2023-05-05,1726,41,Books,485.1264321143501,3,15,Debit Card,7,3,0,1237.0724018915928,5,Friday,18
3421,2023-02-06,1922,45,Books,608.662695948518,4,10,Debit Card,3,5,0,2191.185705414665,2,Monday,6
3422,2023-06-19,1551,33,Fashion,484.6517664496358,3,15,Debit Card,7,3,0,1235.8620044465713,6,Monday,25
3423,2023-05-04,1025,33,Home,935.0319228440165,2,10,Digital Wallet,5,4,0,1683.0574611192299,5,Thursday,18
3424,2023-12-23,1026,57,Books,248.14335973244113,3,0,Credit Card,13,5,1,744.4300791973234,12,Saturday,51
3425,2023-02-04,1701,56,Home,281.284447098101,2,5,Digital Wallet,12,4,0,534.4404494863919,2,Saturday,5
3426,2023-03-28,2106,23,Home,921.5305563361256,3,10,Debit Card,3,4,0,2488.132502107539,3,Tuesday,13
3427,2023-05-14,1681,19,Books,85.97211860780367,1,15,Digital Wallet,13,5,0,73.07630081663311,5,Sunday,19
3428,2023-07-15,1412,30,Books,613.4652136857618,3,0,Debit Card,11,5,0,1840.3956410572855,7,Saturday,28
3429,2023-10-01,1166,61,Fashion,684.9185925449547,4,15,Credit Card,6,4,0,2328.723214652846,10,Sunday,39
3430,2023-07-20,1168,64,Sports,510.48630619544207,1,20,Debit Card,1,5,0,408.3890449563537,7,Thursday,29
3431,2023-10-12,1228,26,Electronics,697.2895600349058,1,20,Net Banking,6,5,0,557.8316480279246,10,Thursday,41
3432,2023-03-18,1366,51,Books,181.02709955184733,4,5,Net Banking,13,5,0,687.9029782970198,3,Saturday,11
3433,2023-02-28,1527,34,Books,854.1059104438244,3,5,Credit Card,13,5,0,2434.2018447648993,2,Tuesday,9
3434,2023-05-06,1790,44,Home,148.62543257518672,3,0,Digital Wallet,13,5,0,445.87629772556016,5,Saturday,18
3435,2023-04-19,1523,46,Sports,406.8043198725922,4,20,Digital Wallet,4,5,0,1301.7738235922952,4,Wednesday,16
3436,2023-08-12,2095,54,Books,84.50502529512374,1,10,Digital Wallet,4,2,0,76.05452276561137,8,Saturday,32
3437,2023-10-05,1105,60,Sports,549.7589680292261,4,20,Debit Card,5,5,0,1759.2286976935238,10,Thursday,40
3438,2023-03-09,1731,39,Electronics,673.0483493513827,2,5,Net Banking,13,4,0,1278.791863767627,3,Thursday,10
3439,2023-03-10,1964,68,Home,941.8094187443377,2,15,Credit Card,9,5,1,1601.076011865374,3,Friday,10
3440,2023-06-14,2305,41,Fashion,741.9428339370409,3,0,Digital Wallet,1,5,0,2225.828501811123,6,Wednesday,24
3441,2023-11-01,1132,24,Electronics,545.6918872896096,1,20,Digital Wallet,3,3,0,436.5535098316877,11,Wednesday,44
3442,2023-06-11,1533,51,Sports,933.2908469986304,2,10,Credit Card,11,4,0,1679.9235245975347,6,Sunday,23
3443,2023-12-31,1974,65,Sports,483.6524696604678,4,10,Debit Card,4,4,0,1741.148890777684,12,Sunday,52
3444,2023-12-08,1268,29,Electronics,565.5935965678807,3,10,Digital Wallet,2,3,1,1527.102710733278,12,Friday,49
3445,2023-11-05,2435,40,Sports,600.1375423933948,3,0,Debit Card,9,4,0,1800.4126271801845,11,Sunday,44
3446,2023-12-09,1672,32,Fashion,415.8799286277012,1,10,Debit Card,11,5,1,374.29193576493105,12,Saturday,49
3447,2023-02-11,1790,50,Fashion,840.0978636601659,2,10,Debit Card,7,5,1,1512.1761545882987,2,Saturday,6
3448,2023-12-20,1017,30,Sports,193.32417945660853,3,20,Digital Wallet,1,5,0,463.97803069586047,12,Wednesday,51
3449,2023-04-19,1116,40,Sports,559.2937684678919,4,0,Digital Wallet,9,2,1,2237.1750738715677,4,Wednesday,16
3450,2023-02-20,1797,55,Fashion,725.0109236253221,2,15,Credit Card,6,5,0,1232.5185701630476,2,Monday,8
3451,2023-09-07,2167,49,Sports,904.9364101578115,3,15,Credit Card,2,5,0,2307.5878459024193,9,Thursday,36
3452,2023-12-07,1550,62,Books,885.0792124699356,3,10,Debit Card,1,4,0,2389.713873668826,12,Thursday,49
3453,2023-01-21,1928,67,Home,513.6528865358405,2,5,Digital Wallet,6,3,0,975.9404844180968,1,Saturday,3
3454,2023-10-27,1752,52,Books,646.7298366517083,2,0,Debit Card,7,2,0,1293.4596733034166,10,Friday,43
3455,2023-05-19,1421,18,Sports,400.295358768008,1,5,Credit Card,10,4,0,380.28059082960755,5,Friday,20
3456,2023-12-25,2392,64,Sports,473.4959852513983,4,0,Debit Card,6,5,0,1893.9839410055931,12,Monday,52
3457,2023-11-20,1645,62,Home,907.203134647319,1,0,Net Banking,7,4,0,907.203134647319,11,Monday,47
3458,2023-04-02,1557,22,Sports,931.3969532605493,1,20,Debit Card,6,5,0,745.1175626084395,4,Sunday,13
3459,2023-10-07,1049,30,Home,896.4599174863495,4,10,Digital Wallet,8,5,0,3227.255702950858,10,Saturday,40
3460,2023-05-05,1677,22,Fashion,146.98715319550183,4,20,Debit Card,2,4,0,470.3588902256059,5,Friday,18
3461,2023-04-21,1105,49,Home,851.5831811173299,1,5,Debit Card,9,4,0,809.0040220614634,4,Friday,16
3462,2023-12-20,2239,68,Home,948.8800937112655,2,5,Digital Wallet,9,5,1,1802.8721780514045,12,Wednesday,51
3463,2023-05-19,1657,38,Books,367.6371976278686,4,15,Net Banking,11,5,0,1249.9664719347531,5,Friday,20
3464,2023-09-30,2448,41,Sports,523.4598265274525,1,20,Digital Wallet,9,2,0,418.767861221962,9,Saturday,39
3465,2023-04-09,2095,35,Fashion,781.3043032548659,2,20,Credit Card,7,5,0,1250.0868852077856,4,Sunday,14
3466,2023-09-09,1987,38,Electronics,566.4573561899922,3,20,Net Banking,9,5,0,1359.4976548559814,9,Saturday,36
3467,2023-12-04,1841,27,Home,993.5486864891869,2,15,Net Banking,1,4,0,1689.0327670316178,12,Monday,49
3468,2023-04-14,1445,41,Electronics,461.1562315052601,1,20,Digital Wallet,3,5,0,368.9249852042081,4,Friday,15
3469,2023-08-02,2209,57,Sports,716.8032840953039,4,20,Debit Card,2,4,0,2293.7705091049725,8,Wednesday,31
3470,2023-09-06,1069,64,Home,794.6652287945788,2,20,Credit Card,11,4,0,1271.4643660713261,9,Wednesday,36
3471,2023-06-01,1149,38,Electronics,499.15941160085504,2,20,Credit Card,1,5,0,798.6550585613682,6,Thursday,22
3472,2023-09-07,2269,42,Books,858.413967654262,2,5,Net Banking,5,2,1,1630.9865385430978,9,Thursday,36
3473,2023-10-02,1773,69,Electronics,550.6930452951245,4,10,Credit Card,1,3,0,1982.4949630624483,10,Monday,40
3474,2023-06-14,2122,40,Books,417.5342888336151,4,5,Net Banking,3,4,0,1586.6302975677374,6,Wednesday,24
3475,2023-12-07,2301,39,Fashion,116.74543711342756,2,20,Net Banking,6,4,0,186.7926993814841,12,Thursday,49
3476,2023-01-08,1943,21,Sports,399.4794405869199,2,0,Credit Card,6,4,0,798.9588811738398,1,Sunday,1
3477,2023-10-11,1454,51,Electronics,736.5970901859513,1,0,Net Banking,3,5,0,736.5970901859513,10,Wednesday,41
3478,2023-01-05,2127,23,Home,922.0735475633062,4,15,Debit Card,4,4,0,3135.050061715241,1,Thursday,1
3479,2023-05-25,1945,45,Sports,259.1626098217072,2,5,Net Banking,7,2,0,492.4089586612436,5,Thursday,21
3480,2023-04-11,1600,48,Electronics,361.6831621571976,4,15,Debit Card,6,2,0,1229.722751334472,4,Tuesday,15
3481,2023-06-13,1652,52,Home,162.42138416338196,4,15,Debit Card,13,1,0,552.2327061554986,6,Tuesday,24
3482,2023-05-27,1724,56,Home,693.8156652866792,4,0,Debit Card,11,1,0,2775.2626611467167,5,Saturday,21
3483,2023-03-05,1232,59,Home,960.586545709826,1,5,Credit Card,14,5,1,912.5572184243347,3,Sunday,9
3484,2023-04-01,2417,40,Home,644.5426976496938,3,10,Debit Card,14,5,0,1740.2652836541731,4,Saturday,13
3485,2023-04-27,1250,23,Electronics,620.9057647061641,4,5,Credit Card,2,5,0,2359.4419058834233,4,Thursday,17
3486,2023-12-20,1078,33,Fashion,557.9550311954296,4,15,Digital Wallet,9,1,0,1897.0471060644604,12,Wednesday,51
3487,2023-09-24,2075,19,Books,97.57118327868116,2,20,Debit Card,14,5,0,156.11389324588987,9,Sunday,38
3488,2023-11-06,1897,41,Books,732.2087881650898,4,15,Net Banking,6,5,0,2489.5098797613055,11,Monday,45
3489,2023-06-22,1920,34,Books,606.0290481138572,3,5,Digital Wallet,2,5,0,1727.182787124493,6,Thursday,25
3490,2023-02-16,1780,62,Fashion,664.8620011677242,4,0,Digital Wallet,7,4,0,2659.448004670897,2,Thursday,7
3491,2023-05-20,1225,18,Home,899.8229820971474,1,5,Debit Card,11,4,0,854.83183299229,5,Saturday,20
3492,2023-09-03,2074,23,Home,786.1211791904077,2,10,Credit Card,11,5,0,1415.0181225427339,9,Sunday,35
3493,2023-05-29,2209,22,Sports,783.1060996329808,3,20,Digital Wallet,10,5,1,1879.454639119154,5,Monday,22
3494,2023-09-03,2057,62,Books,927.9119311905541,1,20,Debit Card,10,5,0,742.3295449524434,9,Sunday,35
3495,2023-01-05,1802,67,Books,990.0356019483696,3,15,Digital Wallet,4,1,0,2524.590784968342,1,Thursday,1
3496,2023-07-03,1741,46,Home,585.469904641449,2,5,Digital Wallet,1,3,1,1112.392818818753,7,Monday,27
3497,2023-01-20,1130,29,Books,117.7927998708541,4,0,Debit Card,10,5,0,471.1711994834164,1,Friday,3
3498,2023-02-15,2022,56,Home,464.53860869768204,2,10,Net Banking,9,4,0,836.1694956558276,2,Wednesday,7
3499,2023-01-12,1631,64,Home,789.7251349970279,2,15,Net Banking,14,5,0,1342.5327294949475,1,Thursday,2
3500,2023-03-11,2466,20,Home,37.4480715142307,4,5,Net Banking,13,4,1,142.30267175407664,3,Saturday,10
3501,2023-01-17,1837,65,Electronics,66.31856397258758,1,0,Digital Wallet,11,5,0,66.31856397258758,1,Tuesday,3
3502,2023-05-27,1758,18,Electronics,76.48620455899312,3,5,Credit Card,10,3,0,217.9856829931304,5,Saturday,21
3503,2023-06-03,2455,44,Electronics,733.7254007450277,1,0,Credit Card,8,1,0,733.7254007450277,6,Saturday,22
3504,2023-10-31,1703,65,Electronics,506.15496227754033,4,5,Digital Wallet,5,4,0,1923.3888566546532,10,Tuesday,44
3505,2023-04-18,1496,41,Fashion,375.20896408538766,3,5,Digital Wallet,3,5,0,1069.3455476433548,4,Tuesday,16
3506,2023-08-24,2426,61,Sports,114.56087480911863,4,15,Debit Card,4,4,0,389.50697435100335,8,Thursday,34
3507,2023-11-04,1322,36,Sports,734.9178477038303,1,5,Credit Card,3,5,0,698.1719553186388,11,Saturday,44
3508,2023-12-18,2233,25,Home,327.80961244539066,2,5,Digital Wallet,10,4,0,622.8382636462422,12,Monday,51
3509,2023-03-11,1614,61,Books,272.6708293640205,3,15,Net Banking,8,5,0,695.3106148782523,3,Saturday,10
3510,2023-07-02,1328,64,Electronics,655.7960095380155,4,15,Credit Card,13,2,0,2229.706432429253,7,Sunday,26
3511,2023-09-07,2395,19,Sports,563.4207836708733,3,20,Digital Wallet,5,2,0,1352.2098808100961,9,Thursday,36
3512,2023-08-16,2483,47,Sports,368.7865353951686,3,20,Debit Card,13,5,0,885.0876849484047,8,Wednesday,33
3513,2023-04-12,1132,47,Electronics,645.0725960975323,1,15,Debit Card,11,5,0,548.3117066829024,4,Wednesday,15
3514,2023-03-16,1834,66,Fashion,278.509305180277,2,10,Credit Card,8,5,0,501.31674932449863,3,Thursday,11
3515,2023-08-04,1650,56,Fashion,796.8819589882835,3,0,Net Banking,1,1,0,2390.6458769648507,8,Friday,31
3516,2023-07-22,1120,62,Sports,237.02576080457737,1,15,Credit Card,9,5,0,201.47189668389078,7,Saturday,29
3517,2023-07-11,1605,49,Fashion,167.2493184281955,3,20,Digital Wallet,11,5,0,401.3983642276692,7,Tuesday,28
3518,2023-09-06,2475,18,Electronics,784.6150154038862,2,5,Net Banking,10,5,0,1490.7685292673837,9,Wednesday,36
3519,2023-08-30,1964,55,Sports,710.8131103909539,3,15,Digital Wallet,3,5,0,1812.5734314969325,8,Wednesday,35
3520,2023-06-28,1128,30,Electronics,190.81258594478044,2,15,Net Banking,1,5,0,324.3813961061267,6,Wednesday,26
3521,2023-08-07,2114,28,Fashion,125.0832951630386,1,20,Net Banking,3,4,0,100.06663613043088,8,Monday,32
3522,2023-03-23,1028,27,Electronics,840.0150976018251,1,20,Digital Wallet,13,4,0,672.0120780814601,3,Thursday,12
3523,2023-04-02,1721,65,Fashion,778.8324973747211,2,10,Credit Card,2,5,0,1401.8984952744981,4,Sunday,13
3524,2023-06-24,1332,43,Fashion,333.9847999626676,2,20,Debit Card,7,5,0,534.3756799402681,6,Saturday,25
3525,2023-08-27,2320,37,Electronics,661.615434131233,1,20,Net Banking,10,5,0,529.2923473049864,8,Sunday,34
3526,2023-09-17,2153,34,Fashion,132.9185846823327,2,20,Net Banking,4,4,0,212.66973549173233,9,Sunday,37
3527,2023-12-31,2316,34,Home,511.97718245720137,2,5,Debit Card,7,5,0,972.7566466686826,12,Sunday,52
3528,2023-06-12,2196,21,Electronics,28.542989139815674,4,15,Credit Card,3,5,0,97.04616307537329,6,Monday,24
3529,2023-02-17,1943,22,Home,397.6858621123399,3,15,Debit Card,14,4,0,1014.0989483864668,2,Friday,7
3530,2023-11-25,2047,40,Electronics,84.09439325669103,1,20,Credit Card,6,4,0,67.27551460535283,11,Saturday,47
3531,2023-11-24,2122,63,Fashion,480.3957083553137,1,10,Net Banking,7,5,0,432.3561375197823,11,Friday,47
3532,2023-04-26,2429,69,Fashion,427.46483038436537,4,20,Net Banking,7,4,0,1367.8874572299692,4,Wednesday,17
3533,2023-12-03,1355,27,Sports,449.94117637167545,2,10,Digital Wallet,14,3,1,809.8941174690158,12,Sunday,48
3534,2023-12-03,1138,63,Sports,54.87798902751413,2,15,Credit Card,5,1,0,93.29258134677403,12,Sunday,48
3535,2023-08-13,2197,45,Home,368.00017786901407,2,10,Debit Card,6,3,0,662.4003201642254,8,Sunday,32
3536,2023-12-18,1028,50,Fashion,758.9190106089173,1,10,Credit Card,3,3,0,683.0271095480256,12,Monday,51
3537,2023-11-24,1930,60,Sports,375.2252296200839,4,0,Credit Card,12,5,0,1500.9009184803356,11,Friday,47
3538,2023-05-27,1495,43,Fashion,718.0202330834849,3,10,Credit Card,4,3,0,1938.6546293254091,5,Saturday,21
3539,2023-03-04,2013,67,Electronics,375.7839363973959,4,10,Credit Card,11,5,0,1352.8221710306252,3,Saturday,9
3540,2023-10-21,1654,65,Sports,429.00704707528456,1,5,Debit Card,6,2,0,407.55669472152033,10,Saturday,42
3541,2023-11-19,1827,46,Home,568.2531917009734,3,15,Digital Wallet,3,5,0,1449.045638837482,11,Sunday,46
3542,2023-11-21,1350,44,Sports,951.1751174390116,2,20,Net Banking,7,4,0,1521.8801879024186,11,Tuesday,47
3543,2023-01-13,1553,35,Fashion,117.77184218018863,4,0,Debit Card,3,5,0,471.0873687207545,1,Friday,2
3544,2023-07-08,1298,57,Books,42.58463097456195,4,10,Debit Card,9,3,0,153.304671508423,7,Saturday,27
3545,2023-10-14,2215,27,Books,611.8776119719447,1,5,Net Banking,4,4,0,581.2837313733475,10,Saturday,41
3546,2023-07-27,1063,59,Fashion,949.6061180391421,4,5,Digital Wallet,2,2,0,3608.5032485487395,7,Thursday,30
3547,2023-04-24,1754,22,Electronics,989.8259012291677,3,20,Debit Card,6,5,0,2375.5821629500024,4,Monday,17
3548,2023-01-22,1769,27,Sports,489.32260491808177,4,20,Net Banking,14,4,0,1565.8323357378617,1,Sunday,3
3549,2023-12-15,2238,67,Books,473.40080487424746,1,15,Digital Wallet,9,5,0,402.3906841431103,12,Friday,50
3550,2023-08-02,1833,38,Electronics,648.5141330377442,4,10,Digital Wallet,13,3,0,2334.650878935879,8,Wednesday,31
3551,2023-06-20,1165,41,Fashion,560.07840963292,3,5,Credit Card,10,4,0,1596.2234674538222,6,Tuesday,25
3552,2023-11-19,2255,55,Electronics,637.7471770379769,3,0,Debit Card,10,3,0,1913.2415311139307,11,Sunday,46
3553,2023-02-23,2218,20,Fashion,875.2594312825153,1,15,Digital Wallet,2,5,0,743.970516590138,2,Thursday,8
3554,2023-10-25,1505,57,Sports,748.8431077927332,2,10,Debit Card,4,3,0,1347.91759402692,10,Wednesday,43
3555,2023-11-16,2357,48,Electronics,501.9086177699276,1,20,Net Banking,5,3,0,401.5268942159421,11,Thursday,46
3556,2023-05-06,1792,58,Sports,467.2458144101679,2,10,Debit Card,9,5,0,841.0424659383023,5,Saturday,18
3557,2023-10-04,2327,54,Electronics,643.2057310279848,3,20,Digital Wallet,7,2,0,1543.6937544671637,10,Wednesday,40
3558,2023-07-23,1832,19,Fashion,461.14922157609453,4,10,Net Banking,5,5,0,1660.1371976739404,7,Sunday,29
3559,2023-07-13,2460,19,Fashion,463.20155775298343,4,0,Net Banking,6,3,0,1852.8062310119337,7,Thursday,28
3560,2023-06-18,2346,56,Electronics,26.14284276863977,3,15,Credit Card,9,5,0,66.66424906003141,6,Sunday,24
3561,2023-06-01,1857,66,Fashion,182.32349603323533,1,20,Net Banking,4,5,0,145.85879682658828,6,Thursday,22
3562,2023-02-04,2416,59,Home,493.6285035957955,4,0,Digital Wallet,14,3,0,1974.514014383182,2,Saturday,5
3563,2023-07-03,1805,61,Home,824.4269244598654,1,5,Credit Card,13,4,0,783.205578236872,7,Monday,27
3564,2023-10-13,2172,51,Sports,285.9397366598529,4,0,Digital Wallet,2,5,0,1143.7589466394115,10,Friday,41
3565,2023-02-26,1760,59,Home,527.4169987998375,2,0,Digital Wallet,5,5,0,1054.833997599675,2,Sunday,8
3566,2023-08-10,1832,37,Home,351.5124639116399,4,0,Credit Card,14,4,0,1406.0498556465595,8,Thursday,32
3567,2023-10-30,2428,50,Books,113.75594964419314,2,20,Credit Card,7,5,0,182.00951943070902,10,Monday,44
3568,2023-06-12,1282,21,Books,958.7154982405876,4,5,Debit Card,12,4,0,3643.118893314233,6,Monday,24
3569,2023-01-19,2385,62,Books,856.1271315477987,4,15,Digital Wallet,4,5,0,2910.8322472625155,1,Thursday,3
3570,2023-09-21,1378,61,Books,87.70750022223734,4,0,Debit Card,12,5,1,350.83000088894937,9,Thursday,38
3571,2023-10-09,1197,28,Fashion,722.5893898436018,4,20,Net Banking,1,5,0,2312.286047499526,10,Monday,41
3572,2023-04-23,2014,59,Sports,354.1041053139252,4,20,Net Banking,8,5,0,1133.1331370045607,4,Sunday,16
3573,2023-11-23,2023,64,Sports,994.9013089911747,1,15,Debit Card,5,5,0,845.6661126424984,11,Thursday,47
3574,2023-01-30,1555,22,Home,309.37453463068795,2,10,Credit Card,10,5,0,556.8741623352383,1,Monday,5
3575,2023-05-15,1355,42,Sports,246.35106090897392,2,5,Net Banking,2,5,0,468.06701572705043,5,Monday,20
3576,2023-03-08,2452,66,Home,572.2116428223511,4,5,Credit Card,3,4,0,2174.404242724934,3,Wednesday,10
3577,2023-03-06,2040,54,Sports,836.774901709772,1,0,Debit Card,12,3,0,836.774901709772,3,Monday,10
3578,2023-10-19,1638,51,Electronics,200.59368310160002,1,10,Credit Card,14,3,0,180.53431479144,10,Thursday,42
3579,2023-01-25,1378,26,Electronics,712.308742022138,3,5,Digital Wallet,10,5,0,2030.0799147630928,1,Wednesday,4
3580,2023-02-06,1679,23,Sports,70.79251730971046,3,0,Net Banking,12,5,0,212.37755192913139,2,Monday,6
3581,2023-01-01,1505,35,Fashion,919.7453956793923,1,10,Credit Card,10,4,0,827.7708561114531,1,Sunday,52
3582,2023-02-06,1898,31,Home,90.2641669858258,3,20,Credit Card,5,4,0,216.6340007659819,2,Monday,6
3583,2023-05-21,1075,36,Sports,915.0890625807209,2,0,Digital Wallet,11,2,1,1830.1781251614418,5,Sunday,20
3584,2023-08-20,1230,31,Home,495.8991769581758,1,10,Credit Card,4,3,0,446.30925926235824,8,Sunday,33
3585,2023-05-16,1961,57,Books,453.61020166796067,3,15,Debit Card,9,5,0,1156.7060142532998,5,Tuesday,20
3586,2023-07-07,2271,34,Sports,973.5740087053728,1,5,Debit Card,9,5,0,924.8953082701041,7,Friday,27
3587,2023-05-08,1301,52,Fashion,990.4803359212369,3,0,Debit Card,8,5,0,2971.441007763711,5,Monday,19
3588,2023-07-20,1725,46,Books,653.6763447014018,1,20,Net Banking,2,4,0,522.9410757611215,7,Thursday,29
3589,2023-05-07,1214,59,Sports,135.84809893847802,4,0,Credit Card,5,5,0,543.3923957539121,5,Sunday,18
3590,2023-09-14,2181,34,Electronics,511.1083847986505,2,5,Net Banking,14,4,0,971.105931117436,9,Thursday,37
3591,2023-06-13,1068,60,Sports,533.8714699461058,3,5,Net Banking,8,5,0,1521.5336893464014,6,Tuesday,24
3592,2023-02-04,1392,25,Electronics,519.3019638539566,4,10,Credit Card,8,5,0,1869.4870698742438,2,Saturday,5
3593,2023-07-13,2108,18,Electronics,573.7969201348096,1,20,Credit Card,7,5,0,459.0375361078477,7,Thursday,28
3594,2023-07-10,1266,62,Sports,28.53746665644676,4,10,Debit Card,4,5,1,102.73487996320834,7,Monday,28
3595,2023-04-14,2092,53,Sports,714.1150086557974,2,20,Net Banking,3,2,0,1142.5840138492758,4,Friday,15
3596,2023-01-23,1610,24,Electronics,715.2703589334582,3,0,Net Banking,8,5,0,2145.8110768003744,1,Monday,4
3597,2023-09-22,2370,63,Home,124.31507742610904,3,0,Credit Card,8,2,0,372.9452322783271,9,Friday,38
3598,2023-10-17,2008,22,Books,574.5370480213427,1,10,Net Banking,13,3,0,517.0833432192085,10,Tuesday,42
3599,2023-09-17,1961,41,Fashion,572.6775706114169,2,15,Digital Wallet,10,3,0,973.5518700394086,9,Sunday,37
3600,2023-12-24,1727,45,Sports,685.6259159884961,4,5,Credit Card,5,4,0,2605.378480756285,12,Sunday,51
3601,2023-03-16,1672,60,Books,94.54371521373027,1,10,Debit Card,3,5,0,85.08934369235725,3,Thursday,11
3602,2023-12-21,1422,34,Books,630.2382741934354,3,10,Digital Wallet,5,4,0,1701.6433403222757,12,Thursday,51
3603,2023-03-13,2197,54,Home,287.94443123887777,4,0,Digital Wallet,4,4,0,1151.777724955511,3,Monday,11
3604,2023-09-16,1114,37,Books,511.9329605912102,1,5,Debit Card,8,1,0,486.33631256164966,9,Saturday,37
3605,2023-07-07,1219,20,Sports,775.5903171770359,4,10,Digital Wallet,2,5,0,2792.1251418373295,7,Friday,27
3606,2023-06-22,1030,54,Books,708.5894769993832,4,0,Digital Wallet,11,5,0,2834.357907997533,6,Thursday,25
3607,2023-10-17,2366,43,Sports,127.71398750121345,1,0,Digital Wallet,8,2,0,127.71398750121345,10,Tuesday,42
3608,2023-02-14,2400,32,Sports,595.2729392449125,4,10,Net Banking,10,5,0,2142.9825812816853,2,Tuesday,7
3609,2023-03-02,2153,68,Electronics,969.4253656313311,4,10,Digital Wallet,6,5,0,3489.931316272792,3,Thursday,9
3610,2023-03-24,1616,65,Home,165.20174296165223,2,0,Digital Wallet,4,4,0,330.40348592330446,3,Friday,12
3611,2023-05-03,1538,25,Fashion,854.3780168481608,2,10,Credit Card,11,5,0,1537.8804303266895,5,Wednesday,18
3612,2023-12-24,1738,30,Electronics,705.5225997482391,3,5,Debit Card,14,5,0,2010.7394092824813,12,Sunday,51
3613,2023-01-16,2025,65,Fashion,776.2632797806621,2,0,Net Banking,14,2,0,1552.5265595613241,1,Monday,3
3614,2023-03-07,1870,20,Sports,289.138743871219,1,0,Net Banking,14,5,0,289.138743871219,3,Tuesday,10
3615,2023-05-25,1100,18,Electronics,295.010040086044,4,10,Debit Card,3,5,0,1062.0361443097584,5,Thursday,21
3616,2023-06-11,2081,26,Books,906.9592612187232,3,10,Net Banking,10,3,0,2448.7900052905525,6,Sunday,23
3617,2023-08-22,2412,48,Books,366.23371177163307,2,10,Net Banking,13,5,0,659.2206811889396,8,Tuesday,34
3618,2023-05-24,1691,58,Fashion,72.38523678588237,4,5,Net Banking,5,5,0,275.063899786353,5,Wednesday,21
3619,2023-12-24,1940,43,Sports,604.5907365436556,1,0,Credit Card,6,4,0,604.5907365436556,12,Sunday,51
3620,2023-07-07,1340,34,Fashion,133.56949235142423,4,15,Credit Card,1,5,0,454.1362739948424,7,Friday,27
3621,2023-11-18,1860,51,Home,798.630278993829,1,5,Net Banking,1,4,0,758.6987650441375,11,Saturday,46
3622,2023-01-13,2043,26,Books,645.3289780760468,4,5,Debit Card,11,3,0,2452.250116688978,1,Friday,2
3623,2023-07-03,2278,68,Electronics,875.9792401689962,3,0,Debit Card,10,5,1,2627.9377205069886,7,Monday,27
3624,2023-04-21,2340,30,Electronics,786.988877284809,3,15,Credit Card,3,5,0,2006.8216370762627,4,Friday,16
3625,2023-10-17,1037,22,Electronics,120.99251185481418,2,0,Credit Card,2,3,0,241.98502370962836,10,Tuesday,42
3626,2023-10-22,1659,58,Books,387.2599696700781,2,5,Digital Wallet,12,5,1,735.7939423731483,10,Sunday,42
3627,2023-08-03,2409,30,Sports,776.8146474154414,4,10,Credit Card,1,5,0,2796.532730695589,8,Thursday,31
3628,2023-04-30,1927,18,Books,423.1680585336625,4,0,Net Banking,11,5,0,1692.67223413465,4,Sunday,17
3629,2023-02-24,2049,42,Books,972.6418299321786,2,0,Credit Card,8,4,0,1945.283659864357,2,Friday,8
3630,2023-01-27,1453,64,Electronics,738.3830453945147,2,10,Digital Wallet,12,5,0,1329.0894817101266,1,Friday,4
3631,2023-04-28,2346,21,Books,25.344917523417813,4,15,Digital Wallet,13,5,0,86.17271957962056,4,Friday,17
3632,2023-08-09,1736,53,Electronics,881.185834645228,4,15,Debit Card,1,5,1,2996.031837793775,8,Wednesday,32
3633,2023-08-19,1818,69,Sports,109.79673701987203,4,0,Debit Card,10,5,0,439.1869480794881,8,Saturday,33
3634,2023-02-22,1772,27,Home,149.118486938285,3,10,Net Banking,14,4,0,402.6199147333695,2,Wednesday,8
3635,2023-10-22,1012,45,Electronics,737.1474766049404,1,0,Credit Card,8,3,0,737.1474766049404,10,Sunday,42
3636,2023-11-17,1914,23,Fashion,866.3188738361754,1,10,Digital Wallet,5,4,0,779.6869864525579,11,Friday,46
3637,2023-08-21,1920,44,Home,540.9861316205604,2,5,Digital Wallet,13,4,0,1027.8736500790646,8,Monday,34
3638,2023-06-07,1824,29,Sports,296.1592356163214,3,10,Debit Card,4,5,0,799.6299361640677,6,Wednesday,23
3639,2023-09-26,1370,69,Home,357.80238980064377,4,0,Debit Card,8,5,0,1431.209559202575,9,Tuesday,39
3640,2023-01-21,2314,65,Electronics,349.46043630009547,4,20,Credit Card,8,5,0,1118.2733961603055,1,Saturday,3
3641,2023-02-22,1331,20,Sports,333.41132277141713,2,15,Digital Wallet,11,4,0,566.7992487114091,2,Wednesday,8
3642,2023-10-02,1260,63,Fashion,250.4805751034333,2,0,Debit Card,14,4,0,500.9611502068666,10,Monday,40
3643,2023-11-09,2228,50,Electronics,612.7784236829407,3,10,Credit Card,8,1,0,1654.5017439439398,11,Thursday,45
3644,2023-10-08,1696,27,Electronics,901.4012653794166,1,10,Credit Card,3,5,0,811.2611388414749,10,Sunday,40
3645,2023-08-02,1686,48,Sports,314.01158895250774,1,15,Credit Card,12,5,0,266.9098506096316,8,Wednesday,31
3646,2023-01-31,1949,32,Sports,194.82735448679796,4,0,Debit Card,8,5,0,779.3094179471918,1,Tuesday,5
3647,2023-12-03,1386,24,Home,840.1918897077106,2,20,Debit Card,13,4,0,1344.307023532337,12,Sunday,48
3648,2023-07-02,1820,53,Fashion,744.3654975808063,3,5,Debit Card,1,5,0,2121.4416681052976,7,Sunday,26
3649,2023-01-23,1467,31,Home,931.5286612443114,4,20,Net Banking,13,4,0,2980.8917159817966,1,Monday,4
3650,2023-02-01,2438,65,Home,173.86453824886053,1,5,Net Banking,4,5,0,165.1713113364175,2,Wednesday,5
3651,2023-03-15,1068,31,Electronics,152.8088009754256,1,5,Net Banking,5,4,0,145.16836092665432,3,Wednesday,11
3652,2023-01-10,2495,20,Sports,546.0151003619467,3,0,Debit Card,6,3,0,1638.04530108584,1,Tuesday,2
3653,2023-02-23,2127,66,Electronics,618.2893182867443,4,5,Debit Card,5,5,0,2349.4994094896283,2,Thursday,8
3654,2023-02-21,2184,63,Fashion,485.37170744099365,3,10,Net Banking,5,5,0,1310.5036100906827,2,Tuesday,8
3655,2023-05-28,1199,67,Home,602.9769699606368,4,5,Digital Wallet,5,1,0,2291.3124858504198,5,Sunday,21
3656,2023-06-09,1215,20,Fashion,188.57597118632063,1,5,Digital Wallet,9,4,0,179.14717262700458,6,Friday,23
3657,2023-01-14,1211,39,Sports,484.81761662244253,2,15,Digital Wallet,10,4,0,824.1899482581523,1,Saturday,2
3658,2023-06-27,1507,36,Sports,661.5116353302711,2,15,Digital Wallet,10,3,0,1124.569780061461,6,Tuesday,26
3659,2023-02-22,1015,52,Books,438.37938475621667,1,0,Net Banking,3,5,0,438.37938475621667,2,Wednesday,8
3660,2023-12-01,1883,29,Fashion,682.6528624584319,2,0,Credit Card,2,5,0,1365.3057249168637,12,Friday,48
3661,2023-01-22,1331,22,Electronics,456.6793677483012,2,10,Credit Card,10,4,0,822.0228619469422,1,Sunday,3
3662,2023-01-30,1716,27,Fashion,340.2635850338545,4,15,Digital Wallet,2,3,0,1156.8961891151052,1,Monday,5
3663,2023-07-10,1550,58,Home,310.56899661622145,3,20,Debit Card,8,4,0,745.3655918789315,7,Monday,28
3664,2023-09-17,1941,50,Sports,416.79303839870215,4,0,Digital Wallet,5,4,1,1667.1721535948086,9,Sunday,37
3665,2023-07-24,1255,30,Sports,32.858726455378815,3,0,Digital Wallet,5,5,0,98.57617936613644,7,Monday,30
3666,2023-02-28,1991,52,Fashion,671.8398870616526,3,15,Credit Card,6,5,0,1713.1917120072142,2,Tuesday,9
3667,2023-09-21,1727,68,Fashion,846.6545845704593,2,15,Debit Card,9,3,0,1439.3127937697807,9,Thursday,38
3668,2023-01-12,1879,49,Fashion,361.0808234986874,3,10,Credit Card,7,4,0,974.918223446456,1,Thursday,2
3669,2023-04-29,1814,28,Home,55.57280478030137,3,15,Debit Card,5,4,0,141.7106521897685,4,Saturday,17
3670,2023-10-17,2195,65,Home,986.9078414117021,1,5,Net Banking,5,1,0,937.5624493411169,10,Tuesday,42
3671,2023-12-04,1648,55,Electronics,271.06127289655626,3,20,Credit Card,10,4,1,650.547054951735,12,Monday,49
3672,2023-09-05,1999,41,Fashion,135.3549104738653,1,5,Net Banking,9,5,0,128.58716495017202,9,Tuesday,36
3673,2023-12-20,1470,52,Electronics,376.0549828932977,4,5,Net Banking,9,5,0,1429.008934994531,12,Wednesday,51
3674,2023-05-07,2407,36,Books,741.1714702272211,2,5,Digital Wallet,2,3,0,1408.2257934317201,5,Sunday,18
3675,2023-03-16,1689,23,Home,300.9774309216601,3,0,Debit Card,7,4,0,902.9322927649803,3,Thursday,11
3676,2023-12-27,1699,57,Sports,578.9561718802929,1,5,Credit Card,10,4,0,550.0083632862783,12,Wednesday,52
3677,2023-07-23,1506,62,Books,421.4043944927708,4,0,Digital Wallet,1,3,0,1685.6175779710832,7,Sunday,29
3678,2023-02-18,1991,61,Sports,126.5863523538523,4,15,Credit Card,4,5,0,430.39359800309785,2,Saturday,7
3679,2023-03-20,2009,59,Books,336.9841423671891,4,20,Net Banking,2,5,0,1078.3492555750051,3,Monday,12
3680,2023-08-29,1803,52,Electronics,727.621800656926,1,20,Credit Card,10,4,0,582.0974405255408,8,Tuesday,35
3681,2023-12-15,1830,21,Electronics,615.8838583581312,1,5,Credit Card,9,5,0,585.0896654402246,12,Friday,50
3682,2023-06-03,2348,50,Home,128.58059608472539,2,20,Digital Wallet,12,5,0,205.72895373556062,6,Saturday,22
3683,2023-10-01,1213,30,Sports,171.68918561716546,3,0,Debit Card,6,4,0,515.0675568514964,10,Sunday,39
3684,2023-04-06,2231,53,Books,644.326025714371,4,15,Credit Card,4,4,0,2190.708487428861,4,Thursday,14
3685,2023-08-02,1168,60,Fashion,815.2812601776601,2,5,Net Banking,3,3,0,1549.0343943375542,8,Wednesday,31
3686,2023-10-21,2353,36,Fashion,355.9797509985876,1,10,Net Banking,4,5,0,320.38177589872885,10,Saturday,42
3687,2023-07-28,2303,60,Home,599.3576443250157,2,20,Digital Wallet,2,5,0,958.9722309200251,7,Friday,30
3688,2023-12-09,1977,29,Sports,178.93715286458422,4,20,Net Banking,5,5,0,572.5988891666696,12,Saturday,49
3689,2023-03-29,2328,28,Fashion,318.2625735362706,4,5,Credit Card,9,5,0,1209.3977794378284,3,Wednesday,13
3690,2023-11-02,1145,23,Home,30.067503616322075,2,20,Debit Card,6,5,0,48.10800578611532,11,Thursday,44
3691,2023-09-21,1515,29,Home,770.5931883215274,4,20,Credit Card,2,5,0,2465.8982026288877,9,Thursday,38
3692,2023-11-21,2113,44,Sports,406.9997215752371,1,10,Digital Wallet,6,5,0,366.29974941771343,11,Tuesday,47
3693,2023-11-16,1452,58,Fashion,817.9643179174143,4,0,Net Banking,9,5,0,3271.857271669657,11,Thursday,46
3694,2023-06-06,1059,42,Fashion,711.289266062499,3,5,Credit Card,14,2,0,2027.1744082781222,6,Tuesday,23
3695,2023-06-05,2334,59,Fashion,830.4568230711922,3,5,Credit Card,4,4,0,2366.8019457528976,6,Monday,23
3696,2023-05-19,1527,20,Electronics,292.8020828870539,4,10,Net Banking,1,3,0,1054.087498393394,5,Friday,20
3697,2023-05-01,2250,20,Fashion,193.2576431235668,2,10,Debit Card,2,5,0,347.8637576224202,5,Monday,18
3698,2023-03-06,2023,37,Books,972.1866258251538,4,0,Debit Card,5,5,0,3888.746503300615,3,Monday,10
3699,2023-04-17,1473,45,Electronics,720.1545091704609,3,15,Debit Card,10,4,0,1836.393998384675,4,Monday,16
3700,2023-05-27,1756,40,Electronics,835.7018452474036,1,5,Net Banking,7,5,1,793.9167529850334,5,Saturday,21
3701,2023-05-17,1781,65,Electronics,23.00203997283439,3,20,Credit Card,8,4,0,55.20489593480254,5,Wednesday,20
3702,2023-06-11,2102,20,Electronics,360.9170040929277,4,0,Digital Wallet,3,5,0,1443.6680163717108,6,Sunday,23
3703,2023-04-10,1432,59,Home,745.3885236715583,4,5,Credit Card,9,5,0,2832.4763899519216,4,Monday,15
3704,2023-12-04,2176,41,Books,87.20300466008348,2,0,Net Banking,2,5,0,174.40600932016696,12,Monday,49
3705,2023-11-03,1400,60,Sports,571.6665302732463,4,15,Net Banking,4,4,0,1943.6662029290374,11,Friday,44
3706,2023-05-21,2302,57,Fashion,434.7820397804532,4,5,Credit Card,4,5,0,1652.171751165722,5,Sunday,20
3707,2023-03-24,1056,23,Electronics,27.44034206969622,1,20,Net Banking,6,4,0,21.95227365575698,3,Friday,12
3708,2023-06-26,2002,37,Sports,243.61582134825687,1,5,Credit Card,10,5,0,231.43503028084402,6,Monday,26
3709,2023-07-17,1185,28,Home,291.9440691760471,1,0,Credit Card,6,3,0,291.9440691760471,7,Monday,29
3710,2023-04-22,1397,49,Sports,120.74134688285923,2,15,Debit Card,3,5,1,205.26028970086068,4,Saturday,16
3711,2023-02-25,1604,44,Electronics,635.2215406452339,2,0,Net Banking,9,5,0,1270.4430812904677,2,Saturday,8
3712,2023-06-28,1787,38,Books,249.97389748937013,3,0,Net Banking,11,5,0,749.9216924681105,6,Wednesday,26
3713,2023-07-05,1157,61,Sports,284.84330462319446,2,10,Debit Card,5,5,0,512.71794832175,7,Wednesday,27
3714,2023-08-06,2382,65,Electronics,899.256212218146,1,0,Debit Card,14,4,0,899.256212218146,8,Sunday,31
3715,2023-11-12,2463,67,Electronics,472.4518617662081,2,15,Debit Card,2,4,0,803.1681650025537,11,Sunday,45
3716,2023-08-05,1588,30,Fashion,398.20686549957964,4,20,Digital Wallet,6,4,0,1274.261969598655,8,Saturday,31
3717,2023-04-30,1465,39,Fashion,726.6323279315701,2,10,Net Banking,3,4,0,1307.9381902768262,4,Sunday,17
3718,2023-06-24,1445,52,Books,910.517658914083,4,0,Credit Card,8,5,0,3642.070635656332,6,Saturday,25
3719,2023-01-23,1800,64,Fashion,34.7859728750694,3,5,Credit Card,13,5,0,99.14002269394777,1,Monday,4
3720,2023-08-01,2096,39,Books,453.7564580898425,4,10,Credit Card,3,5,1,1633.523249123433,8,Tuesday,31
3721,2023-08-23,1928,45,Home,614.6735425171678,1,15,Net Banking,5,4,0,522.4725111395926,8,Wednesday,34
3722,2023-01-13,1016,38,Home,325.3774671447297,3,5,Digital Wallet,4,5,0,927.3257813624795,1,Friday,2
3723,2023-04-11,1730,63,Fashion,774.6836449020093,3,15,Net Banking,4,5,0,1975.4432945001236,4,Tuesday,15
3724,2023-01-24,1325,35,Home,971.7622995675711,3,5,Net Banking,2,5,0,2769.5225537675774,1,Tuesday,4
3725,2023-12-30,1994,48,Sports,943.9930925877804,1,20,Net Banking,8,1,0,755.1944740702244,12,Saturday,52
3726,2023-01-11,1612,63,Sports,273.32271398614245,4,15,Net Banking,3,5,0,929.2972275528842,1,Wednesday,2
3727,2023-09-30,1545,54,Sports,234.07489565311113,3,5,Net Banking,4,4,0,667.1134526113667,9,Saturday,39
3728,2023-10-08,1595,38,Home,957.9156257110088,1,15,Digital Wallet,6,4,0,814.2282818543575,10,Sunday,40
3729,2023-04-04,1920,31,Sports,464.04220255715126,3,10,Debit Card,9,5,0,1252.9139469043084,4,Tuesday,14
3730,2023-07-20,1841,42,Books,216.21474585384482,3,15,Credit Card,14,5,0,551.3476019273044,7,Thursday,29
3731,2023-01-21,2225,44,Electronics,709.926993994114,1,15,Net Banking,12,5,0,603.4379448949969,1,Saturday,3
3732,2023-12-06,1343,57,Fashion,291.57612066475366,2,5,Net Banking,4,1,0,553.9946292630319,12,Wednesday,49
3733,2023-07-30,1858,40,Books,274.5745053203418,3,15,Net Banking,3,4,0,700.1649885668716,7,Sunday,30
3734,2023-05-20,2423,48,Sports,880.4565526470069,2,20,Credit Card,5,4,0,1408.7304842352112,5,Saturday,20
3735,2023-10-20,2241,64,Electronics,170.8543618431344,3,0,Digital Wallet,9,5,0,512.5630855294032,10,Friday,42
3736,2023-10-25,1444,46,Fashion,73.74901700157403,2,10,Credit Card,1,4,0,132.74823060283327,10,Wednesday,43
3737,2023-04-11,1221,64,Books,276.49457576997037,4,5,Digital Wallet,5,5,0,1050.6793879258873,4,Tuesday,15
3738,2023-10-31,2406,47,Fashion,610.8759587098218,2,15,Debit Card,11,5,0,1038.489129806697,10,Tuesday,44
3739,2023-12-25,1591,68,Home,131.85697486923783,2,15,Net Banking,4,5,0,224.15685727770432,12,Monday,52
3740,2023-01-28,2030,43,Sports,476.87872555402583,2,15,Digital Wallet,5,2,0,810.6938334418439,1,Saturday,4
3741,2023-02-10,2295,37,Books,631.0637393210666,2,10,Credit Card,7,1,0,1135.9147307779199,2,Friday,6
3742,2023-12-21,2017,55,Books,850.2496226672422,4,0,Digital Wallet,7,5,0,3400.9984906689688,12,Thursday,51
3743,2023-10-30,1015,36,Electronics,237.57089529023182,1,20,Digital Wallet,7,5,0,190.05671623218547,10,Monday,44
3744,2023-05-26,2447,44,Electronics,819.1728601489616,2,20,Debit Card,1,5,0,1310.6765762383386,5,Friday,21
3745,2023-09-13,1523,42,Electronics,242.5571985199262,1,5,Net Banking,9,4,1,230.42933859392988,9,Wednesday,37
3746,2023-08-15,1802,57,Fashion,679.9988758272441,3,0,Net Banking,7,5,0,2039.9966274817323,8,Tuesday,33
3747,2023-08-24,1020,55,Sports,436.36683576763056,1,0,Credit Card,4,5,0,436.36683576763056,8,Thursday,34
3748,2023-12-27,1227,69,Fashion,123.53442995488346,2,10,Credit Card,4,4,0,222.36197391879023,12,Wednesday,52
3749,2023-01-13,2007,40,Sports,717.1208281936302,1,15,Debit Card,2,5,0,609.5527039645857,1,Friday,2
3750,2023-07-29,2311,46,Books,225.58499236352762,4,0,Digital Wallet,6,5,0,902.3399694541105,7,Saturday,30
3751,2023-08-17,1808,32,Fashion,184.85719176434554,4,15,Digital Wallet,13,4,0,628.5144519987748,8,Thursday,33
3752,2023-04-10,2157,20,Fashion,364.7396993034894,2,10,Credit Card,12,4,0,656.5314587462809,4,Monday,15
3753,2023-01-31,2306,27,Fashion,656.7573423118887,1,5,Net Banking,10,4,0,623.9194751962942,1,Tuesday,5
3754,2023-01-16,1403,32,Home,241.6565140027215,3,5,Digital Wallet,3,4,0,688.7210649077563,1,Monday,3
3755,2023-05-17,2089,33,Sports,191.82492339406687,4,15,Debit Card,1,4,0,652.2047395398273,5,Wednesday,20
3756,2023-11-25,1436,34,Sports,19.85408945623069,2,15,Credit Card,5,4,0,33.75195207559217,11,Saturday,47
3757,2023-06-15,1828,36,Fashion,476.92666613070634,4,0,Digital Wallet,6,5,0,1907.7066645228253,6,Thursday,24
3758,2023-11-06,1933,28,Home,434.3591136220309,2,10,Net Banking,11,5,0,781.8464045196557,11,Monday,45
3759,2023-04-10,1258,65,Fashion,241.5290662010025,1,5,Net Banking,5,5,0,229.45261289095237,4,Monday,15
3760,2023-04-19,1102,22,Sports,63.11564236959384,1,0,Debit Card,5,4,0,63.11564236959384,4,Wednesday,16
3761,2023-12-09,1992,22,Books,434.96331584987854,1,20,Debit Card,12,3,0,347.97065267990286,12,Saturday,49
3762,2023-06-22,1768,31,Home,790.323059960915,1,0,Credit Card,10,5,0,790.323059960915,6,Thursday,25
3763,2023-08-25,2124,67,Home,718.1293100139052,1,15,Credit Card,13,3,1,610.4099135118194,8,Friday,34
3764,2023-06-11,2221,43,Fashion,862.1869409615686,2,20,Net Banking,14,5,0,1379.4991055385099,6,Sunday,23
3765,2023-08-04,1812,25,Books,19.486860836024068,4,0,Net Banking,11,4,0,77.94744334409627,8,Friday,31
3766,2023-09-21,1225,22,Sports,966.7551236365525,3,10,Digital Wallet,14,4,0,2610.238833818692,9,Thursday,38
3767,2023-09-20,1942,24,Electronics,347.99813010117384,4,5,Digital Wallet,13,5,0,1322.3928943844605,9,Wednesday,38
3768,2023-10-19,1462,33,Sports,990.4938181310451,1,20,Digital Wallet,8,5,0,792.3950545048361,10,Thursday,42
3769,2023-10-01,1236,31,Sports,260.0932659957569,4,10,Debit Card,14,5,1,936.3357575847249,10,Sunday,39
3770,2023-01-03,2049,54,Books,476.82102370246236,4,0,Debit Card,14,5,0,1907.2840948098494,1,Tuesday,1
3771,2023-01-28,2144,58,Home,360.3883998095506,2,15,Digital Wallet,10,5,0,612.660279676236,1,Saturday,4
3772,2023-11-22,1505,21,Sports,362.2031078443596,3,15,Net Banking,1,4,0,923.6179250031169,11,Wednesday,47
3773,2023-05-29,2205,53,Home,843.8592777607337,3,10,Credit Card,8,2,0,2278.420049953981,5,Monday,22
3774,2023-01-28,1813,65,Books,748.9547503399654,1,15,Debit Card,13,5,0,636.6115377889705,1,Saturday,4
3775,2023-11-06,1766,34,Books,992.2299208777476,2,5,Debit Card,11,4,0,1885.2368496677204,11,Monday,45
3776,2023-03-06,1633,64,Fashion,617.3795358903374,2,10,Digital Wallet,7,5,0,1111.2831646026073,3,Monday,10
3777,2023-12-22,2338,53,Electronics,468.62403835055767,2,10,Credit Card,1,5,0,843.5232690310038,12,Friday,51
3778,2023-01-21,1990,23,Books,99.17312431742221,2,15,Debit Card,14,5,0,168.59431133961775,1,Saturday,3
3779,2023-09-09,1617,33,Books,996.5958053187182,2,10,Credit Card,9,5,0,1793.8724495736928,9,Saturday,36
3780,2023-08-23,1272,46,Home,556.0153464029601,3,0,Debit Card,12,4,0,1668.0460392088803,8,Wednesday,34
3781,2023-08-15,1231,53,Books,703.4726949932403,3,20,Credit Card,4,5,0,1688.3344679837771,8,Tuesday,33
3782,2023-01-13,2443,55,Sports,412.6749633193983,4,20,Credit Card,13,5,0,1320.5598826220746,1,Friday,2
3783,2023-11-09,1767,54,Fashion,552.2385510974435,3,15,Debit Card,7,5,0,1408.2083052984808,11,Thursday,45
3784,2023-02-18,2465,65,Fashion,943.1519545739583,2,5,Credit Card,3,5,0,1791.9887136905206,2,Saturday,7
3785,2023-04-28,1495,65,Sports,174.75524355228671,4,5,Net Banking,8,4,0,664.0699254986895,4,Friday,17
3786,2023-02-23,2047,27,Books,299.448858486952,3,15,Debit Card,4,5,0,763.5945891417276,2,Thursday,8
3787,2023-05-18,2132,58,Electronics,160.539130500252,4,15,Debit Card,14,4,0,545.8330437008568,5,Thursday,20
3788,2023-02-22,1501,53,Books,794.293744766727,3,10,Net Banking,2,5,0,2144.593110870163,2,Wednesday,8
3789,2023-02-13,1024,46,Fashion,71.42480781761127,1,5,Credit Card,2,5,0,67.8535674267307,2,Monday,7
3790,2023-10-30,2210,31,Electronics,90.81533335282492,3,20,Net Banking,8,3,0,217.9568000467798,10,Monday,44
3791,2023-02-22,1287,21,Home,305.509171659495,4,15,Debit Card,14,5,0,1038.731183642283,2,Wednesday,8
3792,2023-03-15,1337,61,Home,519.0462991118011,1,20,Net Banking,8,5,0,415.2370392894409,3,Wednesday,11
3793,2023-02-15,2060,59,Books,412.21205255399065,2,20,Credit Card,1,5,0,659.5392840863851,2,Wednesday,7
3794,2023-01-13,1136,53,Books,54.368147564099196,4,5,Net Banking,6,5,0,206.59896074357692,1,Friday,2
3795,2023-06-14,1507,67,Electronics,957.916642292242,2,20,Debit Card,9,5,0,1532.6666276675874,6,Wednesday,24
3796,2023-04-12,1226,62,Electronics,953.3408251545029,2,10,Credit Card,9,1,0,1716.0134852781052,4,Wednesday,15
3797,2023-10-07,1319,30,Books,286.56276000835226,4,10,Debit Card,2,5,0,1031.6259360300683,10,Saturday,40
3798,2023-09-15,1915,63,Fashion,734.2103591158957,2,5,Debit Card,8,5,0,1394.9996823202018,9,Friday,37
3799,2023-12-03,2205,35,Home,582.7896572693916,4,10,Digital Wallet,8,5,0,2098.0427661698095,12,Sunday,48
3800,2023-12-22,1085,50,Electronics,245.10192805556784,4,15,Debit Card,4,5,0,833.3465553889306,12,Friday,51
3801,2023-05-18,2490,38,Fashion,269.5498362241993,3,5,Debit Card,14,5,0,768.2170332389679,5,Thursday,20
3802,2023-06-12,1925,33,Books,496.241642567346,1,20,Credit Card,4,5,0,396.9933140538768,6,Monday,24
3803,2023-04-21,1052,32,Sports,425.04457208238654,2,15,Credit Card,5,5,0,722.5757725400571,4,Friday,16
3804,2023-04-12,1859,22,Electronics,298.3170349489516,2,5,Credit Card,11,4,0,566.8023664030079,4,Wednesday,15
3805,2023-01-17,1866,23,Sports,809.4364803420974,1,20,Net Banking,10,5,0,647.549184273678,1,Tuesday,3
3806,2023-09-25,2258,55,Fashion,486.6482884610111,1,20,Net Banking,7,5,0,389.3186307688089,9,Monday,39
3807,2023-07-01,1432,20,Home,658.2995817652366,1,20,Credit Card,1,4,0,526.6396654121893,7,Saturday,26
3808,2023-01-24,1998,65,Fashion,197.3807651661967,1,20,Net Banking,11,3,0,157.90461213295737,1,Tuesday,4
3809,2023-01-29,1099,29,Home,538.1725858913219,1,20,Digital Wallet,9,4,0,430.53806871305756,1,Sunday,4
3810,2023-06-20,1989,53,Fashion,324.7962889521553,3,5,Net Banking,3,4,0,925.6694235136426,6,Tuesday,25
3811,2023-08-16,1598,50,Electronics,531.1494742909294,4,10,Digital Wallet,11,4,0,1912.138107447346,8,Wednesday,33
3812,2023-07-07,1402,53,Electronics,783.0175750768188,1,20,Credit Card,4,5,0,626.4140600614551,7,Friday,27
3813,2023-12-12,1395,50,Sports,771.2240779903491,3,15,Credit Card,7,5,0,1966.62139887539,12,Tuesday,50
3814,2023-08-18,1414,48,Fashion,360.67847125393314,1,5,Net Banking,5,4,0,342.6445476912365,8,Friday,33
3815,2023-11-17,1938,38,Fashion,697.3343459088427,1,0,Credit Card,5,2,1,697.3343459088427,11,Friday,46
3816,2023-12-06,1676,44,Sports,941.8770508903342,2,10,Credit Card,1,5,0,1695.3786916026015,12,Wednesday,49
3817,2023-04-29,1462,44,Books,629.4126366256573,2,15,Debit Card,2,5,0,1070.0014822636174,4,Saturday,17
3818,2023-06-05,1540,25,Fashion,156.92602214881077,2,20,Credit Card,5,4,0,251.08163543809724,6,Monday,23
3819,2023-09-29,2387,54,Fashion,682.9115429863042,2,5,Debit Card,2,3,0,1297.5319316739779,9,Friday,39
3820,2023-06-24,2153,49,Fashion,113.8553424858182,4,5,Credit Card,1,4,0,432.65030144610915,6,Saturday,25
3821,2023-04-14,1083,43,Books,873.3893047050968,4,20,Digital Wallet,10,5,1,2794.8457750563102,4,Friday,15
3822,2023-04-02,1270,19,Electronics,521.4938908439209,2,15,Digital Wallet,3,5,0,886.5396144346655,4,Sunday,13
3823,2023-07-05,1243,29,Sports,391.2893289484637,2,5,Credit Card,11,2,0,743.449725002081,7,Wednesday,27
3824,2023-10-10,1387,39,Books,66.43652870319545,1,10,Digital Wallet,1,4,0,59.79287583287591,10,Tuesday,41
3825,2023-06-30,1213,34,Home,386.9758972461886,1,15,Digital Wallet,10,5,0,328.9295126592603,6,Friday,26
3826,2023-06-19,1817,24,Home,904.1746012366315,2,20,Digital Wallet,8,5,0,1446.6793619786104,6,Monday,25
3827,2023-07-06,2189,60,Books,30.773166323440147,2,15,Net Banking,8,4,0,52.31438274984825,7,Thursday,27
3828,2023-06-24,1058,21,Books,479.9016762039869,2,15,Digital Wallet,8,5,0,815.8328495467777,6,Saturday,25
3829,2023-08-10,1882,54,Electronics,931.846510199516,1,0,Debit Card,7,4,0,931.846510199516,8,Thursday,32
3830,2023-08-21,1842,55,Home,400.89258976737085,2,20,Net Banking,7,5,0,641.4281436277934,8,Monday,34
3831,2023-06-11,1923,49,Sports,433.89393058752887,2,10,Debit Card,2,3,0,781.009075057552,6,Sunday,23
3832,2023-05-14,1122,28,Fashion,582.7744546471287,4,20,Debit Card,9,3,0,1864.8782548708118,5,Sunday,19
3833,2023-08-12,2436,18,Fashion,468.30796024141165,4,0,Debit Card,7,5,0,1873.2318409656466,8,Saturday,32
3834,2023-06-02,2162,42,Electronics,176.9156743251769,1,20,Net Banking,5,4,0,141.53253946014152,6,Friday,22
3835,2023-02-02,2252,59,Electronics,28.369983679161802,4,20,Credit Card,4,1,0,90.78394777331778,2,Thursday,5
3836,2023-02-24,2297,69,Home,613.7135413989146,1,10,Digital Wallet,8,5,0,552.3421872590231,2,Friday,8
3837,2023-01-07,1438,41,Sports,921.598521137734,3,0,Digital Wallet,5,2,0,2764.795563413202,1,Saturday,1
3838,2023-09-01,2021,60,Sports,115.30049169689397,2,20,Credit Card,6,5,0,184.48078671503038,9,Friday,35
3839,2023-11-09,1561,34,Books,218.84319206022585,1,20,Credit Card,4,4,0,175.07455364818068,11,Thursday,45
3840,2023-05-06,1117,25,Electronics,376.52719096672377,4,5,Debit Card,2,5,0,1430.8033256735503,5,Saturday,18
3841,2023-01-12,1904,62,Fashion,810.6548067309085,3,20,Net Banking,12,5,0,1945.5715361541804,1,Thursday,2
3842,2023-01-16,1394,44,Fashion,276.5677133062678,4,10,Debit Card,7,4,0,995.6437679025642,1,Monday,3
3843,2023-07-27,1875,69,Home,883.2338602359807,1,5,Digital Wallet,12,5,0,839.0721672241816,7,Thursday,30
3844,2023-02-12,2483,35,Fashion,64.40829590356574,3,0,Credit Card,2,5,0,193.22488771069723,2,Sunday,6
3845,2023-05-15,1934,44,Sports,941.5470550463455,4,15,Digital Wallet,11,3,0,3201.2599871575744,5,Monday,20
3846,2023-08-16,2101,39,Sports,565.1396070950273,3,10,Credit Card,12,5,0,1525.8769391565736,8,Wednesday,33
3847,2023-04-21,1951,33,Electronics,662.1899017028275,2,0,Net Banking,7,5,0,1324.379803405655,4,Friday,16
3848,2023-11-03,2435,19,Home,374.0126273109896,2,5,Debit Card,7,3,0,710.6239918908802,11,Friday,44
3849,2023-06-09,1074,22,Fashion,784.1743426559497,3,15,Digital Wallet,1,5,0,1999.6445737726715,6,Friday,23
3850,2023-11-27,1294,35,Electronics,174.90058758356201,4,0,Net Banking,13,3,0,699.6023503342481,11,Monday,48
3851,2023-09-21,1020,20,Books,58.42270702570216,4,10,Digital Wallet,10,5,0,210.32174529252777,9,Thursday,38
3852,2023-08-13,2194,44,Books,401.56177367648155,4,5,Credit Card,10,4,0,1525.9347399706298,8,Sunday,32
3853,2023-08-05,2038,34,Fashion,855.1587568412291,2,10,Digital Wallet,12,4,0,1539.2857623142124,8,Saturday,31
3854,2023-02-14,2234,33,Fashion,757.3775682713177,1,10,Net Banking,3,4,0,681.639811444186,2,Tuesday,7
3855,2023-08-02,1559,23,Fashion,521.9844107840684,1,5,Net Banking,3,4,0,495.88519024486493,8,Wednesday,31
3856,2023-02-28,2109,68,Sports,576.4163696937,3,20,Debit Card,13,5,0,1383.39928726488,2,Tuesday,9
3857,2023-05-12,2172,24,Fashion,138.59389803576786,4,10,Digital Wallet,13,4,0,498.9380329287643,5,Friday,19
3858,2023-04-14,1371,67,Books,842.2746935314063,3,5,Credit Card,11,4,0,2400.482876564508,4,Friday,15
3859,2023-07-14,1817,31,Fashion,789.090086134555,1,10,Digital Wallet,6,4,0,710.1810775210995,7,Friday,28
3860,2023-06-06,2174,55,Home,659.9056899480732,1,20,Debit Card,11,4,0,527.9245519584587,6,Tuesday,23
3861,2023-04-08,2164,57,Books,471.52912596564903,4,5,Credit Card,3,5,0,1791.8106786694661,4,Saturday,14
3862,2023-08-14,2092,32,Home,964.8146755967173,3,0,Credit Card,12,1,0,2894.444026790152,8,Monday,33
3863,2023-07-24,2283,64,Books,880.2416521577064,4,0,Debit Card,9,5,0,3520.9666086308257,7,Monday,30
3864,2023-03-20,1845,64,Electronics,647.9861885794724,1,0,Credit Card,5,5,1,647.9861885794724,3,Monday,12
3865,2023-05-04,1520,65,Books,378.082987740115,1,15,Net Banking,6,5,0,321.37053957909774,5,Thursday,18
3866,2023-08-06,1370,50,Books,621.8420558946973,4,10,Net Banking,6,4,0,2238.6314012209104,8,Sunday,31
3867,2023-01-04,2442,60,Home,579.6865172653587,3,10,Credit Card,8,5,0,1565.1535966164683,1,Wednesday,1
3868,2023-03-31,1100,44,Home,400.2995679565672,2,5,Digital Wallet,10,4,0,760.5691791174777,3,Friday,13
3869,2023-04-14,1660,46,Books,313.60723197119535,4,15,Credit Card,11,2,0,1066.2645887020642,4,Friday,15
3870,2023-04-29,1967,54,Books,412.9406843149492,1,10,Digital Wallet,3,5,0,371.6466158834543,4,Saturday,17
3871,2023-05-13,1242,22,Sports,578.1722919730639,2,5,Debit Card,9,5,0,1098.5273547488214,5,Saturday,19
3872,2023-11-08,1752,46,Electronics,433.85349626398346,4,20,Net Banking,7,4,0,1388.3311880447473,11,Wednesday,45
3873,2023-04-06,1511,49,Electronics,270.93874331937,2,10,Net Banking,11,5,0,487.68973797486603,4,Thursday,14
3874,2023-11-27,1848,23,Fashion,763.3536845832007,4,10,Debit Card,13,5,0,2748.0732644995223,11,Monday,48
3875,2023-05-23,1554,19,Books,536.1528209978388,1,20,Debit Card,6,4,0,428.92225679827106,5,Tuesday,21
3876,2023-10-15,2118,23,Books,76.99841159334396,4,20,Net Banking,11,4,0,246.3949170987007,10,Sunday,41
3877,2023-01-28,1225,63,Books,374.63334056986423,2,10,Debit Card,1,4,0,674.3400130257556,1,Saturday,4
3878,2023-10-05,1213,60,Books,886.0643226398736,3,20,Credit Card,4,4,0,2126.554374335697,10,Thursday,40
3879,2023-08-21,1717,21,Electronics,757.6841658879524,1,5,Credit Card,5,4,0,719.7999575935547,8,Monday,34
3880,2023-01-17,1066,46,Home,330.014316104567,1,10,Digital Wallet,12,4,0,297.0128844941103,1,Tuesday,3
3881,2023-02-28,1395,42,Sports,938.801320524064,2,10,Digital Wallet,2,1,0,1689.8423769433152,2,Tuesday,9
3882,2023-03-31,1611,26,Home,85.83687927462805,4,0,Digital Wallet,1,4,0,343.3475170985122,3,Friday,13
3883,2023-07-18,2035,20,Home,961.622356853267,4,10,Credit Card,2,4,0,3461.8404846717613,7,Tuesday,29
3884,2023-12-28,2260,43,Electronics,253.2480415598289,4,0,Net Banking,8,4,0,1012.9921662393156,12,Thursday,52
3885,2023-01-26,1769,65,Sports,19.00323849939507,1,20,Digital Wallet,10,2,0,15.202590799516058,1,Thursday,4
3886,2023-01-25,2422,60,Books,439.4699561531435,1,20,Credit Card,6,5,0,351.57596492251486,1,Wednesday,4
3887,2023-10-28,1406,44,Electronics,365.3807253901386,2,5,Net Banking,10,4,0,694.2233782412633,10,Saturday,43
3888,2023-12-05,1924,53,Electronics,543.6981151547259,4,0,Debit Card,2,5,0,2174.7924606189035,12,Tuesday,49
3889,2023-09-24,1646,49,Sports,798.805131964147,4,10,Credit Card,9,5,0,2875.6984750709294,9,Sunday,38
3890,2023-06-30,1221,18,Fashion,844.0064941289426,2,0,Debit Card,8,3,0,1688.0129882578851,6,Friday,26
3891,2023-12-26,2179,33,Electronics,407.2176996155749,1,20,Digital Wallet,4,4,0,325.77415969245993,12,Tuesday,52
3892,2023-03-09,1653,68,Home,435.5472862692867,1,20,Net Banking,11,5,0,348.4378290154294,3,Thursday,10
3893,2023-12-17,1427,65,Home,156.69595302617896,3,5,Credit Card,10,4,0,446.58346612461,12,Sunday,50
3894,2023-11-17,2181,28,Books,57.07213279235186,3,20,Digital Wallet,14,1,0,136.97311870164447,11,Friday,46
3895,2023-02-18,1976,43,Electronics,644.8028403326745,4,0,Digital Wallet,7,3,1,2579.211361330698,2,Saturday,7
3896,2023-06-24,2439,57,Books,73.79324929716535,1,10,Net Banking,3,4,0,66.41392436744881,6,Saturday,25
3897,2023-02-21,2005,18,Electronics,736.4918182272414,4,10,Debit Card,6,4,0,2651.370545618069,2,Tuesday,8
3898,2023-04-12,2349,43,Sports,543.699243572025,1,0,Digital Wallet,3,5,0,543.699243572025,4,Wednesday,15
3899,2023-08-04,1370,45,Electronics,206.59714844382256,3,5,Net Banking,10,4,0,588.8018730648943,8,Friday,31
3900,2023-07-07,2367,26,Fashion,544.1277140775231,2,10,Net Banking,13,5,0,979.4298853395417,7,Friday,27
3901,2023-02-26,2285,61,Home,191.16773943607785,1,0,Credit Card,3,4,0,191.16773943607785,2,Sunday,8
3902,2023-02-16,2306,39,Sports,444.3498354353079,3,0,Digital Wallet,13,4,0,1333.0495063059238,2,Thursday,7
3903,2023-06-08,1849,25,Home,801.5647130798066,3,20,Debit Card,12,3,0,1923.7553113915358,6,Thursday,23
3904,2023-06-23,1855,66,Books,467.30010047653104,1,20,Debit Card,11,5,0,373.8400803812249,6,Friday,25
3905,2023-08-30,1228,59,Sports,157.21232511457276,4,5,Digital Wallet,9,3,0,597.4068354353765,8,Wednesday,35
3906,2023-10-09,1279,44,Fashion,726.5903950047157,1,5,Debit Card,6,2,0,690.2608752544799,10,Monday,41
3907,2023-08-29,2313,56,Home,194.90073210730876,3,5,Net Banking,8,4,0,555.4670865058299,8,Tuesday,35
3908,2023-01-05,2070,36,Electronics,741.1643756264084,1,0,Net Banking,4,1,0,741.1643756264084,1,Thursday,1
3909,2023-03-25,1974,42,Electronics,484.55876632367494,2,0,Digital Wallet,4,2,0,969.1175326473499,3,Saturday,12
3910,2023-11-04,2237,55,Electronics,459.2043415033586,4,20,Debit Card,8,5,0,1469.4538928107477,11,Saturday,44
3911,2023-12-27,1757,38,Sports,852.9206874789,1,10,Net Banking,7,4,0,767.6286187310101,12,Wednesday,52
3912,2023-09-05,2047,41,Fashion,711.5174890972621,3,5,Digital Wallet,5,4,0,2027.824843927197,9,Tuesday,36
3913,2023-02-23,1320,41,Fashion,42.58168898538987,3,15,Net Banking,2,5,0,108.58330691274416,2,Thursday,8
3914,2023-06-10,1273,36,Fashion,303.2125714555863,4,5,Digital Wallet,6,5,0,1152.207771531228,6,Saturday,23
3915,2023-08-14,1555,67,Home,872.2114542413997,1,20,Credit Card,1,4,0,697.7691633931198,8,Monday,33
3916,2023-01-15,1843,64,Sports,28.142906859746653,3,0,Credit Card,7,5,0,84.42872057923995,1,Sunday,2
3917,2023-08-12,2336,19,Electronics,549.8009117993506,4,20,Digital Wallet,9,2,0,1759.362917757922,8,Saturday,32
3918,2023-03-02,2386,31,Home,730.5474124822044,2,20,Credit Card,5,5,0,1168.8758599715272,3,Thursday,9
3919,2023-05-02,1667,49,Fashion,625.63752462973,4,20,Credit Card,5,5,0,2002.0400788151362,5,Tuesday,18
3920,2023-10-04,1999,59,Electronics,762.926880083392,1,15,Debit Card,12,5,0,648.4878480708832,10,Wednesday,40
3921,2023-02-15,1379,49,Sports,728.4349304255984,1,15,Credit Card,7,5,0,619.1696908617586,2,Wednesday,7
3922,2023-10-21,1710,45,Books,695.1103882015822,3,5,Debit Card,5,5,0,1981.064606374509,10,Saturday,42
3923,2023-03-03,2493,65,Fashion,823.3244623163956,2,0,Credit Card,10,5,0,1646.6489246327912,3,Friday,9
3924,2023-03-27,1745,56,Fashion,649.233761765043,1,20,Credit Card,12,4,0,519.3870094120344,3,Monday,13
3925,2023-07-29,1674,57,Fashion,408.3943093144122,3,10,Net Banking,12,4,1,1102.6646351489132,7,Saturday,30
3926,2023-03-19,1115,59,Fashion,477.1900188154417,4,5,Digital Wallet,4,5,0,1813.3220714986785,3,Sunday,11
3927,2023-07-21,1604,64,Electronics,719.5575348546361,4,5,Credit Card,1,4,0,2734.318632447617,7,Friday,29
3928,2023-10-29,2065,57,Sports,877.542969370126,1,20,Digital Wallet,6,1,0,702.0343754961009,10,Sunday,43
3929,2023-08-11,1378,30,Home,279.49661283137794,2,5,Digital Wallet,14,5,0,531.043564379618,8,Friday,32
3930,2023-08-10,2229,29,Electronics,348.65602801136004,3,20,Net Banking,9,5,1,836.7744672272643,8,Thursday,32
3931,2023-01-03,1465,25,Sports,931.4320023987885,1,5,Digital Wallet,4,4,0,884.860402278849,1,Tuesday,1
3932,2023-01-06,1279,32,Home,582.7266744853509,3,0,Digital Wallet,10,5,0,1748.1800234560528,1,Friday,1
3933,2023-04-03,1617,43,Fashion,187.17219896365103,4,5,Credit Card,11,4,0,711.2543560618739,4,Monday,14
3934,2023-01-08,1117,29,Sports,667.0581875232589,3,5,Net Banking,4,5,0,1901.115834441288,1,Sunday,1
3935,2023-08-23,2260,60,Fashion,990.8545339839858,4,10,Digital Wallet,5,5,0,3567.0763223423487,8,Wednesday,34
3936,2023-04-18,1308,68,Sports,825.2190288256961,2,0,Credit Card,6,5,0,1650.4380576513922,4,Tuesday,16
3937,2023-06-10,2479,63,Books,748.2837251858887,2,0,Net Banking,3,5,0,1496.5674503717773,6,Saturday,23
3938,2023-07-28,2498,44,Fashion,215.96618772360654,4,0,Credit Card,9,1,0,863.8647508944262,7,Friday,30
3939,2023-08-28,1099,35,Fashion,877.3783868371671,1,5,Net Banking,1,3,0,833.5094674953087,8,Monday,35
3940,2023-11-27,1260,62,Fashion,530.530955100191,4,15,Net Banking,11,4,0,1803.8052473406494,11,Monday,48
3941,2023-11-29,1992,53,Electronics,890.3971218512361,3,5,Debit Card,6,5,0,2537.6317972760226,11,Wednesday,48
3942,2023-02-19,2328,66,Home,336.5295511306305,3,20,Debit Card,6,5,0,807.6709227135133,2,Sunday,7
3943,2023-01-11,2377,68,Fashion,71.43054210907843,3,10,Debit Card,8,3,0,192.86246369451177,1,Wednesday,2
3944,2023-12-17,1285,44,Fashion,481.21620897314864,1,0,Digital Wallet,5,3,0,481.21620897314864,12,Sunday,50
3945,2023-06-05,1327,26,Electronics,277.1392287696989,2,20,Credit Card,9,5,0,443.4227660315182,6,Monday,23
3946,2023-03-11,2126,56,Electronics,718.0769968785352,2,20,Net Banking,9,5,0,1148.9231950056562,3,Saturday,10
3947,2023-06-18,1062,18,Books,957.5354873274721,3,15,Credit Card,12,5,0,2441.715492685054,6,Sunday,24
3948,2023-09-29,1686,24,Sports,694.0644096400483,1,0,Digital Wallet,2,5,0,694.0644096400483,9,Friday,39
3949,2023-03-09,2305,43,Fashion,888.0645904121114,3,5,Debit Card,5,4,0,2530.9840826745176,3,Thursday,10
3950,2023-12-21,2464,24,Sports,458.4937734651943,2,0,Debit Card,12,3,0,916.9875469303886,12,Thursday,51
3951,2023-09-09,2316,69,Electronics,773.9243298233487,4,10,Credit Card,7,5,0,2786.127587364055,9,Saturday,36
3952,2023-02-17,1737,24,Electronics,844.6130023049864,3,0,Credit Card,2,3,0,2533.839006914959,2,Friday,7
3953,2023-07-03,2030,25,Books,713.766871307707,3,20,Net Banking,7,2,0,1713.040491138497,7,Monday,27
3954,2023-11-16,1638,33,Home,512.699513208869,3,20,Credit Card,9,4,0,1230.4788317012856,11,Thursday,46
3955,2023-07-06,1935,20,Electronics,629.6074485192144,2,5,Net Banking,8,4,0,1196.2541521865073,7,Thursday,27
3956,2023-03-31,2115,62,Fashion,703.5019257220915,1,5,Net Banking,10,4,0,668.326829435987,3,Friday,13
3957,2023-11-28,2213,27,Books,260.5535591892126,4,5,Debit Card,9,5,0,990.1035249190078,11,Tuesday,48
3958,2023-05-19,1475,67,Home,811.4834683058349,4,10,Credit Card,14,5,0,2921.3404859010056,5,Friday,20
3959,2023-12-23,2485,24,Books,950.8212935776006,4,0,Debit Card,4,3,0,3803.2851743104025,12,Saturday,51
3960,2023-03-30,1052,38,Electronics,470.58692202813666,3,15,Net Banking,8,5,1,1199.9966511717485,3,Thursday,13
3961,2023-10-01,1753,54,Home,704.0565112787785,2,0,Debit Card,9,1,0,1408.113022557557,10,Sunday,39
3962,2023-01-19,1485,48,Sports,739.6556467324505,4,5,Debit Card,10,3,0,2810.6914575833116,1,Thursday,3
3963,2023-11-07,2387,40,Home,665.6250720462655,3,10,Net Banking,12,5,0,1797.1876945249169,11,Tuesday,45
3964,2023-12-24,2135,44,Fashion,551.6439572453492,1,0,Digital Wallet,2,5,0,551.6439572453492,12,Sunday,51
3965,2023-06-03,1408,39,Sports,882.8314750290625,3,20,Digital Wallet,10,5,0,2118.79554006975,6,Saturday,22
3966,2023-09-17,2030,56,Sports,454.4374421762055,4,0,Credit Card,3,3,1,1817.749768704822,9,Sunday,37
3967,2023-04-18,1667,44,Fashion,70.49192692173754,4,20,Debit Card,1,4,0,225.57416614956014,4,Tuesday,16
3968,2023-10-12,2220,66,Sports,846.1108119550387,1,0,Credit Card,1,5,0,846.1108119550387,10,Thursday,41
3969,2023-02-28,1834,21,Electronics,677.2414595933852,2,0,Debit Card,10,3,1,1354.4829191867705,2,Tuesday,9
3970,2023-05-05,1875,41,Home,850.7660402346501,1,0,Credit Card,6,5,1,850.7660402346501,5,Friday,18
3971,2023-12-20,1366,40,Home,147.16196802024737,1,5,Credit Card,1,1,0,139.803869619235,12,Wednesday,51
3972,2023-09-30,2001,65,Fashion,40.44541110461917,4,20,Net Banking,5,5,0,129.42531553478133,9,Saturday,39
3973,2023-04-17,1249,36,Electronics,935.0307949786763,4,10,Digital Wallet,14,4,0,3366.110861923235,4,Monday,16
3974,2023-10-26,2263,59,Sports,156.25102279206854,2,15,Digital Wallet,14,4,0,265.62673874651654,10,Thursday,43
3975,2023-09-02,1379,20,Home,811.5558087497474,4,20,Digital Wallet,6,5,0,2596.978587999192,9,Saturday,35
3976,2023-12-02,1871,44,Home,824.9778427588294,1,5,Net Banking,9,2,0,783.7289506208879,12,Saturday,48
3977,2023-09-04,1834,20,Home,711.6181485435129,1,20,Digital Wallet,6,4,0,569.2945188348103,9,Monday,36
3978,2023-01-08,2494,45,Home,139.94958898194224,2,10,Net Banking,14,4,0,251.90926016749603,1,Sunday,1
3979,2023-05-21,1774,34,Books,670.7246383151995,4,20,Debit Card,4,3,0,2146.3188426086385,5,Sunday,20
3980,2023-12-28,1918,48,Fashion,890.1957174935969,4,5,Net Banking,1,2,0,3382.743726475668,12,Thursday,52
3981,2023-01-08,1454,27,Sports,431.27632835287443,1,5,Credit Card,6,3,0,409.7125119352307,1,Sunday,1
3982,2023-12-18,1365,66,Sports,419.38168583481286,1,15,Credit Card,7,4,0,356.4744329595909,12,Monday,51
3983,2023-04-04,2313,39,Fashion,448.4297264836249,4,10,Debit Card,5,5,0,1614.3470153410497,4,Tuesday,14
3984,2023-11-17,1402,47,Electronics,91.44917176944438,3,15,Debit Card,6,4,0,233.19538801208316,11,Friday,46
3985,2023-02-08,1057,66,Fashion,893.1053133396737,1,0,Credit Card,10,5,0,893.1053133396737,2,Wednesday,6
3986,2023-03-22,1520,38,Home,870.4910353407053,1,5,Digital Wallet,8,5,0,826.96648357367,3,Wednesday,12
3987,2023-07-06,2327,53,Home,997.9302285723834,1,15,Digital Wallet,1,5,0,848.2406942865258,7,Thursday,27
3988,2023-03-25,2138,40,Fashion,589.3313100834293,2,5,Digital Wallet,8,5,0,1119.7294891585157,3,Saturday,12
3989,2023-03-29,1209,55,Fashion,753.679720086872,4,5,Debit Card,12,4,0,2863.9829363301133,3,Wednesday,13
3990,2023-08-30,2064,29,Sports,210.64518724423164,4,0,Credit Card,13,4,0,842.5807489769265,8,Wednesday,35
3991,2023-12-08,1815,42,Sports,670.8535300419278,4,5,Net Banking,11,2,0,2549.2434141593253,12,Friday,49
3992,2023-04-03,1172,37,Books,653.2355202698168,1,15,Debit Card,2,5,0,555.2501922293443,4,Monday,14
3993,2023-03-27,1233,66,Books,902.1966484831963,4,10,Credit Card,2,5,0,3247.9079345395066,3,Monday,13
3994,2023-02-13,1792,66,Home,832.4847956106834,4,20,Digital Wallet,8,5,0,2663.9513459541868,2,Monday,7
3995,2023-05-17,1792,59,Books,939.0817979915855,4,15,Digital Wallet,2,4,0,3192.878113171391,5,Wednesday,20
3996,2023-03-15,2426,24,Books,870.1451379745914,2,0,Digital Wallet,8,5,1,1740.2902759491828,3,Wednesday,11
3997,2023-02-05,2062,46,Electronics,870.0069559498635,2,20,Credit Card,5,4,0,1392.0111295197817,2,Sunday,5
3998,2023-04-11,1118,65,Fashion,73.0860934218311,1,5,Digital Wallet,9,4,0,69.43178875073954,4,Tuesday,15
3999,2023-06-05,1334,46,Sports,847.5023331689963,4,15,Credit Card,9,4,0,2881.5079327745875,6,Monday,23
4000,2023-09-12,2359,30,Books,611.4036105580869,1,20,Debit Card,14,5,0,489.1228884464696,9,Tuesday,37
4001,2023-06-20,2097,20,Sports,386.6400072483016,1,15,Net Banking,8,5,0,328.6440061610563,6,Tuesday,25
4002,2023-08-04,2214,19,Books,65.9494781441817,1,5,Digital Wallet,14,1,0,62.65200423697261,8,Friday,31
4003,2023-06-19,1323,33,Books,680.8970370203663,1,15,Debit Card,9,4,0,578.7624814673113,6,Monday,25
4004,2023-09-09,2010,47,Home,334.9197330322413,1,0,Debit Card,7,4,0,334.9197330322413,9,Saturday,36
4005,2023-12-26,2170,55,Electronics,473.0985023361744,1,20,Credit Card,8,5,1,378.47880186893957,12,Tuesday,52
4006,2023-11-18,1283,23,Fashion,684.9111526845829,2,20,Debit Card,6,5,0,1095.8578442953328,11,Saturday,46
4007,2023-02-24,1212,62,Fashion,912.6568015539015,3,20,Credit Card,9,4,0,2190.376323729364,2,Friday,8
4008,2023-04-01,1928,24,Home,827.1825464489484,2,15,Credit Card,2,5,0,1406.2103289632123,4,Saturday,13
4009,2023-10-05,1751,22,Home,456.09115781256384,1,5,Debit Card,3,5,0,433.28659992193565,10,Thursday,40
4010,2023-04-11,2417,24,Fashion,393.9053258719151,3,15,Credit Card,2,5,0,1004.4585809733836,4,Tuesday,15
4011,2023-06-04,1338,51,Fashion,247.38194145560698,3,15,Credit Card,6,4,0,630.8239507117978,6,Sunday,22
4012,2023-12-15,2045,49,Electronics,378.70248366420856,4,20,Credit Card,3,4,0,1211.8479477254675,12,Friday,50
4013,2023-12-30,1104,66,Books,119.93592341897933,1,5,Debit Card,11,4,0,113.93912724803036,12,Saturday,52
4014,2023-05-21,2489,30,Electronics,971.394453281107,1,10,Net Banking,1,4,0,874.2550079529963,5,Sunday,20
4015,2023-06-22,2482,47,Fashion,578.1782695199831,2,5,Credit Card,4,5,1,1098.538712087968,6,Thursday,25
4016,2023-01-10,2455,42,Books,136.52778436726078,3,15,Digital Wallet,5,4,0,348.145850136515,1,Tuesday,2
4017,2023-08-16,1769,38,Fashion,359.2779491732467,3,0,Debit Card,12,5,1,1077.8338475197402,8,Wednesday,33
4018,2023-09-22,1715,38,Electronics,551.5687521844494,1,5,Debit Card,11,5,0,523.9903145752269,9,Friday,38
4019,2023-09-05,1762,45,Electronics,537.556780274461,4,20,Credit Card,4,4,0,1720.181696878275,9,Tuesday,36
4020,2023-09-04,2244,65,Electronics,45.14833503144603,1,0,Debit Card,6,5,0,45.14833503144603,9,Monday,36
4021,2023-06-04,1378,37,Books,951.3326238868202,3,10,Digital Wallet,3,3,0,2568.5980844944147,6,Sunday,22
4022,2023-02-03,2245,51,Sports,282.6219246601952,4,10,Net Banking,10,3,0,1017.4389287767027,2,Friday,5
4023,2023-05-09,2281,22,Sports,26.022822242572275,4,0,Debit Card,6,5,0,104.0912889702891,5,Tuesday,19
4024,2023-06-09,1712,35,Fashion,85.67956886077965,3,10,Debit Card,10,5,0,231.33483592410505,6,Friday,23
4025,2023-03-30,2390,56,Books,584.3929542154972,1,0,Debit Card,14,4,0,584.3929542154972,3,Thursday,13
4026,2023-04-03,2372,60,Home,146.4076654683459,1,15,Credit Card,1,5,0,124.446515648094,4,Monday,14
4027,2023-11-23,1224,28,Sports,51.30754492496825,1,0,Digital Wallet,6,1,0,51.30754492496825,11,Thursday,47
4028,2023-08-29,1737,34,Books,385.8302017485843,2,15,Net Banking,13,4,0,655.9113429725933,8,Tuesday,35
4029,2023-11-19,1235,65,Books,626.5335804167867,2,20,Digital Wallet,8,1,0,1002.4537286668588,11,Sunday,46
4030,2023-04-27,1182,62,Sports,120.72140679319625,4,20,Digital Wallet,10,3,0,386.308501738228,4,Thursday,17
4031,2023-04-04,1711,39,Books,320.1945538298024,1,10,Debit Card,14,3,0,288.1750984468221,4,Tuesday,14
4032,2023-06-12,1443,54,Books,423.5830649082968,2,0,Net Banking,13,5,0,847.1661298165936,6,Monday,24
4033,2023-04-09,1622,37,Sports,167.8654968088995,4,15,Digital Wallet,8,5,0,570.7426891502583,4,Sunday,14
4034,2023-04-23,2029,65,Electronics,511.013159482043,3,20,Net Banking,1,5,0,1226.4315827569033,4,Sunday,16
4035,2023-12-25,2259,65,Fashion,94.3619460327532,3,20,Credit Card,14,5,0,226.4686704786077,12,Monday,52
4036,2023-04-01,2150,65,Home,56.05331138161797,1,20,Debit Card,13,5,1,44.842649105294385,4,Saturday,13
4037,2023-12-12,2127,63,Fashion,524.6370134835835,3,10,Credit Card,7,5,0,1416.5199364056755,12,Tuesday,50
4038,2023-07-25,1748,23,Electronics,255.41800302336688,3,20,Net Banking,14,4,0,613.0032072560806,7,Tuesday,30
4039,2023-01-17,1154,51,Electronics,104.42006981904724,3,5,Debit Card,10,5,0,297.59719898428466,1,Tuesday,3
4040,2023-10-01,1256,31,Books,429.67346161275594,4,10,Credit Card,10,5,0,1546.8244618059214,10,Sunday,39
4041,2023-06-22,1234,65,Fashion,915.9893321222207,3,0,Debit Card,12,1,1,2747.967996366662,6,Thursday,25
4042,2023-04-26,1499,40,Electronics,726.9505221876134,3,5,Credit Card,4,4,0,2071.808988234698,4,Wednesday,17
4043,2023-12-15,1288,37,Fashion,817.4597561935573,4,10,Digital Wallet,14,4,1,2942.8551222968063,12,Friday,50
4044,2023-06-30,1509,30,Electronics,873.1948488710501,2,10,Debit Card,12,4,0,1571.7507279678903,6,Friday,26
4045,2023-04-01,1708,64,Home,972.9014639824547,4,15,Net Banking,6,5,0,3307.864977540346,4,Saturday,13
4046,2023-03-23,1784,61,Electronics,765.6141077790313,2,5,Debit Card,6,5,0,1454.6668047801595,3,Thursday,12
4047,2023-11-20,1893,58,Fashion,612.3238427200848,4,5,Net Banking,5,1,0,2326.830602336322,11,Monday,47
4048,2023-04-24,1775,49,Books,371.77162149922475,1,5,Credit Card,10,4,0,353.1830404242635,4,Monday,17
4049,2023-09-14,1297,43,Fashion,189.82680419213892,3,20,Credit Card,9,5,1,455.5843300611334,9,Thursday,37
4050,2023-02-27,1136,67,Sports,689.7932752434614,2,20,Net Banking,11,5,0,1103.6692403895383,2,Monday,9
4051,2023-06-03,1375,31,Fashion,995.0004862607225,4,0,Credit Card,10,5,0,3980.00194504289,6,Saturday,22
4052,2023-12-31,1086,69,Home,472.6850977727299,2,0,Debit Card,8,4,0,945.3701955454598,12,Sunday,52
4053,2023-04-26,2442,53,Home,726.4425744118796,2,0,Credit Card,12,1,0,1452.8851488237592,4,Wednesday,17
4054,2023-12-09,2222,25,Home,500.1415254932246,3,20,Net Banking,6,4,0,1200.339661183739,12,Saturday,49
4055,2023-09-23,2486,57,Electronics,437.61408912984183,2,15,Net Banking,4,3,0,743.943951520731,9,Saturday,38
4056,2023-11-11,1436,39,Home,416.20255742431596,4,0,Digital Wallet,13,4,0,1664.8102296972638,11,Saturday,45
4057,2023-07-22,2333,39,Fashion,509.57843610238064,1,10,Net Banking,4,4,0,458.6205924921426,7,Saturday,29
4058,2023-02-10,2304,33,Books,373.2267052467213,1,20,Credit Card,13,5,0,298.581364197377,2,Friday,6
4059,2023-04-15,2346,44,Home,751.2855886035898,3,15,Net Banking,9,4,0,1915.778250939154,4,Saturday,15
4060,2023-07-12,1763,27,Fashion,875.5293063256014,4,10,Credit Card,14,5,1,3151.905502772165,7,Wednesday,28
4061,2023-10-05,1701,42,Electronics,884.0564535787323,4,10,Credit Card,12,4,0,3182.6032328834362,10,Thursday,40
4062,2023-12-20,1941,48,Electronics,235.42172629156767,1,20,Digital Wallet,13,3,0,188.33738103325413,12,Wednesday,51
4063,2023-08-25,1151,38,Books,896.9500473441759,4,5,Credit Card,4,3,0,3408.4101799078685,8,Friday,34
4064,2023-08-09,2325,44,Books,348.135719536554,2,15,Net Banking,13,5,0,591.8307232121418,8,Wednesday,32
4065,2023-03-09,2301,34,Fashion,316.21458883044465,3,20,Net Banking,7,4,1,758.9150131930672,3,Thursday,10
4066,2023-07-16,2031,50,Books,729.4884968242535,1,5,Net Banking,14,4,0,693.0140719830408,7,Sunday,28
4067,2023-09-13,1806,48,Books,311.64937668542655,3,20,Credit Card,6,2,0,747.9585040450238,9,Wednesday,37
4068,2023-05-19,1234,67,Electronics,62.43674155361301,2,20,Net Banking,2,5,1,99.89878648578082,5,Friday,20
4069,2023-11-08,1674,59,Fashion,379.8815945872049,1,10,Debit Card,5,5,1,341.89343512848444,11,Wednesday,45
4070,2023-05-29,1560,43,Books,724.2509443547655,4,20,Debit Card,3,4,1,2317.6030219352497,5,Monday,22
4071,2023-04-09,2325,38,Fashion,333.68883606747477,4,5,Net Banking,9,5,0,1268.017577056404,4,Sunday,14
4072,2023-03-17,1037,53,Home,633.263465435195,2,10,Credit Card,10,4,0,1139.8742377833512,3,Friday,11
4073,2023-10-09,2159,18,Electronics,663.5182498204991,1,5,Net Banking,1,2,0,630.3423373294742,10,Monday,41
4074,2023-04-19,1821,21,Electronics,736.3986516090926,3,5,Debit Card,10,5,1,2098.7361570859134,4,Wednesday,16
4075,2023-07-07,1420,21,Electronics,898.1591616478271,1,10,Credit Card,4,5,0,808.3432454830444,7,Friday,27
4076,2023-07-18,2242,43,Sports,438.23885427574714,4,5,Net Banking,13,5,0,1665.307646247839,7,Tuesday,29
4077,2023-10-30,1347,21,Fashion,174.7677558958325,1,0,Credit Card,4,4,0,174.7677558958325,10,Monday,44
4078,2023-11-23,2102,66,Home,325.73645827757053,1,20,Net Banking,9,4,0,260.58916662205644,11,Thursday,47
4079,2023-06-03,1747,26,Books,437.84558262224607,4,10,Digital Wallet,14,5,0,1576.2440974400859,6,Saturday,22
4080,2023-02-09,1272,47,Home,716.752554634832,4,10,Credit Card,1,4,0,2580.3091966853954,2,Thursday,6
4081,2023-05-13,2184,68,Fashion,22.990904306017168,3,0,Debit Card,2,5,0,68.9727129180515,5,Saturday,19
4082,2023-05-12,1307,62,Electronics,322.62752960548016,1,0,Debit Card,1,5,0,322.62752960548016,5,Friday,19
4083,2023-10-06,2397,21,Sports,782.0441552091237,4,0,Debit Card,13,5,0,3128.1766208364947,10,Friday,40
4084,2023-12-28,1975,22,Fashion,674.1491262973884,2,0,Debit Card,1,3,0,1348.2982525947768,12,Thursday,52
4085,2023-03-25,1732,62,Fashion,734.4225738497491,4,15,Net Banking,12,1,0,2497.036751089147,3,Saturday,12
4086,2023-08-30,2032,40,Books,813.6926617448028,3,10,Net Banking,14,4,0,2196.970186710968,8,Wednesday,35
4087,2023-04-26,1443,33,Home,785.4033616891827,3,5,Credit Card,13,5,0,2238.3995808141703,4,Wednesday,17
4088,2023-04-19,2136,39,Home,685.3613344912503,2,10,Digital Wallet,1,3,0,1233.6504020842506,4,Wednesday,16
4089,2023-08-09,2228,54,Books,445.26491704688465,3,10,Digital Wallet,3,5,1,1202.2152760265885,8,Wednesday,32
4090,2023-02-10,1404,25,Sports,983.7623455893723,1,10,Credit Card,11,5,0,885.3861110304351,2,Friday,6
4091,2023-05-27,1852,65,Electronics,573.382463634173,3,0,Debit Card,14,4,0,1720.147390902519,5,Saturday,21
4092,2023-04-22,2220,50,Electronics,210.74151727515073,2,0,Digital Wallet,4,5,0,421.48303455030145,4,Saturday,16
4093,2023-04-13,1777,55,Sports,299.8847265537365,3,15,Digital Wallet,10,5,0,764.7060527120282,4,Thursday,15
4094,2023-02-15,1114,60,Books,696.6268314107652,2,10,Credit Card,2,5,0,1253.9282965393775,2,Wednesday,7
4095,2023-11-20,2144,33,Fashion,925.492169547469,3,20,Debit Card,14,4,0,2221.1812069139255,11,Monday,47
4096,2023-09-28,1064,22,Home,186.93292791383854,4,15,Net Banking,1,5,0,635.571954907051,9,Thursday,39
4097,2023-07-14,2299,33,Fashion,91.52303078832848,2,0,Net Banking,5,4,0,183.04606157665697,7,Friday,28
4098,2023-10-07,1824,24,Home,882.715737561586,3,10,Digital Wallet,6,5,0,2383.332491416282,10,Saturday,40
4099,2023-10-10,1238,68,Fashion,916.125199123706,1,0,Net Banking,2,3,0,916.125199123706,10,Tuesday,41
4100,2023-02-09,1301,18,Books,283.61555186274046,2,5,Credit Card,3,4,0,538.8695485392069,2,Thursday,6
4101,2023-07-08,2415,26,Books,383.51286712752744,2,0,Digital Wallet,10,1,0,767.0257342550549,7,Saturday,27
4102,2023-06-13,1968,35,Sports,663.5861175228798,3,0,Digital Wallet,3,4,0,1990.7583525686396,6,Tuesday,24
4103,2023-01-24,1368,62,Fashion,336.6307206340501,4,15,Debit Card,2,2,0,1144.5444501557702,1,Tuesday,4
4104,2023-01-24,1232,64,Fashion,878.3871211873524,4,5,Net Banking,4,5,0,3337.871060511939,1,Tuesday,4
4105,2023-01-04,1194,20,Sports,116.5029156867241,3,20,Debit Card,14,5,0,279.6069976481378,1,Wednesday,1
4106,2023-11-19,1906,41,Sports,47.60239875059326,3,20,Digital Wallet,5,5,0,114.24575700142383,11,Sunday,46
4107,2023-10-17,2035,45,Books,216.4013446753616,1,20,Net Banking,8,4,0,173.12107574028929,10,Tuesday,42
4108,2023-06-30,1920,27,Books,293.2269004229193,3,10,Debit Card,6,5,0,791.7126311418822,6,Friday,26
4109,2023-09-05,1688,26,Fashion,121.7973253759863,2,20,Net Banking,9,5,0,194.8757206015781,9,Tuesday,36
4110,2023-04-26,1176,30,Books,75.03352504724026,3,10,Digital Wallet,3,4,1,202.5905176275487,4,Wednesday,17
4111,2023-10-06,1216,65,Books,758.0516363667803,1,0,Digital Wallet,10,4,0,758.0516363667803,10,Friday,40
4112,2023-12-31,2034,52,Fashion,172.6338002432348,3,20,Digital Wallet,9,5,0,414.32112058376356,12,Sunday,52
4113,2023-03-10,2469,40,Sports,914.7829770756409,3,15,Credit Card,11,1,1,2332.6965915428846,3,Friday,10
4114,2023-12-17,1629,64,Fashion,374.3196648336151,2,5,Debit Card,14,5,0,711.2073631838687,12,Sunday,50
4115,2023-09-11,1163,34,Electronics,673.899751624132,4,5,Debit Card,11,4,1,2560.8190561717015,9,Monday,37
4116,2023-06-30,1052,63,Fashion,233.14809362111222,3,0,Digital Wallet,4,4,0,699.4442808633366,6,Friday,26
4117,2023-11-14,1217,24,Electronics,247.91954080694816,1,5,Debit Card,8,5,0,235.52356376660074,11,Tuesday,46
4118,2023-06-18,1998,69,Fashion,578.9621108388995,3,5,Digital Wallet,10,4,0,1650.0420158908635,6,Sunday,24
4119,2023-11-09,1823,33,Electronics,565.0364958945263,3,0,Debit Card,7,4,0,1695.109487683579,11,Thursday,45
4120,2023-09-06,2383,57,Electronics,771.0419357319605,2,0,Net Banking,14,3,0,1542.083871463921,9,Wednesday,36
4121,2023-07-07,1384,53,Fashion,760.2351726373233,4,0,Debit Card,7,5,0,3040.9406905492933,7,Friday,27
4122,2023-02-23,1055,37,Books,673.9808870170244,4,15,Digital Wallet,9,1,0,2291.535015857883,2,Thursday,8
4123,2023-11-22,1117,41,Home,454.63926023455605,4,0,Debit Card,10,5,0,1818.5570409382242,11,Wednesday,47
4124,2023-12-23,1899,64,Books,891.7339824178109,3,0,Net Banking,14,4,0,2675.201947253433,12,Saturday,51
4125,2023-11-09,2276,22,Electronics,626.3527053190858,2,0,Net Banking,2,5,0,1252.7054106381715,11,Thursday,45
4126,2023-05-18,1797,62,Fashion,990.2965055577337,2,20,Net Banking,5,4,0,1584.474408892374,5,Thursday,20
4127,2023-06-17,1779,23,Fashion,821.176119755015,3,20,Digital Wallet,3,3,0,1970.822687412036,6,Saturday,24
4128,2023-04-13,2015,45,Fashion,53.866713125942965,2,15,Credit Card,7,5,1,91.57341231410304,4,Thursday,15
4129,2023-03-26,1802,22,Fashion,327.38796800951457,4,15,Digital Wallet,3,4,1,1113.1190912323495,3,Sunday,12
4130,2023-11-13,1844,66,Home,576.1569593062421,2,5,Net Banking,5,5,0,1094.69822268186,11,Monday,46
4131,2023-07-31,2203,56,Sports,724.2548424927722,3,20,Debit Card,5,4,0,1738.2116219826535,7,Monday,31
4132,2023-01-03,2438,55,Electronics,554.8331327843221,3,15,Net Banking,2,5,0,1414.8244886000211,1,Tuesday,1
4133,2023-06-28,2258,19,Home,788.26911823756,1,15,Credit Card,11,5,0,670.028750501926,6,Wednesday,26
4134,2023-12-08,1854,60,Books,289.82909622977115,1,5,Credit Card,1,5,0,275.3376414182826,12,Friday,49
4135,2023-10-30,1707,56,Sports,192.0729307204968,2,0,Net Banking,12,5,0,384.1458614409936,10,Monday,44
4136,2023-11-28,2103,38,Sports,63.3775169518724,2,10,Digital Wallet,6,4,0,114.07953051337033,11,Tuesday,48
4137,2023-02-07,1021,57,Fashion,577.5806071258069,3,5,Credit Card,13,5,0,1646.1047303085495,2,Tuesday,6
4138,2023-08-27,1842,54,Home,691.7135254687403,1,10,Net Banking,1,3,0,622.5421729218663,8,Sunday,34
4139,2023-06-18,2463,35,Books,332.88821994816794,1,5,Digital Wallet,9,4,0,316.24380895075956,6,Sunday,24
4140,2023-12-09,2116,65,Fashion,617.4483430073178,4,5,Debit Card,10,3,0,2346.3037034278077,12,Saturday,49
4141,2023-11-10,1191,63,Fashion,61.635658544795945,4,0,Digital Wallet,5,5,0,246.54263417918378,11,Friday,45
4142,2023-11-02,2018,29,Electronics,108.30041283383561,3,15,Credit Card,1,5,0,276.1660527262808,11,Thursday,44
4143,2023-01-30,2126,34,Sports,704.7372245359134,3,20,Digital Wallet,12,4,0,1691.369338886192,1,Monday,5
4144,2023-07-09,1395,54,Books,374.38900816512574,3,5,Digital Wallet,8,5,0,1067.0086732706084,7,Sunday,27
4145,2023-12-23,2030,63,Sports,674.6206907919756,3,0,Debit Card,1,5,0,2023.8620723759268,12,Saturday,51
4146,2023-01-25,1639,55,Home,833.4039090771189,1,10,Net Banking,4,5,0,750.0635181694071,1,Wednesday,4
4147,2023-04-22,2018,32,Electronics,854.0962131013557,3,15,Digital Wallet,7,4,0,2177.945343408457,4,Saturday,16
4148,2023-07-25,1566,24,Fashion,180.44596900980645,3,5,Debit Card,4,4,0,514.2710116779483,7,Tuesday,30
4149,2023-07-04,1230,31,Electronics,491.42271662783304,1,10,Credit Card,12,4,0,442.28044496504975,7,Tuesday,27
4150,2023-02-16,1873,67,Fashion,736.5874563961615,4,5,Net Banking,5,4,0,2799.0323343054138,2,Thursday,7
4151,2023-08-16,1573,18,Electronics,776.2407903042413,3,20,Credit Card,7,4,0,1862.977896730179,8,Wednesday,33
4152,2023-02-08,1239,55,Fashion,786.8292209215888,4,20,Net Banking,4,4,0,2517.8535069490845,2,Wednesday,6
4153,2023-01-16,1089,20,Sports,235.8856610367786,1,15,Digital Wallet,5,5,0,200.5028118812618,1,Monday,3
4154,2023-01-22,1231,54,Sports,200.60946954653562,4,10,Digital Wallet,7,5,0,722.1940903675282,1,Sunday,3
4155,2023-08-01,1456,61,Sports,594.112343590959,1,20,Net Banking,1,5,0,475.2898748727672,8,Tuesday,31
4156,2023-11-06,1232,48,Sports,743.6749397608374,3,0,Credit Card,12,5,0,2231.0248192825125,11,Monday,45
4157,2023-05-29,1353,60,Electronics,325.94812037885134,4,15,Credit Card,3,5,0,1108.2236092880946,5,Monday,22
4158,2023-08-29,2004,30,Fashion,113.65810529379733,3,5,Credit Card,1,3,0,323.9256000873224,8,Tuesday,35
4159,2023-09-29,2356,65,Sports,719.5789190809768,2,10,Digital Wallet,14,5,0,1295.2420543457583,9,Friday,39
4160,2023-02-28,1438,35,Electronics,306.70085306620444,2,10,Net Banking,3,1,0,552.061535519168,2,Tuesday,9
4161,2023-10-14,2398,34,Fashion,174.6990970686046,4,0,Net Banking,11,3,0,698.7963882744184,10,Saturday,41
4162,2023-07-21,2315,34,Electronics,156.24629311316033,1,20,Credit Card,2,1,0,124.99703449052828,7,Friday,29
4163,2023-02-01,1344,28,Sports,321.76045205144914,4,10,Digital Wallet,5,3,0,1158.3376273852168,2,Wednesday,5
4164,2023-06-11,1663,37,Home,596.7512852546081,1,0,Net Banking,10,5,0,596.7512852546081,6,Sunday,23
4165,2023-09-12,2451,27,Electronics,364.8182163068784,2,0,Net Banking,5,5,0,729.6364326137568,9,Tuesday,37
4166,2023-09-11,1656,46,Sports,30.455233077497276,1,5,Credit Card,10,4,0,28.93247142362241,9,Monday,37
4167,2023-01-09,1129,65,Books,105.93935033103295,2,0,Credit Card,9,3,0,211.8787006620659,1,Monday,2
4168,2023-05-19,1140,51,Fashion,297.5982147266329,4,15,Net Banking,8,4,0,1011.8339300705518,5,Friday,20
4169,2023-01-10,1414,34,Sports,663.1074373256209,3,10,Digital Wallet,3,5,0,1790.3900807791765,1,Tuesday,2
4170,2023-08-02,2116,69,Books,107.5299227338485,3,15,Debit Card,1,4,0,274.2013029713137,8,Wednesday,31
4171,2023-09-30,1625,59,Electronics,565.050284965675,3,0,Net Banking,5,5,0,1695.150854897025,9,Saturday,39
4172,2023-11-20,1283,30,Electronics,128.68701211576422,1,0,Net Banking,11,3,0,128.68701211576422,11,Monday,47
4173,2023-02-17,1222,61,Books,219.49917407588768,3,15,Digital Wallet,3,5,0,559.7228938935135,2,Friday,7
4174,2023-04-21,1743,64,Books,180.46664228020512,1,5,Net Banking,5,1,0,171.44331016619486,4,Friday,16
4175,2023-06-02,1462,56,Fashion,76.55634921510239,3,0,Debit Card,9,4,0,229.66904764530716,6,Friday,22
4176,2023-05-03,2299,44,Electronics,674.6165192127244,1,15,Digital Wallet,11,4,1,573.4240413308157,5,Wednesday,18
4177,2023-12-23,2163,43,Books,468.76951191217415,1,15,Debit Card,14,5,0,398.454085125348,12,Saturday,51
4178,2023-04-12,1356,45,Home,832.7429064883648,2,10,Debit Card,1,2,0,1498.9372316790568,4,Wednesday,15
4179,2023-08-29,2046,30,Home,107.90193158249379,2,5,Net Banking,1,5,0,205.01367000673818,8,Tuesday,35
4180,2023-11-17,2293,29,Books,153.28560400469152,4,20,Debit Card,9,3,0,490.5139328150129,11,Friday,46
4181,2023-07-10,1858,61,Fashion,313.3931540369461,2,15,Net Banking,3,5,0,532.7683618628083,7,Monday,28
4182,2023-08-05,1664,45,Electronics,768.2073270694201,1,10,Net Banking,12,1,0,691.3865943624781,8,Saturday,31
4183,2023-02-20,2356,19,Home,312.70123492414183,2,20,Digital Wallet,10,4,0,500.321975878627,2,Monday,8
4184,2023-10-19,2014,54,Books,414.33452042370567,2,10,Digital Wallet,5,3,0,745.8021367626702,10,Thursday,42
4185,2023-03-22,1084,51,Books,308.5875306341929,2,10,Digital Wallet,9,5,0,555.4575551415472,3,Wednesday,12
4186,2023-03-29,1620,40,Sports,89.42204888301967,1,5,Net Banking,11,1,0,84.95094643886868,3,Wednesday,13
4187,2023-07-13,2054,69,Books,940.0392866672255,1,0,Debit Card,5,4,0,940.0392866672255,7,Thursday,28
4188,2023-04-14,1239,62,Fashion,553.053602150477,4,5,Debit Card,12,4,0,2101.6036881718123,4,Friday,15
4189,2023-09-28,1362,46,Home,789.9548563036418,2,20,Digital Wallet,14,5,0,1263.927770085827,9,Thursday,39
4190,2023-04-06,1821,52,Sports,661.7735212634431,2,5,Digital Wallet,12,2,0,1257.3696904005417,4,Thursday,14
4191,2023-07-17,2412,28,Home,519.1117362713553,1,0,Net Banking,3,5,0,519.1117362713553,7,Monday,29
4192,2023-01-01,1667,65,Home,98.78147409278631,4,5,Credit Card,9,4,0,375.36960155258794,1,Sunday,52
4193,2023-06-16,2322,50,Fashion,646.3062098176013,4,5,Credit Card,12,4,0,2455.963597306885,6,Friday,24
4194,2023-05-06,2394,68,Books,163.8166523774638,1,5,Net Banking,7,4,0,155.6258197585906,5,Saturday,18
4195,2023-11-09,1098,28,Fashion,420.23933766271387,2,15,Credit Card,12,4,0,714.4068740266135,11,Thursday,45
4196,2023-03-22,1046,26,Books,632.822012045626,4,15,Credit Card,12,4,0,2151.5948409551283,3,Wednesday,12
4197,2023-09-08,1838,31,Sports,784.4067104674021,4,5,Credit Card,7,4,0,2980.745499776128,9,Friday,36
4198,2023-06-18,1421,26,Fashion,688.1947239515333,2,0,Digital Wallet,14,3,0,1376.3894479030666,6,Sunday,24
4199,2023-03-14,1061,56,Fashion,674.8181937640825,4,0,Debit Card,8,5,1,2699.27277505633,3,Tuesday,11
4200,2023-05-21,2132,65,Electronics,157.55178708345542,2,0,Debit Card,11,3,1,315.10357416691085,5,Sunday,20
4201,2023-03-11,2142,20,Fashion,352.667254670872,4,0,Digital Wallet,5,3,0,1410.669018683488,3,Saturday,10
4202,2023-09-19,2009,46,Electronics,52.48314993359221,4,10,Digital Wallet,2,5,0,188.93933976093194,9,Tuesday,38
4203,2023-12-06,1597,36,Books,722.2821242447,1,5,Digital Wallet,11,4,0,686.1680180324649,12,Wednesday,49
4204,2023-11-04,2405,53,Books,953.0601215042449,4,5,Credit Card,9,4,0,3621.6284617161305,11,Saturday,44
4205,2023-09-02,1391,49,Books,271.46928627728505,2,10,Net Banking,3,5,0,488.6447152991131,9,Saturday,35
4206,2023-01-03,1976,24,Electronics,96.81974207068622,4,0,Net Banking,11,4,0,387.27896828274487,1,Tuesday,1
4207,2023-12-03,2075,45,Books,480.81437598611706,1,20,Credit Card,14,4,0,384.65150078889366,12,Sunday,48
4208,2023-03-04,1602,61,Home,858.1312408962931,4,20,Credit Card,2,4,1,2746.019970868138,3,Saturday,9
4209,2023-02-18,2312,35,Fashion,556.4544533190619,3,10,Digital Wallet,10,4,0,1502.4270239614673,2,Saturday,7
4210,2023-03-17,1336,22,Electronics,56.30937868821217,2,20,Digital Wallet,10,5,0,90.09500590113947,3,Friday,11
4211,2023-06-24,1809,40,Books,974.5295181226666,3,15,Debit Card,5,4,1,2485.0502712127995,6,Saturday,25
4212,2023-04-19,2227,39,Home,830.3634108629747,1,5,Digital Wallet,8,5,0,788.8452403198258,4,Wednesday,16
4213,2023-07-02,2261,43,Fashion,140.27813628099506,3,20,Credit Card,3,5,0,336.66752707438815,7,Sunday,26
4214,2023-07-11,2405,59,Fashion,922.5797789384739,4,15,Debit Card,6,5,0,3136.771248390811,7,Tuesday,28
4215,2023-03-06,1751,29,Books,456.1814057191367,2,5,Digital Wallet,9,5,0,866.7446708663597,3,Monday,10
4216,2023-12-03,2159,57,Home,378.1790106691918,3,15,Debit Card,2,1,0,964.3564772064391,12,Sunday,48
4217,2023-09-28,2430,36,Electronics,466.44279722191635,4,5,Debit Card,8,4,0,1772.4826294432821,9,Thursday,39
4218,2023-04-10,2385,64,Books,836.2262373022378,3,5,Digital Wallet,10,5,0,2383.244776311378,4,Monday,15
4219,2023-02-01,2404,18,Fashion,662.8848815039179,4,20,Net Banking,7,5,1,2121.231620812537,2,Wednesday,5
4220,2023-12-18,1880,20,Fashion,68.65596787573025,4,10,Credit Card,3,3,0,247.16148435262892,12,Monday,51
4221,2023-05-08,1634,44,Fashion,958.0283274050092,3,20,Credit Card,1,4,0,2299.2679857720223,5,Monday,19
4222,2023-12-05,1253,35,Books,156.3062921435346,1,0,Debit Card,6,4,0,156.3062921435346,12,Tuesday,49
4223,2023-02-12,2137,67,Sports,748.1122722179975,2,15,Net Banking,2,5,0,1271.7908627705958,2,Sunday,6
4224,2023-03-19,1019,47,Sports,639.7751651238497,1,0,Net Banking,3,5,0,639.7751651238497,3,Sunday,11
4225,2023-11-10,1527,19,Sports,195.65276746709526,3,5,Digital Wallet,12,5,0,557.6103872812215,11,Friday,45
4226,2023-10-16,2168,22,Home,179.02475535191914,4,20,Digital Wallet,14,4,0,572.8792171261413,10,Monday,42
4227,2023-09-27,2231,46,Books,871.6243177676452,3,0,Credit Card,5,2,1,2614.8729533029355,9,Wednesday,39
4228,2023-06-11,1375,50,Fashion,425.49797426460117,4,0,Digital Wallet,14,2,0,1701.9918970584047,6,Sunday,23
4229,2023-07-08,1165,59,Home,658.0307490323971,4,0,Digital Wallet,11,4,0,2632.1229961295885,7,Saturday,27
4230,2023-09-04,2204,37,Sports,509.03029381810654,1,5,Debit Card,8,3,1,483.5787791272012,9,Monday,36
4231,2023-08-04,1860,47,Electronics,730.0799819051999,1,5,Net Banking,2,3,0,693.5759828099399,8,Friday,31
4232,2023-11-11,1616,59,Home,484.44995128893726,3,5,Net Banking,6,4,0,1380.6823611734712,11,Saturday,45
4233,2023-12-05,1611,22,Home,294.5061161030127,2,0,Digital Wallet,1,5,0,589.0122322060254,12,Tuesday,49
4234,2023-06-17,2467,67,Books,369.74953728653145,1,15,Digital Wallet,7,2,0,314.2871066935517,6,Saturday,24
4235,2023-12-05,2355,38,Home,860.4869175058392,4,20,Digital Wallet,4,4,0,2753.5581360186857,12,Tuesday,49
4236,2023-07-12,1502,32,Books,473.35434599349975,3,20,Credit Card,1,5,1,1136.0504303843995,7,Wednesday,28
4237,2023-10-10,1912,37,Electronics,221.31483892216318,3,5,Credit Card,9,4,0,630.7472909281651,10,Tuesday,41
4238,2023-12-02,1078,25,Fashion,935.2593341964807,2,0,Debit Card,9,4,0,1870.5186683929614,12,Saturday,48
4239,2023-01-13,1584,66,Fashion,798.6344519333932,3,15,Credit Card,11,5,1,2036.5178524301523,1,Friday,2
4240,2023-08-28,1687,48,Sports,65.10948459563713,1,10,Net Banking,3,5,0,58.59853613607341,8,Monday,35
4241,2023-11-16,1395,29,Sports,998.9535323607126,4,5,Credit Card,6,5,0,3796.023422970708,11,Thursday,46
4242,2023-05-27,2126,38,Electronics,697.9774294757012,3,10,Net Banking,7,4,0,1884.5390595843933,5,Saturday,21
4243,2023-07-23,1401,47,Fashion,168.66393305018107,3,20,Credit Card,13,5,1,404.7934393204346,7,Sunday,29
4244,2023-03-21,1974,44,Sports,244.79600448561047,4,20,Credit Card,4,3,1,783.3472143539535,3,Tuesday,12
4245,2023-02-12,1223,61,Home,695.5210264291314,3,15,Debit Card,6,5,0,1773.5786173942852,2,Sunday,6
4246,2023-03-30,1517,43,Books,781.9634447263307,3,15,Digital Wallet,9,5,0,1994.0067840521435,3,Thursday,13
4247,2023-05-28,1633,50,Sports,246.64558371830807,2,10,Digital Wallet,14,5,0,443.96205069295456,5,Sunday,21
4248,2023-04-05,1235,43,Electronics,264.3991653602781,1,20,Digital Wallet,10,5,0,211.5193322882225,4,Wednesday,14
4249,2023-05-31,2450,43,Fashion,314.0494879233402,3,15,Debit Card,6,5,0,800.8261942045176,5,Wednesday,22
4250,2023-01-02,1115,53,Electronics,602.0381811882704,1,15,Net Banking,7,4,0,511.7324540100298,1,Monday,1
4251,2023-01-22,2186,57,Books,180.09801651826416,2,20,Credit Card,6,5,0,288.1568264292227,1,Sunday,3
4252,2023-11-09,1225,18,Books,113.20076689592973,1,20,Debit Card,7,5,0,90.56061351674379,11,Thursday,45
4253,2023-11-24,1229,32,Electronics,682.0754481946584,2,0,Net Banking,1,2,0,1364.1508963893168,11,Friday,47
4254,2023-01-07,1181,67,Sports,781.3069603952384,1,15,Debit Card,6,5,0,664.1109163359527,1,Saturday,1
4255,2023-07-25,2272,18,Sports,505.9201103723404,1,10,Debit Card,12,5,0,455.32809933510634,7,Tuesday,30
4256,2023-04-24,2341,28,Fashion,370.19438316570154,3,5,Net Banking,9,5,0,1055.0539920222493,4,Monday,17
4257,2023-09-29,1209,19,Fashion,437.72228639121164,1,5,Digital Wallet,11,2,0,415.83617207165105,9,Friday,39
4258,2023-03-24,2415,18,Home,394.52375553323236,3,20,Credit Card,3,3,0,946.8570132797577,3,Friday,12
4259,2023-06-28,1095,48,Home,960.3850591552984,3,10,Digital Wallet,14,5,0,2593.039659719306,6,Wednesday,26
4260,2023-07-29,1893,61,Fashion,770.4090061669489,1,0,Debit Card,6,3,0,770.4090061669489,7,Saturday,30
4261,2023-11-24,1755,33,Home,216.00634270160919,3,15,Net Banking,4,5,0,550.8161738891034,11,Friday,47
4262,2023-05-04,2109,39,Electronics,390.34726053344025,1,0,Debit Card,7,5,0,390.34726053344025,5,Thursday,18
4263,2023-04-23,1414,59,Sports,548.5721684494787,4,10,Digital Wallet,7,4,0,1974.8598064181233,4,Sunday,16
4264,2023-01-12,1393,35,Home,616.8560034430516,3,0,Digital Wallet,13,5,0,1850.5680103291547,1,Thursday,2
4265,2023-05-06,1695,64,Home,473.5020570684794,4,20,Digital Wallet,9,2,0,1515.2065826191342,5,Saturday,18
4266,2023-02-22,1843,34,Electronics,812.0253686618396,4,5,Credit Card,4,4,0,3085.69640091499,2,Wednesday,8
4267,2023-11-27,1603,47,Books,769.9299592636494,3,20,Digital Wallet,14,4,0,1847.8319022327587,11,Monday,48
4268,2023-10-10,1581,27,Fashion,510.10633944188504,2,15,Credit Card,8,5,0,867.1807770512046,10,Tuesday,41
4269,2023-05-20,1132,52,Electronics,855.8850929139131,2,20,Credit Card,8,5,0,1369.416148662261,5,Saturday,20
4270,2023-04-07,1790,38,Books,753.578635137962,4,10,Digital Wallet,8,3,0,2712.8830864966635,4,Friday,14
4271,2023-01-05,1648,33,Electronics,780.7960302334369,4,10,Net Banking,14,4,0,2810.865708840373,1,Thursday,1
4272,2023-02-26,2337,23,Sports,956.8367716390825,1,15,Debit Card,8,4,0,813.31125589322,2,Sunday,8
4273,2023-11-30,1220,20,Electronics,273.8022717971106,4,15,Debit Card,6,4,0,930.9277241101761,11,Thursday,48
4274,2023-03-10,1975,58,Electronics,274.9716807431807,3,5,Credit Card,8,4,0,783.6692901180649,3,Friday,10
4275,2023-04-28,2461,60,Sports,890.0627331337337,2,0,Credit Card,6,5,0,1780.1254662674673,4,Friday,17
4276,2023-02-28,2069,38,Fashion,774.5041096518227,2,5,Credit Card,10,5,0,1471.557808338463,2,Tuesday,9
4277,2023-02-02,2215,30,Books,927.2800860212711,2,20,Debit Card,14,1,1,1483.648137634034,2,Thursday,5
4278,2023-11-14,2402,35,Home,72.49885872120853,3,0,Credit Card,14,5,0,217.4965761636256,11,Tuesday,46
4279,2023-02-19,1787,41,Fashion,631.4795064889806,1,15,Net Banking,2,5,0,536.7575805156335,2,Sunday,7
4280,2023-01-19,1690,44,Electronics,153.18205474221296,3,10,Net Banking,13,5,0,413.591547803975,1,Thursday,3
4281,2023-08-02,2357,21,Home,508.8582263096568,3,20,Credit Card,3,2,0,1221.2597431431764,8,Wednesday,31
4282,2023-07-16,1038,39,Sports,164.1894625349098,2,5,Debit Card,6,5,0,311.9599788163286,7,Sunday,28
4283,2023-02-16,2316,41,Fashion,136.79772389503046,3,15,Digital Wallet,7,5,0,348.83419593232765,2,Thursday,7
4284,2023-06-16,1689,57,Books,22.04666192821282,4,0,Debit Card,14,5,0,88.18664771285128,6,Friday,24
4285,2023-10-16,1161,62,Fashion,633.9364242590754,3,0,Digital Wallet,4,5,0,1901.809272777226,10,Monday,42
4286,2023-05-21,2354,27,Fashion,365.4323905231852,2,10,Digital Wallet,1,4,0,657.7783029417334,5,Sunday,20
4287,2023-03-25,2127,19,Home,114.13640203018198,2,15,Credit Card,4,5,0,194.03188345130937,3,Saturday,12
4288,2023-07-01,1160,57,Sports,329.60939995399673,3,15,Net Banking,6,4,0,840.5039698826916,7,Saturday,26
4289,2023-03-20,2077,23,Sports,177.2546505370691,4,20,Credit Card,8,4,0,567.2148817186211,3,Monday,12
4290,2023-08-03,2057,65,Fashion,942.2778831866428,4,20,Digital Wallet,13,4,0,3015.2892261972574,8,Thursday,31
4291,2023-01-14,1241,35,Sports,326.8048369037346,2,0,Credit Card,12,4,0,653.6096738074692,1,Saturday,2
4292,2023-08-03,1966,34,Home,340.613988056496,4,5,Digital Wallet,13,4,0,1294.3331546146846,8,Thursday,31
4293,2023-05-08,1889,55,Home,841.4594233655897,4,0,Credit Card,13,1,0,3365.837693462359,5,Monday,19
4294,2023-11-06,1112,62,Books,651.2782036731442,1,20,Net Banking,14,4,0,521.0225629385153,11,Monday,45
4295,2023-09-05,2013,40,Sports,713.0698913289714,1,20,Net Banking,13,4,0,570.4559130631771,9,Tuesday,36
4296,2023-01-29,1317,63,Books,639.6417859490709,4,20,Debit Card,4,3,0,2046.853715037027,1,Sunday,4
4297,2023-10-07,1022,47,Electronics,946.7343211090797,4,0,Digital Wallet,10,5,1,3786.937284436319,10,Saturday,40
4298,2023-12-04,1823,38,Home,214.9308232424647,1,15,Digital Wallet,1,5,1,182.691199756095,12,Monday,49
4299,2023-11-15,2141,27,Fashion,989.1488493382377,1,5,Credit Card,5,5,0,939.6914068713257,11,Wednesday,46
4300,2023-07-21,1700,60,Home,832.6466157809481,1,5,Debit Card,7,3,0,791.0142849919007,7,Friday,29
4301,2023-12-27,2018,30,Electronics,593.0828629875788,2,20,Net Banking,6,5,0,948.932580780126,12,Wednesday,52
4302,2023-02-26,2235,29,Fashion,665.7479081522865,2,10,Credit Card,3,5,0,1198.3462346741157,2,Sunday,8
4303,2023-08-06,2441,26,Sports,652.337617735608,1,0,Debit Card,13,4,0,652.337617735608,8,Sunday,31
4304,2023-03-03,2136,21,Sports,67.81226181856236,1,15,Net Banking,7,4,0,57.64042254577801,3,Friday,9
4305,2023-06-06,2067,56,Home,225.83633354661922,1,20,Credit Card,4,5,0,180.6690668372954,6,Tuesday,23
4306,2023-07-21,1127,41,Fashion,961.8561756795017,2,10,Net Banking,5,5,1,1731.341116223103,7,Friday,29
4307,2023-01-17,1875,51,Fashion,539.0207845707855,2,20,Digital Wallet,11,3,0,862.4332553132568,1,Tuesday,3
4308,2023-11-18,1157,56,Books,384.57006722929293,4,10,Debit Card,7,5,0,1384.4522420254546,11,Saturday,46
4309,2023-01-06,1826,58,Electronics,764.4180787551843,3,5,Net Banking,2,4,0,2178.5915244522753,1,Friday,1
4310,2023-02-27,2417,22,Sports,529.2737532292515,4,10,Debit Card,4,5,1,1905.3855116253055,2,Monday,9
4311,2023-11-21,1851,32,Home,23.031143717578615,3,5,Credit Card,4,4,0,65.63875959509905,11,Tuesday,47
4312,2023-11-14,1511,67,Fashion,738.8752207479668,3,5,Debit Card,6,4,0,2105.794379131705,11,Tuesday,46
4313,2023-06-18,1044,21,Sports,734.8953844523327,3,0,Credit Card,12,3,0,2204.686153356998,6,Sunday,24
4314,2023-03-23,2131,68,Home,173.49722498887465,4,10,Debit Card,11,4,0,624.5900099599487,3,Thursday,12
4315,2023-08-07,1218,69,Sports,957.0934875399712,2,15,Credit Card,7,5,0,1627.058928817951,8,Monday,32
4316,2023-06-26,1442,56,Home,231.6690502257032,2,15,Credit Card,4,5,0,393.8373853836954,6,Monday,26
4317,2023-07-23,1314,25,Sports,463.1718737083773,2,10,Credit Card,10,5,1,833.7093726750792,7,Sunday,29
4318,2023-03-12,1176,66,Books,123.58860164830553,2,0,Net Banking,1,5,0,247.17720329661105,3,Sunday,10
4319,2023-09-23,1227,62,Electronics,607.2494962560826,4,15,Digital Wallet,1,2,0,2064.6482872706806,9,Saturday,38
4320,2023-04-08,1266,41,Sports,381.69660885664035,1,20,Debit Card,5,3,0,305.3572870853123,4,Saturday,14
4321,2023-12-11,1869,45,Electronics,359.6417275876084,3,15,Digital Wallet,1,5,0,917.0864053484014,12,Monday,50
4322,2023-10-18,1837,60,Sports,828.7071084487378,2,0,Digital Wallet,3,5,0,1657.4142168974756,10,Wednesday,42
4323,2023-07-27,2402,44,Fashion,19.46609572197346,2,5,Digital Wallet,9,5,0,36.985581871749574,7,Thursday,30
4324,2023-01-02,1488,18,Books,799.9673031834983,4,5,Digital Wallet,3,4,0,3039.8757520972936,1,Monday,1
4325,2023-05-04,1701,51,Books,575.7340800905979,3,5,Debit Card,3,5,0,1640.842128258204,5,Thursday,18
4326,2023-10-07,1686,34,Electronics,986.2375283453971,2,0,Debit Card,13,5,0,1972.4750566907942,10,Saturday,40
4327,2023-03-15,2313,54,Fashion,593.5487883982065,1,5,Digital Wallet,9,5,0,563.8713489782962,3,Wednesday,11
4328,2023-06-15,1995,55,Home,64.82534280647835,2,5,Debit Card,5,5,0,123.16815133230885,6,Thursday,24
4329,2023-01-22,1356,43,Books,60.138873179289064,3,0,Debit Card,12,5,0,180.41661953786718,1,Sunday,3
4330,2023-06-03,1871,41,Fashion,884.3214565081136,1,20,Credit Card,8,5,0,707.4571652064909,6,Saturday,22
4331,2023-10-22,1203,56,Fashion,842.8020040559426,4,15,Debit Card,10,4,0,2865.526813790205,10,Sunday,42
4332,2023-08-07,2236,38,Electronics,352.431174826203,1,0,Net Banking,9,3,1,352.431174826203,8,Monday,32
4333,2023-06-06,1551,47,Fashion,621.8521593393258,3,0,Digital Wallet,12,5,0,1865.5564780179775,6,Tuesday,23
4334,2023-08-18,1322,64,Fashion,494.6954434850443,3,10,Debit Card,6,2,0,1335.6776974096197,8,Friday,33
4335,2023-01-20,1593,68,Home,967.4924145846917,1,5,Digital Wallet,7,5,0,919.1177938554571,1,Friday,3
4336,2023-02-10,1180,65,Electronics,950.4612918681227,2,20,Debit Card,7,5,0,1520.7380669889963,2,Friday,6
4337,2023-05-28,1498,30,Electronics,984.0006184553669,3,10,Digital Wallet,7,5,0,2656.8016698294905,5,Sunday,21
4338,2023-04-18,2343,54,Fashion,867.7842928279216,1,20,Net Banking,4,4,0,694.2274342623373,4,Tuesday,16
4339,2023-03-25,1082,20,Home,910.4560748673503,3,5,Debit Card,13,5,0,2594.799813371948,3,Saturday,12
4340,2023-11-18,1302,49,Sports,225.10599097946505,2,5,Debit Card,13,5,1,427.7013828609836,11,Saturday,46
4341,2023-11-05,1261,52,Books,832.6967210998768,2,5,Net Banking,2,5,1,1582.1237700897657,11,Sunday,44
4342,2023-10-17,1783,36,Electronics,711.768542072232,1,15,Debit Card,2,3,0,605.0032607613972,10,Tuesday,42
4343,2023-11-19,2223,31,Home,963.1586437397895,4,20,Digital Wallet,7,5,0,3082.1076599673265,11,Sunday,46
4344,2023-05-14,2263,65,Home,575.5492101581932,4,20,Net Banking,10,5,1,1841.7574725062184,5,Sunday,19
4345,2023-07-26,1913,39,Fashion,94.3154950434508,2,10,Credit Card,7,4,0,169.76789107821145,7,Wednesday,30
4346,2023-10-10,1691,34,Books,601.4249022752814,4,0,Digital Wallet,10,4,0,2405.6996091011256,10,Tuesday,41
4347,2023-09-23,1943,21,Electronics,689.7151187410749,2,5,Debit Card,7,5,0,1310.4587256080422,9,Saturday,38
4348,2023-03-14,1682,62,Sports,228.11781842530402,4,5,Digital Wallet,13,2,0,866.8477100161552,3,Tuesday,11
4349,2023-12-18,2318,57,Fashion,400.1722496776011,2,10,Net Banking,8,3,0,720.310049419682,12,Monday,51
4350,2023-02-17,1688,36,Electronics,602.5183799111632,3,20,Debit Card,3,4,1,1446.0441117867915,2,Friday,7
4351,2023-11-22,1395,54,Electronics,380.3646799433405,1,15,Debit Card,13,5,0,323.3099779518394,11,Wednesday,47
4352,2023-08-21,2161,19,Home,381.1982400662773,1,20,Net Banking,11,5,0,304.95859205302185,8,Monday,34
4353,2023-04-10,1838,32,Books,141.75577278106942,4,15,Credit Card,5,4,0,481.96962745563604,4,Monday,15
4354,2023-02-28,1877,19,Sports,941.3392558468894,1,15,Debit Card,6,4,0,800.138367469856,2,Tuesday,9
4355,2023-09-15,1822,28,Books,752.9894406501455,4,20,Debit Card,13,5,0,2409.5662100804657,9,Friday,37
4356,2023-03-06,2152,62,Home,11.231004477440989,2,5,Debit Card,8,1,0,21.338908507137877,3,Monday,10
4357,2023-03-24,1048,40,Sports,767.9571511819436,3,15,Credit Card,8,1,0,1958.290735513956,3,Friday,12
4358,2023-06-03,1788,27,Sports,742.3970427312802,1,10,Digital Wallet,10,1,0,668.1573384581521,6,Saturday,22
4359,2023-09-23,1292,20,Fashion,19.63365055396776,3,10,Credit Card,3,4,0,53.01085649571296,9,Saturday,38
4360,2023-11-05,1535,22,Sports,375.9082546376269,1,15,Digital Wallet,12,5,1,319.5220164419828,11,Sunday,44
4361,2023-03-20,1310,20,Electronics,610.6802134222753,2,5,Debit Card,14,5,0,1160.292405502323,3,Monday,12
4362,2023-11-11,1536,55,Books,458.2231453394555,1,15,Digital Wallet,4,5,0,389.4896735385372,11,Saturday,45
4363,2023-05-30,1638,30,Books,780.2062575333022,1,10,Digital Wallet,6,3,0,702.1856317799719,5,Tuesday,22
4364,2023-02-17,1233,59,Fashion,431.20374930808964,2,10,Digital Wallet,4,4,0,776.1667487545614,2,Friday,7
4365,2023-09-05,2232,36,Sports,162.32433975929868,4,20,Digital Wallet,10,4,0,519.4378872297558,9,Tuesday,36
4366,2023-10-05,1604,57,Home,976.6514680310903,4,5,Debit Card,4,3,0,3711.275578518143,10,Thursday,40
4367,2023-12-22,1093,67,Electronics,249.61959284828612,2,20,Net Banking,5,4,0,399.3913485572578,12,Friday,51
4368,2023-04-08,1326,52,Fashion,720.515387435919,4,0,Credit Card,10,5,0,2882.061549743676,4,Saturday,14
4369,2023-01-25,1224,41,Sports,151.72474854743123,1,15,Digital Wallet,7,4,0,128.96603626531655,1,Wednesday,4
4370,2023-10-11,1966,41,Home,335.7224876460933,3,20,Debit Card,12,5,0,805.7339703506241,10,Wednesday,41
4371,2023-10-28,1889,34,Sports,447.6073323461195,2,5,Debit Card,2,5,0,850.453931457627,10,Saturday,43
4372,2023-03-09,1010,57,Fashion,200.30968448179325,1,15,Debit Card,13,4,0,170.26323180952426,3,Thursday,10
4373,2023-01-07,2352,27,Home,455.45998060492343,2,15,Debit Card,2,4,0,774.2819670283698,1,Saturday,1
4374,2023-11-01,2035,19,Home,165.5911947618325,3,15,Digital Wallet,12,5,0,422.2575466426728,11,Wednesday,44
4375,2023-05-17,1034,61,Home,563.4164735960312,1,15,Credit Card,10,5,0,478.9040025566265,5,Wednesday,20
4376,2023-06-13,1446,40,Home,667.076119994992,1,15,Debit Card,14,5,0,567.0147019957432,6,Tuesday,24
4377,2023-03-24,2475,23,Sports,71.80994118773066,3,5,Credit Card,9,4,0,204.65833238503237,3,Friday,12
4378,2023-05-18,2243,19,Home,872.4207998713464,3,0,Credit Card,4,5,0,2617.262399614039,5,Thursday,20
4379,2023-03-14,1440,38,Sports,193.28947619161517,4,10,Credit Card,5,4,0,695.8421142898146,3,Tuesday,11
4380,2023-08-25,1652,52,Home,233.10880106712057,1,0,Net Banking,3,5,0,233.10880106712057,8,Friday,34
4381,2023-02-15,1594,66,Home,664.7363416822324,3,10,Debit Card,2,5,0,1794.7881225420276,2,Wednesday,7
4382,2023-04-16,1228,46,Fashion,474.0635498300699,3,20,Debit Card,14,5,0,1137.7525195921678,4,Sunday,15
4383,2023-10-15,1343,24,Sports,504.401643179355,1,15,Debit Card,10,4,0,428.74139670245177,10,Sunday,41
4384,2023-09-19,2103,46,Sports,136.87343471750137,4,20,Credit Card,8,5,0,437.9949910960044,9,Tuesday,38
4385,2023-06-25,2376,54,Books,807.6784636576442,2,20,Debit Card,4,5,0,1292.2855418522308,6,Sunday,25
4386,2023-06-15,2419,40,Fashion,620.8837036431679,4,10,Debit Card,14,3,0,2235.1813331154044,6,Thursday,24
4387,2023-05-25,2313,50,Sports,144.02822287636147,3,5,Credit Card,12,4,0,410.48043519763013,5,Thursday,21
4388,2023-11-26,2478,25,Fashion,380.25937335534,2,15,Debit Card,1,4,1,646.440934704078,11,Sunday,47
4389,2023-10-10,1988,29,Fashion,812.3058334076799,2,20,Digital Wallet,13,4,0,1299.6893334522879,10,Tuesday,41
4390,2023-02-23,2151,63,Fashion,572.6714955267545,4,0,Net Banking,6,4,0,2290.685982107018,2,Thursday,8
4391,2023-06-27,1908,65,Electronics,117.56229134160117,2,15,Digital Wallet,6,4,0,199.85589528072197,6,Tuesday,26
4392,2023-09-01,2382,27,Sports,379.04927533139386,3,5,Digital Wallet,2,4,0,1080.2904346944724,9,Friday,35
4393,2023-12-07,1526,32,Fashion,250.26745447117725,1,15,Digital Wallet,2,4,0,212.72733630050067,12,Thursday,49
4394,2023-05-07,2336,41,Electronics,522.2908981171892,1,20,Credit Card,8,5,0,417.8327184937514,5,Sunday,18
4395,2023-09-28,1074,43,Electronics,844.9275175832696,1,0,Debit Card,11,1,0,844.9275175832696,9,Thursday,39
4396,2023-05-12,1195,64,Home,441.9044634563756,4,20,Digital Wallet,7,5,0,1414.094283060402,5,Friday,19
4397,2023-04-03,1028,59,Home,439.00861006463987,1,5,Digital Wallet,14,4,0,417.0581795614079,4,Monday,14
4398,2023-03-14,1705,56,Sports,906.2973933037666,1,10,Debit Card,2,5,0,815.66765397339,3,Tuesday,11
4399,2023-09-05,2020,20,Home,580.4235583821996,1,0,Credit Card,10,4,0,580.4235583821996,9,Tuesday,36
4400,2023-12-14,1015,19,Sports,570.5291765234329,2,5,Digital Wallet,1,4,0,1084.0054353945225,12,Thursday,50
4401,2023-09-30,2446,23,Electronics,269.29079295663547,2,5,Debit Card,11,5,0,511.65250661760734,9,Saturday,39
4402,2023-02-12,1804,38,Electronics,611.6455203587551,2,20,Debit Card,8,5,0,978.6328325740083,2,Sunday,6
4403,2023-02-10,2428,26,Sports,580.1513627432224,3,20,Net Banking,10,5,0,1392.363270583734,2,Friday,6
4404,2023-06-19,1939,27,Home,402.8829556384453,3,20,Digital Wallet,2,5,0,966.9190935322688,6,Monday,25
4405,2023-07-31,1966,53,Home,990.7886102401887,3,10,Digital Wallet,5,5,0,2675.1292476485096,7,Monday,31
4406,2023-06-17,2100,20,Sports,883.0720552986058,1,15,Net Banking,6,2,0,750.6112470038149,6,Saturday,24
4407,2023-02-08,1228,58,Books,752.0904271760473,2,15,Debit Card,10,5,0,1278.5537261992804,2,Wednesday,6
4408,2023-09-02,1961,41,Home,541.9721325288705,3,20,Debit Card,1,4,1,1300.733118069289,9,Saturday,35
4409,2023-05-31,2320,39,Fashion,467.439203875684,4,20,Digital Wallet,2,4,1,1495.8054524021888,5,Wednesday,22
4410,2023-04-21,1714,66,Home,193.04842127096737,2,10,Digital Wallet,14,1,0,347.4871582877413,4,Friday,16
4411,2023-02-16,1983,31,Books,312.68009927447747,1,15,Net Banking,10,4,1,265.77808438330584,2,Thursday,7
4412,2023-03-04,1572,59,Electronics,776.2211918249781,2,10,Digital Wallet,4,4,0,1397.1981452849604,3,Saturday,9
4413,2023-08-13,1614,62,Electronics,459.2114643981759,1,5,Digital Wallet,2,4,0,436.25089117826707,8,Sunday,32
4414,2023-03-10,1325,61,Electronics,883.4468214038063,3,15,Credit Card,11,5,0,2252.7893945797064,3,Friday,10
4415,2023-10-26,2386,44,Home,156.43202498207347,1,20,Net Banking,6,4,0,125.14561998565878,10,Thursday,43
4416,2023-10-17,1874,50,Electronics,513.2636250535002,1,0,Debit Card,14,5,0,513.2636250535002,10,Tuesday,42
4417,2023-10-23,1358,39,Books,650.4960271810957,4,5,Digital Wallet,4,4,0,2471.8849032881635,10,Monday,43
4418,2023-07-22,1323,46,Books,521.6799717448467,2,0,Debit Card,11,4,0,1043.3599434896935,7,Saturday,29
4419,2023-03-02,2349,36,Home,890.3346226691373,1,10,Digital Wallet,3,5,0,801.3011604022236,3,Thursday,9
4420,2023-11-14,1164,36,Fashion,989.6676490108483,4,10,Credit Card,6,5,0,3562.803536439054,11,Tuesday,46
4421,2023-11-10,1797,23,Home,124.67631175795604,4,10,Net Banking,9,5,0,448.83472232864176,11,Friday,45
4422,2023-06-10,1454,62,Electronics,138.6553550361518,4,20,Net Banking,8,5,0,443.6971361156858,6,Saturday,23
4423,2023-11-27,2176,36,Home,139.02087242451987,3,10,Debit Card,2,5,0,375.35635554620364,11,Monday,48
4424,2023-01-16,2150,30,Books,684.3653251098223,3,0,Credit Card,3,5,0,2053.095975329467,1,Monday,3
4425,2023-12-04,1192,43,Home,378.94933454087953,1,5,Debit Card,2,5,0,360.00186781383553,12,Monday,49
4426,2023-04-04,1626,39,Home,735.981514653247,2,20,Credit Card,10,5,0,1177.5704234451953,4,Tuesday,14
4427,2023-10-31,1529,38,Fashion,411.4167581581089,3,5,Digital Wallet,7,1,0,1172.5377607506102,10,Tuesday,44
4428,2023-05-18,2033,53,Books,631.330654118743,3,10,Digital Wallet,9,5,0,1704.5927661206063,5,Thursday,20
4429,2023-12-04,1091,19,Sports,772.1594256221045,1,15,Credit Card,1,4,0,656.3355117787888,12,Monday,49
4430,2023-02-07,1138,64,Sports,552.7337515483714,1,20,Digital Wallet,11,5,0,442.1870012386971,2,Tuesday,6
4431,2023-05-07,1480,61,Books,544.108554545506,3,10,Net Banking,3,4,0,1469.093097272866,5,Sunday,18
4432,2023-10-02,1448,47,Sports,97.35198203277812,1,20,Credit Card,6,4,0,77.8815856262225,10,Monday,40
4433,2023-06-13,2356,44,Electronics,416.6739254803405,4,15,Credit Card,4,5,0,1416.6913466331575,6,Tuesday,24
4434,2023-11-15,1868,24,Sports,550.3193816926882,1,0,Debit Card,10,3,0,550.3193816926882,11,Wednesday,46
4435,2023-03-18,1339,37,Electronics,467.36101740974584,4,0,Credit Card,14,5,1,1869.4440696389834,3,Saturday,11
4436,2023-06-23,2075,67,Books,901.7741801865412,3,0,Debit Card,10,4,0,2705.3225405596236,6,Friday,25
4437,2023-12-24,1465,48,Sports,907.4653257982944,2,15,Credit Card,1,1,0,1542.6910538571005,12,Sunday,51
4438,2023-11-17,1717,40,Sports,823.6982067828741,4,5,Net Banking,9,5,0,3130.0531857749215,11,Friday,46
4439,2023-04-01,1798,30,Electronics,381.5450946193888,2,15,Net Banking,7,3,0,648.626660852961,4,Saturday,13
4440,2023-08-26,1474,34,Electronics,720.126160170659,3,15,Net Banking,14,5,0,1836.3217084351802,8,Saturday,34
4441,2023-09-21,1400,21,Home,401.3355764589137,1,10,Debit Card,11,4,0,361.20201881302233,9,Thursday,38
4442,2023-06-28,2462,31,Fashion,240.26766298600145,4,0,Debit Card,12,5,0,961.0706519440058,6,Wednesday,26
4443,2023-07-28,1604,37,Sports,349.4736171153728,4,20,Digital Wallet,7,5,0,1118.315574769193,7,Friday,30
4444,2023-03-14,1931,30,Fashion,80.25498695268013,3,5,Debit Card,12,5,1,228.72671281513834,3,Tuesday,11
4445,2023-04-17,1996,20,Fashion,338.45973391460075,3,20,Debit Card,1,5,0,812.3033613950419,4,Monday,16
4446,2023-12-11,1921,43,Sports,466.1347950885599,1,10,Net Banking,9,2,0,419.5213155797039,12,Monday,50
4447,2023-10-22,1820,43,Electronics,955.9260858330217,2,10,Credit Card,12,5,0,1720.666954499439,10,Sunday,42
4448,2023-10-11,1656,35,Home,320.2764803574287,4,5,Debit Card,12,5,0,1217.050625358229,10,Wednesday,41
4449,2023-12-19,1597,49,Books,903.4290038134654,2,20,Digital Wallet,8,4,0,1445.4864061015448,12,Tuesday,51
4450,2023-07-01,2176,31,Sports,236.56969306526207,4,5,Credit Card,11,5,0,898.9648336479959,7,Saturday,26
4451,2023-02-06,1513,64,Sports,199.0592087816569,4,5,Debit Card,12,5,0,756.4249933702962,2,Monday,6
4452,2023-05-17,2029,20,Books,523.8055018678433,1,0,Credit Card,10,5,0,523.8055018678433,5,Wednesday,20
4453,2023-12-04,1499,18,Fashion,675.7862556044319,4,20,Credit Card,12,3,0,2162.516017934182,12,Monday,49
4454,2023-02-25,1716,43,Home,53.88892829425861,4,0,Credit Card,5,3,0,215.55571317703445,2,Saturday,8
4455,2023-07-06,2141,41,Fashion,228.85520639674453,3,0,Credit Card,4,3,0,686.5656191902336,7,Thursday,27
4456,2023-12-07,1600,66,Books,461.1268298363033,1,0,Credit Card,1,4,0,461.1268298363033,12,Thursday,49
4457,2023-09-15,1665,52,Books,337.69429262334967,3,15,Debit Card,9,3,0,861.1204461895417,9,Friday,37
4458,2023-02-27,1467,31,Home,715.4948685548386,4,10,Credit Card,8,5,0,2575.7815267974192,2,Monday,9
4459,2023-12-29,1160,20,Books,516.0489900809036,1,10,Credit Card,13,4,0,464.4440910728133,12,Friday,52
4460,2023-05-03,1269,30,Books,168.7555145478612,4,15,Digital Wallet,2,5,0,573.768749462728,5,Wednesday,18
4461,2023-07-07,2079,64,Home,895.5207255219397,1,5,Digital Wallet,4,5,1,850.7446892458427,7,Friday,27
4462,2023-08-18,1227,67,Sports,299.976618728526,2,20,Credit Card,4,4,0,479.9625899656416,8,Friday,33
4463,2023-06-17,1848,31,Fashion,733.8197978747792,2,20,Debit Card,13,1,0,1174.1116765996467,6,Saturday,24
4464,2023-04-24,1148,38,Sports,782.1166213143558,1,20,Digital Wallet,7,5,0,625.6932970514847,4,Monday,17
4465,2023-09-09,2069,43,Sports,963.5261232535411,4,0,Digital Wallet,3,5,0,3854.1044930141643,9,Saturday,36
4466,2023-04-17,2167,20,Fashion,503.5223918588604,1,20,Credit Card,8,5,0,402.81791348708833,4,Monday,16
4467,2023-02-06,1631,68,Sports,619.6771603097878,4,20,Debit Card,11,5,0,1982.9669129913211,2,Monday,6
4468,2023-12-01,2363,57,Home,341.5275305447384,2,20,Net Banking,7,4,0,546.4440488715815,12,Friday,48
4469,2023-04-02,1412,21,Fashion,681.3975004779459,4,10,Debit Card,10,4,0,2453.031001720605,4,Sunday,13
4470,2023-01-18,1519,53,Electronics,468.74965100765655,3,15,Digital Wallet,12,5,0,1195.311610069524,1,Wednesday,3
4471,2023-12-20,2367,68,Sports,443.27584107717803,2,5,Digital Wallet,12,3,0,842.2240980466382,12,Wednesday,51
4472,2023-03-04,1386,60,Books,856.9128538249444,3,15,Digital Wallet,4,4,0,2185.127777253608,3,Saturday,9
4473,2023-05-30,2496,18,Fashion,59.66715506370178,2,20,Digital Wallet,9,3,0,95.46744810192286,5,Tuesday,22
4474,2023-05-19,1274,57,Electronics,883.1428035535498,2,5,Digital Wallet,6,5,0,1677.9713267517445,5,Friday,20
4475,2023-07-05,1352,64,Books,853.5491394502714,3,5,Credit Card,3,5,0,2432.615047433273,7,Wednesday,27
4476,2023-07-04,2089,50,Electronics,511.3025910261712,1,15,Credit Card,7,5,0,434.6072023722455,7,Tuesday,27
4477,2023-07-24,2102,24,Sports,495.30082566357197,4,15,Credit Card,6,4,0,1684.0228072561447,7,Monday,30
4478,2023-09-17,1597,69,Books,368.1892943551353,2,15,Digital Wallet,8,5,0,625.92180040373,9,Sunday,37
4479,2023-08-02,2225,69,Sports,994.232053764917,4,15,Credit Card,5,5,0,3380.3889828007177,8,Wednesday,31
4480,2023-09-13,1557,28,Books,120.05763942630281,2,0,Digital Wallet,6,5,0,240.11527885260563,9,Wednesday,37
4481,2023-05-15,1112,44,Fashion,594.3130832723209,4,10,Debit Card,1,5,0,2139.5270997803555,5,Monday,20
4482,2023-03-02,2114,31,Home,684.8647742112928,2,10,Net Banking,8,3,1,1232.756593580327,3,Thursday,9
4483,2023-12-29,1140,39,Home,934.986708134775,1,20,Debit Card,1,5,0,747.98936650782,12,Friday,52
4484,2023-11-06,2312,33,Electronics,782.4014618881939,2,0,Net Banking,3,1,0,1564.8029237763878,11,Monday,45
4485,2023-03-29,1729,63,Books,647.4087307834313,1,5,Credit Card,12,1,0,615.0382942442598,3,Wednesday,13
4486,2023-11-20,1588,29,Sports,125.64419364400145,2,15,Net Banking,2,4,0,213.59512919480247,11,Monday,47
4487,2023-07-26,1410,66,Fashion,379.9961816631527,4,20,Debit Card,6,4,0,1215.9877813220887,7,Wednesday,30
4488,2023-05-09,1376,63,Fashion,147.4532261225054,3,5,Debit Card,8,5,0,420.2416944491404,5,Tuesday,19
4489,2023-11-07,2407,27,Fashion,882.4006051408585,2,10,Net Banking,8,5,0,1588.3210892535453,11,Tuesday,45
4490,2023-01-03,2175,41,Home,752.1249440080065,2,5,Debit Card,7,5,0,1429.0373936152123,1,Tuesday,1
4491,2023-08-30,1750,63,Sports,759.961418929257,1,15,Credit Card,7,4,0,645.9672060898685,8,Wednesday,35
4492,2023-05-01,1626,35,Fashion,655.7339525958087,4,15,Debit Card,8,5,0,2229.4954388257493,5,Monday,18
4493,2023-04-12,2342,39,Fashion,511.97310156734255,1,10,Net Banking,5,5,0,460.7757914106083,4,Wednesday,15
4494,2023-02-07,2392,26,Electronics,158.47134886886224,4,15,Credit Card,3,5,0,538.8025861541316,2,Tuesday,6
4495,2023-12-07,1994,34,Books,336.39793783800127,4,0,Net Banking,2,4,0,1345.591751352005,12,Thursday,49
4496,2023-05-13,1702,55,Books,145.54663455212165,1,20,Digital Wallet,3,2,0,116.43730764169732,5,Saturday,19
4497,2023-07-21,1461,57,Books,727.6640114238198,3,10,Digital Wallet,11,5,0,1964.6928308443137,7,Friday,29
4498,2023-12-14,1011,30,Electronics,168.62648826178497,4,10,Credit Card,11,5,0,607.0553577424259,12,Thursday,50
4499,2023-01-21,2179,67,Home,705.0924146699687,3,5,Credit Card,3,5,0,2009.5133818094107,1,Saturday,3
4500,2023-08-30,1476,54,Electronics,695.3328356999457,1,10,Debit Card,12,3,0,625.7995521299512,8,Wednesday,35
4501,2023-04-19,1938,23,Fashion,464.711434201376,3,20,Net Banking,7,5,0,1115.3074420833025,4,Wednesday,16
4502,2023-10-30,1400,38,Sports,143.87636757687176,4,0,Digital Wallet,1,4,0,575.505470307487,10,Monday,44
4503,2023-03-25,1807,68,Fashion,321.65281787269635,1,5,Debit Card,7,4,0,305.5701769790615,3,Saturday,12
4504,2023-03-24,1176,53,Fashion,326.8921779847959,3,20,Digital Wallet,6,5,0,784.5412271635103,3,Friday,12
4505,2023-10-18,2364,24,Sports,703.3812818118605,1,10,Debit Card,11,5,0,633.0431536306745,10,Wednesday,42
4506,2023-03-10,1056,53,Books,122.60558921958709,1,15,Debit Card,10,5,0,104.21475083664902,3,Friday,10
4507,2023-05-09,1447,42,Electronics,830.7779597539298,3,15,Digital Wallet,14,2,0,2118.483797372521,5,Tuesday,19
4508,2023-07-15,1202,28,Home,763.3972172840548,4,20,Debit Card,2,4,0,2442.8710953089753,7,Saturday,28
4509,2023-05-20,1737,61,Fashion,194.44384899253117,4,0,Digital Wallet,10,1,1,777.7753959701247,5,Saturday,20
4510,2023-10-10,1201,31,Fashion,721.9727379611005,4,15,Credit Card,1,4,0,2454.707309067742,10,Tuesday,41
4511,2023-11-08,2353,62,Home,671.8280496531436,4,20,Net Banking,9,5,0,2149.8497588900595,11,Wednesday,45
4512,2023-08-22,1362,46,Electronics,750.639592109817,2,5,Debit Card,2,5,0,1426.2152250086524,8,Tuesday,34
4513,2023-01-23,1891,27,Fashion,197.03926989420754,1,10,Digital Wallet,4,5,0,177.33534290478678,1,Monday,4
4514,2023-06-02,1453,67,Home,166.01441893490394,1,0,Digital Wallet,9,5,0,166.01441893490394,6,Friday,22
4515,2023-10-04,1355,65,Fashion,244.11914606352667,2,0,Net Banking,9,5,0,488.23829212705334,10,Wednesday,40
4516,2023-03-02,1215,22,Books,372.2129861174859,1,5,Net Banking,12,5,0,353.6023368116116,3,Thursday,9
4517,2023-11-15,1971,25,Books,795.7283312254432,1,0,Net Banking,11,4,0,795.7283312254432,11,Wednesday,46
4518,2023-02-21,1554,63,Fashion,740.5446981040615,3,20,Debit Card,1,4,0,1777.3072754497477,2,Tuesday,8
4519,2023-12-10,1886,22,Fashion,926.1970763557478,2,0,Digital Wallet,14,3,1,1852.3941527114955,12,Sunday,49
4520,2023-06-02,1022,41,Books,68.04326350762929,1,0,Debit Card,2,5,0,68.04326350762929,6,Friday,22
4521,2023-08-25,1154,57,Fashion,21.44071820404374,1,0,Debit Card,2,5,0,21.44071820404374,8,Friday,34
4522,2023-11-07,2209,43,Electronics,702.1474414037912,2,20,Credit Card,12,5,0,1123.435906246066,11,Tuesday,45
4523,2023-10-29,1248,23,Electronics,286.49462083622404,2,10,Net Banking,2,5,0,515.6903175052033,10,Sunday,43
4524,2023-02-01,1748,33,Sports,340.73810657847935,3,15,Credit Card,8,5,0,868.8821717751223,2,Wednesday,5
4525,2023-02-24,1804,53,Electronics,551.334005655367,3,0,Credit Card,13,4,0,1654.002016966101,2,Friday,8
4526,2023-12-18,1133,29,Fashion,111.38899189553052,4,5,Debit Card,8,4,1,423.278169203016,12,Monday,51
4527,2023-02-05,1320,28,Fashion,646.2674723825692,4,5,Debit Card,10,4,0,2455.816395053763,2,Sunday,5
4528,2023-04-20,1389,20,Home,331.8959717688387,3,20,Digital Wallet,12,5,0,796.5503322452129,4,Thursday,16
4529,2023-06-26,1433,61,Electronics,636.3879730579818,1,10,Credit Card,8,3,0,572.7491757521836,6,Monday,26
4530,2023-12-28,2045,54,Books,835.666843942652,2,0,Net Banking,12,5,0,1671.333687885304,12,Thursday,52
4531,2023-11-10,1872,23,Books,179.40022000405537,3,20,Credit Card,4,5,0,430.5605280097329,11,Friday,45
4532,2023-10-22,2148,36,Sports,931.5643619853751,4,15,Digital Wallet,8,4,0,3167.318830750275,10,Sunday,42
4533,2023-12-02,2102,35,Home,535.3812596518194,2,10,Credit Card,14,5,0,963.686267373275,12,Saturday,48
4534,2023-04-07,1857,33,Books,923.6984875222287,4,10,Credit Card,13,5,0,3325.314555080023,4,Friday,14
4535,2023-08-01,1050,40,Sports,215.65278137976034,1,20,Credit Card,7,5,0,172.5222251038083,8,Tuesday,31
4536,2023-11-13,1175,60,Electronics,608.5170379581951,1,5,Digital Wallet,8,5,0,578.0911860602854,11,Monday,46
4537,2023-05-17,1869,54,Home,409.84824615036865,4,10,Credit Card,1,4,0,1475.4536861413271,5,Wednesday,20
4538,2023-01-06,1252,26,Home,776.4799692444531,2,5,Debit Card,3,5,0,1475.3119415644608,1,Friday,1
4539,2023-04-19,1965,20,Fashion,609.8498537811633,4,10,Credit Card,10,1,0,2195.459473612188,4,Wednesday,16
4540,2023-02-04,2269,25,Electronics,499.5703023887353,2,10,Debit Card,6,3,0,899.2265442997235,2,Saturday,5
4541,2023-02-08,1738,55,Home,913.8555523666986,3,10,Credit Card,1,5,0,2467.4099913900864,2,Wednesday,6
4542,2023-05-30,2129,21,Sports,383.3458935299634,4,15,Debit Card,4,4,0,1303.3760380018755,5,Tuesday,22
4543,2023-04-28,2216,29,Books,227.78040284919967,4,5,Credit Card,9,5,0,865.5655308269587,4,Friday,17
4544,2023-09-18,2339,61,Electronics,612.0201749835708,2,15,Net Banking,7,4,0,1040.4342974720703,9,Monday,38
4545,2023-03-28,1301,48,Electronics,627.7881528010856,3,5,Debit Card,1,5,0,1789.196235483094,3,Tuesday,13
4546,2023-03-17,1547,42,Home,444.7036753561566,2,15,Net Banking,13,3,1,755.9962481054663,3,Friday,11
4547,2023-11-09,1715,33,Home,491.7439432524885,2,15,Debit Card,12,5,0,835.9647035292305,11,Thursday,45
4548,2023-08-02,1778,59,Home,959.957880156901,4,15,Credit Card,6,4,0,3263.8567925334632,8,Wednesday,31
4549,2023-10-12,1267,31,Sports,735.3588344828332,4,20,Digital Wallet,6,4,0,2353.1482703450665,10,Thursday,41
4550,2023-08-27,2193,30,Fashion,119.49573396775124,2,15,Credit Card,12,5,0,203.1427477451771,8,Sunday,34
4551,2023-06-14,2009,58,Home,220.00877016190486,1,10,Digital Wallet,2,5,0,198.00789314571438,6,Wednesday,24
4552,2023-03-28,1550,24,Fashion,975.8208680912034,1,0,Net Banking,6,5,1,975.8208680912034,3,Tuesday,13
4553,2023-05-21,2478,29,Fashion,729.2008982555959,1,15,Digital Wallet,14,4,0,619.8207635172565,5,Sunday,20
4554,2023-06-09,2315,54,Electronics,915.8946748832067,4,0,Digital Wallet,10,5,0,3663.5786995328267,6,Friday,23
4555,2023-02-15,2164,67,Books,310.82284934883484,4,0,Digital Wallet,2,5,0,1243.2913973953393,2,Wednesday,7
4556,2023-04-22,2169,21,Books,744.4481914857264,3,10,Digital Wallet,8,5,0,2010.0101170114613,4,Saturday,16
4557,2023-02-14,2448,19,Sports,716.8626814382764,4,0,Net Banking,7,4,0,2867.4507257531054,2,Tuesday,7
4558,2023-09-04,1313,52,Sports,301.7430855849813,3,0,Digital Wallet,14,4,0,905.2292567549439,9,Monday,36
4559,2023-04-14,1183,61,Books,555.3081621961983,4,0,Credit Card,6,5,0,2221.232648784793,4,Friday,15
4560,2023-03-26,1712,20,Books,631.1409601575923,1,5,Debit Card,14,5,0,599.5839121497127,3,Sunday,12
4561,2023-05-14,1127,21,Electronics,486.3204927191904,1,15,Debit Card,10,5,0,413.37241881131183,5,Sunday,19
4562,2023-04-18,2310,55,Electronics,828.9069195914326,2,15,Credit Card,6,5,0,1409.1417633054355,4,Tuesday,16
4563,2023-01-18,2276,29,Books,834.5403513800096,2,0,Net Banking,9,5,0,1669.0807027600192,1,Wednesday,3
4564,2023-04-04,1699,36,Home,852.0945428185412,3,10,Credit Card,9,2,0,2300.655265610061,4,Tuesday,14
4565,2023-05-30,1385,27,Home,805.3893334071812,3,5,Credit Card,10,5,0,2295.3596002104664,5,Tuesday,22
4566,2023-09-03,2253,18,Electronics,493.20264242517317,2,10,Digital Wallet,10,5,0,887.7647563653118,9,Sunday,35
4567,2023-10-16,1270,34,Fashion,387.6239151675171,3,10,Digital Wallet,2,4,0,1046.5845709522962,10,Monday,42
4568,2023-07-28,1810,33,Books,833.0625208772268,4,0,Net Banking,3,5,0,3332.250083508907,7,Friday,30
4569,2023-05-06,1414,26,Sports,495.2994439707042,1,20,Net Banking,10,5,0,396.2395551765634,5,Saturday,18
4570,2023-08-23,1197,26,Home,253.90768464170205,2,0,Debit Card,7,5,0,507.8153692834041,8,Wednesday,34
4571,2023-05-02,2346,26,Fashion,512.2700969989942,2,20,Net Banking,11,4,0,819.6321551983907,5,Tuesday,18
4572,2023-05-18,2079,29,Home,150.4313237000497,4,5,Credit Card,10,5,0,571.6390300601888,5,Thursday,20
4573,2023-04-25,1830,58,Fashion,694.7131956928108,3,20,Debit Card,12,5,1,1667.3116696627462,4,Tuesday,17
4574,2023-06-11,2226,32,Books,342.5620688076673,2,0,Debit Card,13,4,0,685.1241376153346,6,Sunday,23
4575,2023-07-20,1627,19,Books,268.05221046297976,2,0,Digital Wallet,14,5,0,536.1044209259595,7,Thursday,29
4576,2023-08-22,1603,28,Books,956.9436587723976,4,10,Digital Wallet,14,5,0,3444.9971715806314,8,Tuesday,34
4577,2023-01-28,2161,28,Electronics,779.1121858007245,1,0,Debit Card,9,5,0,779.1121858007245,1,Saturday,4
4578,2023-01-11,2445,25,Fashion,789.1988076966923,2,0,Digital Wallet,12,5,0,1578.3976153933845,1,Wednesday,2
4579,2023-07-25,2080,49,Sports,627.4847495863916,2,15,Digital Wallet,13,5,0,1066.7240742968656,7,Tuesday,30
4580,2023-06-16,2009,23,Sports,840.7810824051942,4,15,Digital Wallet,14,3,0,2858.65568017766,6,Friday,24
4581,2023-09-04,1070,37,Books,761.5708563517475,2,10,Debit Card,6,3,0,1370.8275414331454,9,Monday,36
4582,2023-02-16,1910,56,Sports,602.7859670922803,2,20,Debit Card,11,5,1,964.4575473476485,2,Thursday,7
4583,2023-09-03,1593,52,Home,961.5131578332001,1,20,Debit Card,1,1,0,769.2105262665601,9,Sunday,35
4584,2023-05-07,2395,25,Fashion,199.6790001875788,2,15,Credit Card,11,5,0,339.45430031888395,5,Sunday,18
4585,2023-05-27,1599,67,Fashion,943.9459218048036,4,5,Debit Card,7,3,1,3586.9945028582533,5,Saturday,21
4586,2023-04-28,1513,66,Fashion,407.4237803788763,1,15,Digital Wallet,11,5,0,346.31021332204483,4,Friday,17
4587,2023-06-01,1083,60,Home,533.1149935674717,1,5,Debit Card,1,3,0,506.4592438890981,6,Thursday,22
4588,2023-03-13,1993,51,Electronics,131.51192634886587,1,20,Credit Card,5,5,1,105.2095410790927,3,Monday,11
4589,2023-12-29,2066,36,Home,544.706364532573,3,15,Digital Wallet,9,5,0,1389.0012295580614,12,Friday,52
4590,2023-05-17,1838,24,Fashion,615.0946843396115,4,0,Net Banking,10,5,0,2460.378737358446,5,Wednesday,20
4591,2023-06-24,1605,48,Fashion,997.7245263904388,3,5,Debit Card,11,4,0,2843.5149002127505,6,Saturday,25
4592,2023-10-16,1809,35,Fashion,975.4404869608113,2,5,Debit Card,10,5,0,1853.3369252255413,10,Monday,42
4593,2023-01-19,1132,57,Sports,966.7333189555444,1,5,Net Banking,9,4,0,918.3966530077671,1,Thursday,3
4594,2023-07-14,2418,31,Electronics,354.90417950103677,3,20,Digital Wallet,1,4,0,851.7700308024883,7,Friday,28
4595,2023-11-26,2088,56,Home,991.3538337575931,2,10,Debit Card,6,5,0,1784.4369007636676,11,Sunday,47
4596,2023-06-24,1289,53,Fashion,460.9233700791597,3,0,Credit Card,13,5,0,1382.7701102374792,6,Saturday,25
4597,2023-12-20,1375,34,Books,853.3178961742815,1,15,Digital Wallet,3,5,0,725.3202117481393,12,Wednesday,51
4598,2023-05-21,1768,54,Electronics,224.15676932878227,2,5,Debit Card,12,5,0,425.8978617246863,5,Sunday,20
4599,2023-09-03,1466,61,Books,510.77484786003635,1,20,Digital Wallet,9,4,0,408.6198782880291,9,Sunday,35
4600,2023-04-03,2236,26,Electronics,966.3519751663293,1,5,Debit Card,14,1,0,918.0343764080128,4,Monday,14
4601,2023-08-27,2171,37,Fashion,947.5610829541932,3,15,Net Banking,12,4,0,2416.2807615331926,8,Sunday,34
4602,2023-07-24,1470,62,Electronics,686.8975290432124,4,0,Debit Card,3,5,0,2747.59011617285,7,Monday,30
4603,2023-02-17,1148,45,Electronics,799.8361793275293,2,5,Digital Wallet,2,5,0,1519.6887407223055,2,Friday,7
4604,2023-09-02,1087,67,Fashion,184.6624296363774,2,20,Debit Card,8,3,1,295.45988741820383,9,Saturday,35
4605,2023-11-16,2347,37,Books,724.4419639893158,4,20,Debit Card,3,2,0,2318.2142847658106,11,Thursday,46
4606,2023-11-13,1395,58,Books,621.8703002520185,2,10,Digital Wallet,5,4,0,1119.3665404536334,11,Monday,46
4607,2023-10-22,1789,53,Sports,100.63621839373363,3,20,Debit Card,12,5,0,241.5269241449607,10,Sunday,42
4608,2023-05-08,2427,44,Books,122.0274165237795,2,10,Debit Card,6,3,0,219.64934974280308,5,Monday,19
4609,2023-12-10,2105,25,Books,117.35918157374925,3,0,Digital Wallet,12,5,0,352.07754472124776,12,Sunday,49
4610,2023-10-09,2309,49,Electronics,727.1133654815372,2,15,Net Banking,10,4,0,1236.0927213186133,10,Monday,41
4611,2023-01-17,2405,18,Sports,150.2980561650967,3,10,Credit Card,14,5,0,405.80475164576114,1,Tuesday,3
4612,2023-03-12,1864,34,Fashion,473.05494840332574,4,5,Credit Card,10,1,0,1797.6088039326378,3,Sunday,10
4613,2023-09-26,2293,26,Fashion,363.41198781898015,2,5,Credit Card,1,4,0,690.4827768560623,9,Tuesday,39
4614,2023-11-21,2315,37,Home,554.9990993625156,3,15,Credit Card,7,5,0,1415.2477033744149,11,Tuesday,47
4615,2023-10-09,2476,62,Sports,709.4117223472088,1,20,Credit Card,11,5,0,567.529377877767,10,Monday,41
4616,2023-11-01,1023,49,Electronics,687.8753118491187,1,5,Credit Card,7,5,0,653.4815462566627,11,Wednesday,44
4617,2023-01-07,1955,19,Home,520.3647167552328,1,10,Digital Wallet,5,3,0,468.3282450797096,1,Saturday,1
4618,2023-11-10,1310,49,Home,469.69152487428164,2,15,Digital Wallet,9,5,0,798.4755922862788,11,Friday,45
4619,2023-11-01,2484,62,Fashion,403.8374391710361,3,5,Digital Wallet,11,3,0,1150.9367016374529,11,Wednesday,44
4620,2023-04-13,2231,26,Books,863.2908488213355,1,20,Debit Card,2,5,0,690.6326790570685,4,Thursday,15
4621,2023-11-05,1663,47,Electronics,337.54328682391855,2,20,Net Banking,5,3,0,540.0692589182697,11,Sunday,44
4622,2023-07-12,1437,37,Sports,266.7721629558199,3,5,Net Banking,2,3,0,760.3006644240867,7,Wednesday,28
4623,2023-08-29,1705,55,Home,745.8823387187185,1,15,Credit Card,14,4,0,633.9999879109107,8,Tuesday,35
4624,2023-03-03,2359,18,Electronics,366.1658270797592,1,0,Credit Card,2,4,0,366.1658270797592,3,Friday,9
4625,2023-01-17,1421,22,Fashion,848.5286137596958,2,5,Digital Wallet,12,4,0,1612.2043661434218,1,Tuesday,3
4626,2023-06-20,1320,52,Home,334.6098314507733,3,20,Net Banking,11,5,0,803.0635954818559,6,Tuesday,25
4627,2023-01-25,1586,53,Home,704.9253763288423,2,0,Debit Card,9,4,0,1409.8507526576846,1,Wednesday,4
4628,2023-09-08,1946,18,Fashion,54.65791622248273,1,15,Debit Card,7,1,0,46.45922878911032,9,Friday,36
4629,2023-09-10,2186,31,Fashion,391.7072513092168,2,20,Digital Wallet,4,4,0,626.7316020947469,9,Sunday,36
4630,2023-07-26,2188,26,Fashion,349.797873217876,2,15,Credit Card,14,2,0,594.6563844703892,7,Wednesday,30
4631,2023-01-29,1848,47,Electronics,818.5119518831641,1,5,Net Banking,11,3,0,777.5863542890058,1,Sunday,4
4632,2023-04-27,2318,41,Electronics,967.384849196027,1,15,Debit Card,14,2,0,822.2771218166229,4,Thursday,17
4633,2023-10-09,1041,21,Electronics,466.2724639260318,3,20,Credit Card,8,3,0,1119.0539134224762,10,Monday,41
4634,2023-05-24,2308,67,Books,826.5879143822204,3,5,Net Banking,11,5,0,2355.7755559893285,5,Wednesday,21
4635,2023-01-25,1938,31,Home,702.6977539477914,1,20,Debit Card,11,5,0,562.1582031582332,1,Wednesday,4
4636,2023-11-06,1386,42,Electronics,967.7121277870563,1,20,Credit Card,13,5,0,774.169702229645,11,Monday,45
4637,2023-06-05,2161,21,Books,812.9974291993965,4,0,Debit Card,4,5,0,3251.989716797586,6,Monday,23
4638,2023-03-14,2210,42,Home,86.70328530409321,4,10,Credit Card,1,5,0,312.13182709473557,3,Tuesday,11
4639,2023-04-30,1909,27,Electronics,716.1489051584139,3,15,Credit Card,12,4,0,1826.1797081539553,4,Sunday,17
4640,2023-11-08,1715,52,Fashion,540.1447182681499,2,15,Credit Card,14,4,0,918.2460210558547,11,Wednesday,45
4641,2023-11-17,1430,24,Sports,26.27169735300389,1,0,Net Banking,10,5,0,26.27169735300389,11,Friday,46
4642,2023-04-03,1553,59,Electronics,258.79982913818924,1,15,Digital Wallet,14,5,0,219.97985476746084,4,Monday,14
4643,2023-03-27,2439,30,Sports,922.5376925766241,2,0,Credit Card,3,5,0,1845.0753851532481,3,Monday,13
4644,2023-12-02,1799,21,Electronics,926.8007590588854,3,15,Credit Card,10,5,0,2363.3419356001577,12,Saturday,48
4645,2023-12-30,1425,67,Fashion,800.8619555986281,4,15,Debit Card,12,5,0,2722.9306490353356,12,Saturday,52
4646,2023-04-28,2439,60,Sports,981.9618072452096,3,20,Debit Card,1,5,0,2356.708337388503,4,Friday,17
4647,2023-08-21,1025,53,Books,808.4797723779628,2,0,Net Banking,2,5,0,1616.9595447559257,8,Monday,34
4648,2023-07-18,2394,31,Fashion,20.10214541239274,1,15,Digital Wallet,2,4,0,17.08682360053383,7,Tuesday,29
4649,2023-07-25,1384,35,Sports,294.95599689849666,4,10,Debit Card,7,5,0,1061.841588834588,7,Tuesday,30
4650,2023-12-05,1055,25,Sports,40.31794041538524,2,0,Net Banking,13,5,0,80.63588083077047,12,Tuesday,49
4651,2023-05-27,2276,49,Fashion,103.16688905018385,1,0,Net Banking,4,5,0,103.16688905018385,5,Saturday,21
4652,2023-09-28,1633,44,Fashion,226.6524087812683,3,0,Net Banking,10,4,0,679.9572263438049,9,Thursday,39
4653,2023-05-19,1105,59,Fashion,508.5229608622672,4,20,Credit Card,12,5,0,1627.2734747592551,5,Friday,20
4654,2023-06-30,2153,54,Home,849.0566834273975,1,0,Digital Wallet,9,3,0,849.0566834273975,6,Friday,26
4655,2023-01-30,1848,40,Books,863.347088595537,1,20,Digital Wallet,2,5,0,690.6776708764296,1,Monday,5
4656,2023-02-26,1669,24,Electronics,620.0398399717235,1,10,Digital Wallet,9,5,0,558.0358559745512,2,Sunday,8
4657,2023-08-20,1375,29,Sports,928.8941796755727,1,5,Credit Card,6,2,0,882.449470691794,8,Sunday,33
4658,2023-05-26,1742,42,Electronics,505.06170332430605,1,20,Credit Card,10,5,0,404.04936265944485,5,Friday,21
4659,2023-02-17,1966,20,Fashion,890.1456836918695,3,15,Debit Card,8,5,0,2269.871493414267,2,Friday,7
4660,2023-07-13,1307,43,Books,459.524603768692,2,0,Debit Card,7,4,0,919.049207537384,7,Thursday,28
4661,2023-08-12,1090,21,Books,284.45275734766346,4,5,Debit Card,11,2,1,1080.9204779211211,8,Saturday,32
4662,2023-05-16,2416,59,Home,917.2487889194234,3,20,Net Banking,13,4,1,2201.397093406616,5,Tuesday,20
4663,2023-01-22,1801,53,Fashion,394.0557249220806,4,15,Digital Wallet,8,5,0,1339.789464735074,1,Sunday,3
4664,2023-01-06,1109,32,Sports,508.370067756017,1,5,Credit Card,13,4,1,482.95156436821617,1,Friday,1
4665,2023-07-23,1584,49,Home,335.57202620537043,2,10,Debit Card,13,5,0,604.0296471696668,7,Sunday,29
4666,2023-08-27,1339,46,Fashion,666.2092242878225,1,20,Net Banking,9,4,0,532.967379430258,8,Sunday,34
4667,2023-07-04,1978,27,Home,995.0809127559751,3,20,Credit Card,12,2,0,2388.19419061434,7,Tuesday,27
4668,2023-12-26,1355,38,Electronics,35.25841337612195,3,10,Net Banking,13,4,0,95.19771611552927,12,Tuesday,52
4669,2023-10-19,1167,33,Fashion,900.8495259470304,4,20,Net Banking,8,4,0,2882.7184830304977,10,Thursday,42
4670,2023-12-01,1556,64,Sports,13.886796419372748,1,0,Net Banking,6,5,0,13.886796419372748,12,Friday,48
4671,2023-08-08,2475,36,Sports,370.58560233474896,1,20,Digital Wallet,8,5,0,296.4684818677992,8,Tuesday,32
4672,2023-04-26,1904,46,Fashion,176.92073822661916,2,0,Credit Card,8,4,0,353.84147645323833,4,Wednesday,17
4673,2023-11-09,1104,69,Home,759.7683628658258,2,20,Credit Card,2,4,0,1215.6293805853213,11,Thursday,45
4674,2023-02-18,1149,68,Books,60.10473234960175,1,15,Net Banking,2,5,0,51.08902249716149,2,Saturday,7
4675,2023-06-22,1145,35,Fashion,557.9501040484846,4,15,Digital Wallet,11,4,0,1897.0303537648476,6,Thursday,25
4676,2023-03-23,1715,61,Sports,301.9768725068595,2,5,Net Banking,1,4,0,573.756057763033,3,Thursday,12
4677,2023-11-18,1873,33,Electronics,142.33354637605512,1,15,Debit Card,10,3,0,120.98351441964685,11,Saturday,46
4678,2023-11-29,1298,18,Sports,774.1000299816144,1,10,Credit Card,2,5,1,696.690026983453,11,Wednesday,48
4679,2023-02-14,2190,65,Books,225.24266591270415,1,5,Credit Card,7,4,0,213.98053261706895,2,Tuesday,7
4680,2023-12-01,1645,19,Sports,231.4384599343895,3,15,Digital Wallet,11,5,0,590.1680728326933,12,Friday,48
4681,2023-01-20,1722,32,Books,282.3260172865438,4,0,Credit Card,3,5,0,1129.3040691461752,1,Friday,3
4682,2023-08-09,2071,56,Fashion,590.8990961897471,1,20,Credit Card,4,3,0,472.71927695179767,8,Wednesday,32
4683,2023-05-03,1637,45,Sports,663.0692723738408,1,15,Credit Card,4,3,0,563.6088815177646,5,Wednesday,18
4684,2023-08-22,1238,18,Home,27.426498464331512,1,0,Digital Wallet,4,5,0,27.426498464331512,8,Tuesday,34
4685,2023-08-09,2030,22,Home,249.4509397526524,2,5,Net Banking,2,5,0,473.95678553003955,8,Wednesday,32
4686,2023-11-19,1463,59,Sports,436.66113408023,1,20,Credit Card,11,5,0,349.328907264184,11,Sunday,46
4687,2023-12-05,1452,39,Sports,338.65718263962077,3,15,Net Banking,6,1,0,863.575815731033,12,Tuesday,49
4688,2023-01-03,1783,53,Electronics,885.3289519257772,3,5,Digital Wallet,1,4,0,2523.1875129884647,1,Tuesday,1
4689,2023-07-01,1896,63,Sports,789.8316435775546,4,15,Net Banking,12,5,0,2685.4275881636854,7,Saturday,26
4690,2023-07-25,1370,30,Electronics,629.6313133834392,1,5,Debit Card,14,4,0,598.1497477142672,7,Tuesday,30
4691,2023-11-16,1486,18,Electronics,344.66199183706937,1,15,Credit Card,5,5,0,292.96269306150896,11,Thursday,46
4692,2023-02-09,2234,33,Electronics,703.6656213976983,1,0,Digital Wallet,2,1,0,703.6656213976983,2,Thursday,6
4693,2023-02-28,1164,58,Electronics,845.2016327173365,3,10,Digital Wallet,9,5,1,2282.0444083368084,2,Tuesday,9
4694,2023-03-03,2148,39,Fashion,598.8820735853968,2,0,Net Banking,2,4,1,1197.7641471707936,3,Friday,9
4695,2023-05-12,2360,49,Home,786.6168522244453,2,20,Credit Card,6,5,0,1258.5869635591125,5,Friday,19
4696,2023-03-01,1191,33,Electronics,751.6139117857504,1,15,Digital Wallet,4,5,0,638.8718250178878,3,Wednesday,9
4697,2023-11-27,1729,68,Home,576.019938048719,2,10,Debit Card,14,4,0,1036.8358884876943,11,Monday,48
4698,2023-05-02,1213,32,Electronics,319.0613846532959,4,10,Net Banking,6,3,0,1148.620984751865,5,Tuesday,18
4699,2023-04-17,1573,63,Home,748.3243364212591,3,20,Debit Card,2,5,0,1795.978407411022,4,Monday,16
4700,2023-04-06,2351,69,Sports,214.7284026940304,1,20,Debit Card,12,5,0,171.78272215522432,4,Thursday,14
4701,2023-12-13,1956,59,Sports,781.6934630068184,2,10,Net Banking,2,5,0,1407.0482334122732,12,Wednesday,50
4702,2023-08-23,1380,29,Home,806.5012252211077,1,20,Debit Card,12,3,0,645.2009801768862,8,Wednesday,34
4703,2023-03-03,1672,18,Electronics,823.9234307746693,1,20,Net Banking,7,5,1,659.1387446197355,3,Friday,9
4704,2023-09-13,1797,34,Fashion,478.186811268673,3,15,Net Banking,3,4,0,1219.376368735116,9,Wednesday,37
4705,2023-02-18,1238,58,Home,200.55596009271744,3,0,Digital Wallet,3,4,1,601.6678802781523,2,Saturday,7
4706,2023-12-14,1699,68,Books,108.72636406540805,2,5,Digital Wallet,7,4,1,206.5800917242753,12,Thursday,50
4707,2023-06-08,2105,67,Fashion,745.927637983045,3,10,Debit Card,8,4,0,2014.0046225542217,6,Thursday,23
4708,2023-05-04,2386,45,Books,887.3987706845151,4,5,Debit Card,7,4,0,3372.115328601157,5,Thursday,18
4709,2023-11-13,1504,24,Home,654.3299752485376,1,10,Debit Card,3,5,0,588.8969777236839,11,Monday,46
4710,2023-07-26,1201,26,Electronics,152.7184597844859,3,10,Debit Card,3,4,0,412.3398414181119,7,Wednesday,30
4711,2023-02-17,1919,39,Books,935.5474840323983,2,0,Debit Card,7,4,0,1871.0949680647966,2,Friday,7
4712,2023-05-16,1036,43,Home,989.2109943939264,2,10,Digital Wallet,3,1,0,1780.5797899090676,5,Tuesday,20
4713,2023-07-20,1643,29,Fashion,439.04482383557274,2,10,Debit Card,13,5,0,790.280682904031,7,Thursday,29
4714,2023-09-07,2425,24,Electronics,598.8770363810335,4,0,Debit Card,2,3,0,2395.508145524134,9,Thursday,36
4715,2023-11-10,1764,63,Books,779.4562348016411,3,20,Credit Card,14,4,0,1870.694963523939,11,Friday,45
4716,2023-12-23,1705,64,Home,739.0258921495442,3,5,Net Banking,7,4,0,2106.223792626201,12,Saturday,51
4717,2023-11-14,2199,32,Electronics,968.1093200141147,4,10,Net Banking,3,2,0,3485.193552050813,11,Tuesday,46
4718,2023-10-22,1544,55,Electronics,123.73426016800103,3,0,Digital Wallet,5,4,0,371.2027805040031,10,Sunday,42
4719,2023-11-10,2490,38,Sports,584.9176174813776,3,10,Net Banking,7,4,0,1579.2775671997197,11,Friday,45
4720,2023-07-28,2224,31,Electronics,695.0121054763612,3,0,Debit Card,13,4,0,2085.0363164290834,7,Friday,30
4721,2023-12-21,1539,19,Home,891.1974399457933,4,5,Net Banking,2,4,0,3386.5502717940144,12,Thursday,51
4722,2023-07-30,2016,25,Fashion,875.3685314409692,4,15,Digital Wallet,8,4,0,2976.253006899295,7,Sunday,30
4723,2023-07-11,1393,62,Sports,978.2197956256771,2,20,Net Banking,2,5,0,1565.1516730010835,7,Tuesday,28
4724,2023-02-13,1832,23,Home,516.9576693983022,4,15,Net Banking,4,5,0,1757.6560759542274,2,Monday,7
4725,2023-01-29,2065,54,Home,832.4532581450943,4,0,Credit Card,4,5,0,3329.8130325803772,1,Sunday,4
4726,2023-02-28,1596,54,Home,433.00889104605443,2,10,Credit Card,8,5,0,779.4160038828979,2,Tuesday,9
4727,2023-03-12,1392,50,Books,428.09073907747194,4,20,Debit Card,11,5,0,1369.8903650479103,3,Sunday,10
4728,2023-04-02,1699,58,Books,260.8148808281304,3,5,Net Banking,1,2,0,743.3224103601716,4,Sunday,13
4729,2023-09-22,1440,23,Fashion,820.0549141490375,1,20,Debit Card,12,4,0,656.0439313192301,9,Friday,38
4730,2023-08-08,1917,69,Home,985.9569547553805,2,10,Net Banking,9,5,0,1774.7225185596849,8,Tuesday,32
4731,2023-08-03,1319,43,Books,263.7783110637853,1,15,Debit Card,6,1,1,224.21156440421748,8,Thursday,31
4732,2023-10-04,1552,56,Books,65.57027214086159,1,0,Debit Card,4,5,0,65.57027214086159,10,Wednesday,40
4733,2023-03-05,2238,58,Books,817.3870130448173,2,15,Net Banking,6,5,0,1389.5579221761893,3,Sunday,9
4734,2023-12-12,2094,54,Fashion,624.0277520094086,1,20,Credit Card,13,5,0,499.22220160752687,12,Tuesday,50
4735,2023-10-19,1567,31,Fashion,960.1018125454943,1,10,Digital Wallet,13,2,0,864.091631290945,10,Thursday,42
4736,2023-09-02,1918,54,Home,259.71682688618273,2,0,Debit Card,6,5,0,519.4336537723655,9,Saturday,35
4737,2023-03-03,1235,25,Sports,80.31738142126827,2,10,Digital Wallet,13,4,0,144.57128655828288,3,Friday,9
4738,2023-11-28,2304,56,Home,497.51783825783656,3,10,Net Banking,14,5,0,1343.2981632961587,11,Tuesday,48
4739,2023-06-19,1986,30,Books,94.61136273549602,2,20,Debit Card,9,4,0,151.37818037679364,6,Monday,25
4740,2023-09-26,2185,30,Books,269.17210109168036,4,15,Net Banking,11,4,0,915.1851437117132,9,Tuesday,39
4741,2023-09-24,2214,57,Electronics,134.7180822109766,1,10,Debit Card,14,5,0,121.24627398987894,9,Sunday,38
4742,2023-02-23,2032,60,Home,231.89085786347792,2,10,Credit Card,12,4,1,417.40354415426026,2,Thursday,8
4743,2023-01-16,1059,45,Books,115.08320629317794,3,10,Debit Card,4,3,0,310.72465699158045,1,Monday,3
4744,2023-01-08,1892,35,Books,954.3669394330125,2,0,Debit Card,8,1,0,1908.733878866025,1,Sunday,1
4745,2023-04-14,1224,36,Sports,285.77708631523814,1,10,Debit Card,1,4,0,257.1993776837143,4,Friday,15
4746,2023-02-28,1699,55,Electronics,449.4586101326398,2,10,Net Banking,6,5,0,809.0254982387517,2,Tuesday,9
4747,2023-11-09,1581,49,Home,899.6256895578802,1,20,Credit Card,5,4,1,719.7005516463041,11,Thursday,45
4748,2023-02-09,2310,39,Fashion,680.5483720818596,2,10,Net Banking,3,1,0,1224.9870697473473,2,Thursday,6
4749,2023-08-25,1993,19,Home,621.8571057561566,3,10,Digital Wallet,4,5,0,1679.0141855416227,8,Friday,34
4750,2023-04-04,1168,30,Home,708.5075584572288,4,20,Credit Card,8,2,0,2267.2241870631324,4,Tuesday,14
4751,2023-08-10,2085,40,Sports,830.534034534328,3,0,Debit Card,11,5,0,2491.6021036029842,8,Thursday,32
4752,2023-07-23,2372,42,Home,878.8925751732434,2,15,Debit Card,11,4,1,1494.1173777945137,7,Sunday,29
4753,2023-05-18,2465,45,Sports,646.2132739583762,1,20,Debit Card,10,4,0,516.970619166701,5,Thursday,20
4754,2023-10-27,1013,28,Sports,891.1072019471171,3,0,Digital Wallet,11,3,0,2673.3216058413514,10,Friday,43
4755,2023-07-26,1163,50,Books,540.0435521512221,4,15,Digital Wallet,14,2,0,1836.1480773141552,7,Wednesday,30
4756,2023-12-02,2443,41,Fashion,284.5179477057392,4,10,Debit Card,2,5,0,1024.2646117406612,12,Saturday,48
4757,2023-03-22,1756,19,Sports,881.2759417950059,1,20,Debit Card,8,4,0,705.0207534360047,3,Wednesday,12
4758,2023-08-06,2051,47,Electronics,546.0580991389562,2,10,Digital Wallet,7,5,0,982.9045784501212,8,Sunday,31
4759,2023-01-02,1445,34,Electronics,907.076211691562,3,20,Net Banking,1,5,0,2176.9829080597488,1,Monday,1
4760,2023-06-27,2231,57,Fashion,49.76613581107541,3,15,Credit Card,13,3,0,126.9036463182423,6,Tuesday,26
4761,2023-12-12,2493,51,Sports,403.54059402582317,1,0,Credit Card,2,5,0,403.54059402582317,12,Tuesday,50
4762,2023-10-06,1715,55,Fashion,948.3269681788436,3,20,Digital Wallet,7,3,0,2275.984723629225,10,Friday,40
4763,2023-05-26,1975,39,Books,257.15359183071973,1,0,Digital Wallet,11,5,0,257.15359183071973,5,Friday,21
4764,2023-11-14,1818,22,Electronics,942.1208835781077,1,10,Net Banking,13,4,0,847.908795220297,11,Tuesday,46
4765,2023-08-12,1103,65,Home,954.3634365179574,2,10,Debit Card,11,3,0,1717.8541857323235,8,Saturday,32
4766,2023-03-03,1741,57,Electronics,883.3208910836024,1,15,Digital Wallet,3,5,0,750.8227574210621,3,Friday,9
4767,2023-10-21,1425,68,Sports,568.0313646423657,3,15,Net Banking,2,5,0,1448.4799798380327,10,Saturday,42
4768,2023-08-27,2124,33,Fashion,650.4700545898321,1,5,Digital Wallet,1,5,0,617.9465518603405,8,Sunday,34
4769,2023-07-14,1638,30,Electronics,870.9208284653705,3,5,Debit Card,7,4,0,2482.1243611263058,7,Friday,28
4770,2023-06-15,1849,43,Home,778.1381115652925,1,15,Digital Wallet,3,5,0,661.4173948304987,6,Thursday,24
4771,2023-08-10,2129,48,Home,633.7929109608575,2,10,Debit Card,6,5,0,1140.8272397295436,8,Thursday,32
4772,2023-03-02,1768,69,Fashion,982.4368137919956,2,0,Net Banking,10,4,0,1964.8736275839913,3,Thursday,9
4773,2023-05-09,1276,56,Fashion,688.8198699703572,1,15,Credit Card,8,4,0,585.4968894748037,5,Tuesday,19
4774,2023-06-22,2088,65,Electronics,975.7271725232836,1,0,Net Banking,6,5,0,975.7271725232836,6,Thursday,25
4775,2023-06-05,1899,40,Sports,66.81458986101983,1,5,Credit Card,14,5,0,63.47386036796883,6,Monday,23
4776,2023-04-20,1187,65,Books,147.57076703479032,2,0,Net Banking,7,5,0,295.14153406958064,4,Thursday,16
4777,2023-09-26,2340,29,Home,456.9442575404857,4,15,Credit Card,11,4,0,1553.6104756376512,9,Tuesday,39
4778,2023-12-22,2161,31,Fashion,391.03066627547196,1,10,Net Banking,6,5,0,351.92759964792475,12,Friday,51
4779,2023-10-05,2366,35,Books,784.9074929434574,4,15,Debit Card,7,2,0,2668.6854760077554,10,Thursday,40
4780,2023-03-15,1104,44,Books,169.00788620451172,1,20,Credit Card,5,5,1,135.2063089636094,3,Wednesday,11
4781,2023-07-26,1545,45,Books,976.3342273203737,3,20,Credit Card,9,5,0,2343.202145568897,7,Wednesday,30
4782,2023-10-06,1379,35,Sports,321.91521650830487,2,20,Debit Card,3,4,1,515.0643464132878,10,Friday,40
4783,2023-11-22,1109,33,Fashion,434.63447066275785,4,10,Debit Card,6,5,0,1564.6840943859283,11,Wednesday,47
4784,2023-12-06,1544,69,Home,281.99758211562266,4,15,Credit Card,9,3,0,958.791779193117,12,Wednesday,49
4785,2023-12-23,1353,33,Fashion,583.5699811532818,2,20,Credit Card,1,4,0,933.7119698452509,12,Saturday,51
4786,2023-12-06,1742,30,Electronics,68.04241341835811,4,15,Credit Card,5,4,0,231.34420562241758,12,Wednesday,49
4787,2023-07-23,1316,46,Home,158.1807305147443,1,5,Digital Wallet,13,5,0,150.27169398900708,7,Sunday,29
4788,2023-06-10,2289,26,Fashion,748.3397263845369,4,20,Net Banking,4,4,0,2394.687124430518,6,Saturday,23
4789,2023-01-28,2088,43,Home,194.63557757075588,1,20,Debit Card,9,1,0,155.70846205660473,1,Saturday,4
4790,2023-09-14,1332,45,Electronics,243.1593070410962,4,10,Debit Card,11,3,0,875.3735053479464,9,Thursday,37
4791,2023-06-14,2156,58,Home,795.0524133675893,3,15,Net Banking,13,5,0,2027.3836540873526,6,Wednesday,24
4792,2023-03-04,1591,30,Books,102.36816657368107,4,10,Debit Card,11,1,0,368.5253996652518,3,Saturday,9
4793,2023-01-22,1782,53,Sports,443.0990845431325,4,10,Debit Card,1,5,1,1595.156704355277,1,Sunday,3
4794,2023-03-11,1539,26,Electronics,32.83275312725472,1,15,Credit Card,13,5,1,27.90784015816651,3,Saturday,10
4795,2023-04-06,1734,64,Home,353.33932532472477,2,5,Debit Card,4,4,0,671.344718116977,4,Thursday,14
4796,2023-06-12,1620,31,Electronics,701.9915885846469,3,15,Digital Wallet,1,5,0,1790.0785508908498,6,Monday,24
4797,2023-03-20,1618,68,Books,99.20224692005603,2,5,Digital Wallet,3,4,0,188.48426914810645,3,Monday,12
4798,2023-01-05,2392,29,Sports,889.4512805109724,1,10,Credit Card,4,4,0,800.5061524598752,1,Thursday,1
4799,2023-11-12,1908,49,Electronics,910.4040525113089,3,5,Credit Card,1,3,0,2594.6515496572306,11,Sunday,45
4800,2023-04-30,1991,55,Books,113.94047137388374,4,5,Debit Card,5,5,1,432.9737912207582,4,Sunday,17
4801,2023-10-29,1098,20,Books,990.825112012019,2,5,Credit Card,6,5,0,1882.567712822836,10,Sunday,43
4802,2023-06-27,1316,69,Books,304.55425786153404,2,20,Credit Card,1,5,0,487.2868125784545,6,Tuesday,26
4803,2023-06-25,1122,33,Home,93.26065442028998,2,20,Net Banking,10,5,0,149.21704707246397,6,Sunday,25
4804,2023-08-05,2343,37,Fashion,15.016443352289649,4,10,Credit Card,11,5,0,54.059196068242734,8,Saturday,31
4805,2023-02-25,1798,49,Electronics,414.43766680622394,1,15,Digital Wallet,13,3,0,352.27201678529036,2,Saturday,8
4806,2023-07-06,1456,40,Fashion,633.5118858490565,4,5,Debit Card,13,3,0,2407.3451662264147,7,Thursday,27
4807,2023-08-20,1521,34,Books,338.8574574042801,4,20,Credit Card,10,4,0,1084.3438636936964,8,Sunday,33
4808,2023-09-12,1519,33,Fashion,838.3501918198765,1,15,Net Banking,14,5,0,712.597663046895,9,Tuesday,37
4809,2023-04-14,1916,55,Books,719.4402128093996,1,5,Debit Card,12,4,0,683.4682021689296,4,Friday,15
4810,2023-03-18,1716,25,Books,356.65991664835235,4,15,Debit Card,13,5,0,1212.643716604398,3,Saturday,11
4811,2023-08-18,1314,36,Sports,736.9665699425186,1,0,Debit Card,12,5,0,736.9665699425186,8,Friday,33
4812,2023-09-15,1708,47,Sports,941.0828595995573,2,5,Net Banking,4,5,0,1788.0574332391589,9,Friday,37
4813,2023-09-21,1709,51,Fashion,102.16503855758691,3,15,Digital Wallet,4,2,0,260.52084832184664,9,Thursday,38
4814,2023-11-27,2043,31,Electronics,313.0429205560407,1,5,Net Banking,14,3,0,297.39077452823864,11,Monday,48
4815,2023-07-01,1559,39,Fashion,468.6926797255264,3,5,Net Banking,1,4,0,1335.77413721775,7,Saturday,26
4816,2023-09-13,1968,61,Electronics,503.0102264772209,2,0,Debit Card,2,5,0,1006.0204529544418,9,Wednesday,37
4817,2023-02-07,2153,34,Fashion,546.7736884372129,1,15,Net Banking,11,4,0,464.7576351716309,2,Tuesday,6
4818,2023-06-25,2316,32,Home,307.62063747326204,4,10,Debit Card,10,5,0,1107.4342949037434,6,Sunday,25
4819,2023-01-27,2155,67,Home,670.5870495225256,4,20,Credit Card,5,5,0,2145.878558472082,1,Friday,4
4820,2023-10-03,1355,65,Electronics,648.6336584945315,2,5,Credit Card,2,4,0,1232.4039511396097,10,Tuesday,40
4821,2023-05-20,2077,49,Sports,582.0432912088977,1,5,Net Banking,3,3,0,552.9411266484528,5,Saturday,20
4822,2023-10-26,1889,30,Electronics,122.62410449376785,4,5,Digital Wallet,9,5,0,465.9715970763178,10,Thursday,43
4823,2023-10-14,1792,38,Fashion,482.19821218498504,1,5,Debit Card,5,5,0,458.0883015757358,10,Saturday,41
4824,2023-04-01,2410,66,Books,362.6646186144818,3,20,Net Banking,1,5,0,870.3950846747565,4,Saturday,13
4825,2023-03-02,1264,57,Home,496.12808513974136,4,10,Net Banking,5,1,0,1786.061106503069,3,Thursday,9
4826,2023-12-31,1981,50,Books,922.6477711598758,2,0,Digital Wallet,3,4,0,1845.2955423197516,12,Sunday,52
4827,2023-12-13,2238,44,Home,485.7260297268242,4,10,Debit Card,1,4,0,1748.613707016567,12,Wednesday,50
4828,2023-06-12,2483,52,Fashion,23.840983921116724,2,20,Net Banking,3,5,1,38.14557427378676,6,Monday,24
4829,2023-12-17,2481,33,Home,444.44837070328964,2,15,Digital Wallet,11,1,0,755.5622301955924,12,Sunday,50
4830,2023-05-23,1801,45,Electronics,822.4416982488883,3,0,Debit Card,6,5,0,2467.325094746665,5,Tuesday,21
4831,2023-09-10,1042,51,Books,782.2603139859865,3,0,Credit Card,10,4,0,2346.7809419579594,9,Sunday,36
4832,2023-09-26,1861,64,Books,518.2561727928992,2,15,Digital Wallet,5,5,1,881.0354937479286,9,Tuesday,39
4833,2023-10-18,2301,18,Fashion,257.27132273072215,4,5,Net Banking,12,4,0,977.6310263767441,10,Wednesday,42
4834,2023-07-06,2153,58,Books,470.43777628539965,2,20,Credit Card,12,4,0,752.7004420566395,7,Thursday,27
4835,2023-10-31,1349,65,Fashion,568.0651972240097,1,15,Debit Card,1,5,0,482.85541764040823,10,Tuesday,44
4836,2023-10-18,2129,48,Sports,999.8727238913925,1,10,Digital Wallet,11,4,0,899.8854515022533,10,Wednesday,42
4837,2023-03-27,1911,53,Electronics,647.7363092676835,4,10,Credit Card,2,4,1,2331.850713363661,3,Monday,13
4838,2023-06-15,1000,61,Home,697.3222807619874,4,15,Credit Card,5,5,0,2370.895754590757,6,Thursday,24
4839,2023-04-24,1583,50,Home,496.53960213237144,3,20,Net Banking,9,5,0,1191.6950451176915,4,Monday,17
4840,2023-12-22,1431,50,Home,360.9446552747046,1,0,Credit Card,11,4,0,360.9446552747046,12,Friday,51
4841,2023-07-02,2329,56,Sports,814.823453810734,2,0,Net Banking,14,5,0,1629.646907621468,7,Sunday,26
4842,2023-07-26,1052,35,Electronics,499.9830010958438,2,5,Debit Card,12,4,0,949.9677020821032,7,Wednesday,30
4843,2023-09-13,1939,40,Books,994.7432286648799,1,20,Net Banking,12,3,1,795.794582931904,9,Wednesday,37
4844,2023-08-23,1519,40,Books,462.54936852536366,1,10,Digital Wallet,13,4,0,416.29443167282733,8,Wednesday,34
4845,2023-12-21,2353,32,Electronics,77.3202808111016,3,10,Credit Card,5,5,0,208.76475818997432,12,Thursday,51
4846,2023-01-03,2348,43,Electronics,685.7523557191819,1,5,Debit Card,5,5,0,651.4647379332228,1,Tuesday,1
4847,2023-07-27,2137,47,Home,56.175036416552956,3,10,Net Banking,1,3,0,151.67259832469298,7,Thursday,30
4848,2023-07-16,1146,42,Books,257.99658091585627,4,5,Net Banking,5,1,0,980.3870074802538,7,Sunday,28
4849,2023-12-07,2189,62,Electronics,360.2008702521043,4,5,Net Banking,8,2,0,1368.7633069579963,12,Thursday,49
4850,2023-05-05,2402,33,Books,742.0887497651144,1,15,Debit Card,9,4,0,630.7754373003472,5,Friday,18
4851,2023-05-18,2162,56,Electronics,499.2935671435367,1,0,Debit Card,10,5,0,499.2935671435367,5,Thursday,20
4852,2023-12-05,1628,65,Fashion,38.359471997154046,1,20,Digital Wallet,3,4,0,30.687577597723237,12,Tuesday,49
4853,2023-01-25,1298,62,Home,620.681352763163,1,20,Debit Card,4,3,0,496.5450822105304,1,Wednesday,4
4854,2023-03-09,2299,31,Electronics,417.32187505239574,2,0,Net Banking,7,4,0,834.6437501047915,3,Thursday,10
4855,2023-03-02,1788,34,Sports,922.616164867436,2,20,Debit Card,7,3,0,1476.1858637878977,3,Thursday,9
4856,2023-01-29,1849,29,Electronics,504.5666880288331,4,10,Net Banking,1,4,0,1816.440076903799,1,Sunday,4
4857,2023-01-19,1177,46,Fashion,711.8853944799456,2,10,Digital Wallet,11,5,0,1281.393710063902,1,Thursday,3
4858,2023-06-20,1841,49,Sports,226.6798074062514,1,20,Digital Wallet,6,4,0,181.34384592500112,6,Tuesday,25
4859,2023-03-15,2377,41,Sports,763.3638288863367,3,15,Net Banking,13,3,0,1946.5777636601586,3,Wednesday,11
4860,2023-03-02,2177,69,Electronics,723.7457573788356,4,20,Debit Card,12,4,0,2315.986423612274,3,Thursday,9
4861,2023-06-02,2224,30,Fashion,905.0408914558951,1,5,Debit Card,14,5,0,859.7888468831003,6,Friday,22
4862,2023-10-03,1877,37,Sports,43.48342530200722,2,5,Credit Card,9,2,0,82.61850807381371,10,Tuesday,40
4863,2023-02-17,2138,32,Home,453.02569064127664,3,0,Digital Wallet,5,2,0,1359.0770719238299,2,Friday,7
4864,2023-07-30,1758,21,Home,682.3638487122339,3,10,Digital Wallet,8,4,0,1842.3823915230316,7,Sunday,30
4865,2023-12-09,2091,51,Books,104.21226107941287,2,15,Net Banking,11,4,0,177.16084383500188,12,Saturday,49
4866,2023-05-19,2468,45,Books,416.49802647742325,1,20,Credit Card,10,4,0,333.1984211819386,5,Friday,20
4867,2023-04-20,1444,67,Fashion,942.7251370355334,3,5,Debit Card,11,1,0,2686.76664055127,4,Thursday,16
4868,2023-07-02,2349,19,Sports,441.57514598221695,3,10,Net Banking,9,4,0,1192.2528941519859,7,Sunday,26
4869,2023-01-28,1707,64,Home,985.5507356458252,2,10,Debit Card,10,4,0,1773.9913241624854,1,Saturday,4
4870,2023-07-16,1601,47,Home,66.27067046902143,3,15,Debit Card,10,2,0,168.99020969600465,7,Sunday,28
4871,2023-07-10,2382,43,Fashion,720.6514783794823,3,15,Debit Card,13,5,0,1837.66126986768,7,Monday,28
4872,2023-11-11,1144,68,Sports,585.2060738857867,3,15,Credit Card,3,5,0,1492.2754884087562,11,Saturday,45
4873,2023-02-20,1274,64,Fashion,505.5342803608042,4,15,Digital Wallet,1,4,0,1718.8165532267342,2,Monday,8
4874,2023-05-29,1508,43,Electronics,971.1389274701593,1,5,Digital Wallet,14,5,0,922.5819810966512,5,Monday,22
4875,2023-09-25,2202,37,Home,138.35389648621734,1,15,Debit Card,14,5,0,117.60081201328474,9,Monday,39
4876,2023-02-19,1752,59,Fashion,897.0389621641042,2,10,Credit Card,2,5,0,1614.6701318953876,2,Sunday,7
4877,2023-09-03,1476,45,Fashion,694.3280070252441,1,10,Debit Card,5,5,0,624.8952063227197,9,Sunday,35
4878,2023-04-23,2437,37,Electronics,266.40611256663635,3,20,Debit Card,14,5,0,639.3746701599273,4,Sunday,16
4879,2023-06-19,2176,28,Books,902.6524541759704,1,10,Net Banking,10,5,0,812.3872087583734,6,Monday,25
4880,2023-06-15,2127,27,Home,435.0019686824031,4,10,Credit Card,7,4,1,1566.0070872566512,6,Thursday,24
4881,2023-01-14,2098,40,Fashion,816.0850547923402,3,5,Credit Card,11,4,0,2325.8424061581695,1,Saturday,2
4882,2023-07-22,2151,54,Home,394.948151876926,3,10,Digital Wallet,6,4,0,1066.3600100677002,7,Saturday,29
4883,2023-10-15,1665,58,Books,852.4215191589086,4,0,Digital Wallet,4,4,0,3409.6860766356344,10,Sunday,41
4884,2023-07-08,1567,69,Fashion,640.2628272605982,4,10,Debit Card,9,1,0,2304.9461781381538,7,Saturday,27
4885,2023-06-04,2368,36,Electronics,149.6361672478899,1,20,Net Banking,12,3,0,119.70893379831192,6,Sunday,22
4886,2023-02-24,1530,62,Home,653.1665318348323,1,20,Net Banking,11,3,0,522.5332254678659,2,Friday,8
4887,2023-07-01,1158,35,Electronics,199.4313150748539,1,15,Net Banking,4,5,0,169.5166178136258,7,Saturday,26
4888,2023-07-29,2449,66,Books,417.80340161522105,4,5,Debit Card,3,2,0,1587.6529261378398,7,Saturday,30
4889,2023-03-16,1680,44,Books,178.5926284095134,1,20,Digital Wallet,11,5,1,142.87410272761073,3,Thursday,11
4890,2023-10-04,1022,23,Home,31.795954510447398,2,0,Credit Card,5,5,1,63.591909020894796,10,Wednesday,40
4891,2023-05-13,2070,27,Books,219.76767405545792,1,0,Debit Card,4,5,0,219.76767405545792,5,Saturday,19
4892,2023-12-09,1524,19,Sports,541.0083034868845,4,15,Net Banking,2,4,0,1839.4282318554074,12,Saturday,49
4893,2023-02-28,1728,41,Home,486.74535809957257,4,5,Net Banking,3,5,0,1849.6323607783756,2,Tuesday,9
4894,2023-12-11,1143,55,Sports,506.48212458070304,2,5,Debit Card,7,4,0,962.3160367033357,12,Monday,50
4895,2023-07-01,1667,45,Books,255.2100096621353,3,10,Net Banking,12,3,0,689.0670260877654,7,Saturday,26
4896,2023-12-05,2442,45,Home,688.3095886080444,2,0,Credit Card,2,5,0,1376.6191772160887,12,Tuesday,49
4897,2023-11-17,1680,62,Sports,707.2206539521424,4,0,Debit Card,1,2,1,2828.8826158085694,11,Friday,46
4898,2023-03-05,1972,67,Books,364.3881473040689,3,0,Credit Card,2,5,0,1093.1644419122067,3,Sunday,9
4899,2023-11-23,1798,56,Fashion,882.3583875894326,2,0,Digital Wallet,12,3,0,1764.7167751788652,11,Thursday,47
4900,2023-09-17,1084,19,Fashion,647.5829844691924,2,20,Net Banking,8,5,0,1036.1327751507079,9,Sunday,37
4901,2023-07-12,1415,63,Electronics,715.9088825060454,3,5,Net Banking,8,4,0,2040.3403151422294,7,Wednesday,28
4902,2023-05-23,1693,22,Fashion,284.56651875955004,2,10,Digital Wallet,12,5,0,512.2197337671901,5,Tuesday,21
4903,2023-04-14,1481,67,Sports,10.605518804031172,3,20,Digital Wallet,10,4,0,25.453245129674816,4,Friday,15
4904,2023-08-02,1455,28,Fashion,866.7218559810884,1,5,Digital Wallet,2,5,0,823.385763182034,8,Wednesday,31
4905,2023-08-30,1826,27,Home,824.2001407340103,3,15,Net Banking,6,4,1,2101.7103588717264,8,Wednesday,35
4906,2023-07-28,1296,60,Home,131.9599691624019,2,0,Digital Wallet,11,5,0,263.9199383248038,7,Friday,30
4907,2023-04-03,2135,19,Home,380.3640836067434,1,10,Debit Card,12,5,0,342.3276752460691,4,Monday,14
4908,2023-05-22,2253,32,Fashion,664.7259153046967,4,5,Digital Wallet,11,2,0,2525.9584781578474,5,Monday,21
4909,2023-04-22,2119,56,Fashion,655.5897486465409,4,15,Debit Card,11,5,0,2229.005145398239,4,Saturday,16
4910,2023-02-28,1949,58,Electronics,861.746831460471,4,0,Debit Card,7,4,0,3446.987325841884,2,Tuesday,9
4911,2023-02-12,1679,54,Books,148.86548001907425,2,15,Credit Card,1,4,0,253.07131603242624,2,Sunday,6
4912,2023-07-26,1377,24,Electronics,435.6403503072676,1,15,Debit Card,7,5,0,370.29429776117746,7,Wednesday,30
4913,2023-09-25,2179,37,Sports,106.25217374716053,3,20,Debit Card,12,5,0,255.00521699318526,9,Monday,39
4914,2023-10-23,1420,51,Home,395.69929595424185,4,15,Digital Wallet,11,5,0,1345.3776062444222,10,Monday,43
4915,2023-04-28,1104,52,Fashion,24.95637113182734,4,20,Net Banking,8,5,0,79.8603876218475,4,Friday,17
4916,2023-01-20,1329,51,Books,899.2903344590256,1,20,Digital Wallet,9,5,0,719.4322675672206,1,Friday,3
4917,2023-08-10,1438,39,Books,531.7735568603943,1,15,Credit Card,14,5,0,452.0075233313351,8,Thursday,32
4918,2023-06-15,2155,48,Fashion,851.3042381943301,1,5,Credit Card,8,5,0,808.7390262846135,6,Thursday,24
4919,2023-05-11,1381,40,Electronics,69.30565399333011,2,15,Net Banking,3,5,0,117.81961178866119,5,Thursday,19
4920,2023-06-05,1137,36,Books,235.18352936819144,1,15,Debit Card,8,4,0,199.9059999629627,6,Monday,23
4921,2023-07-03,1942,21,Electronics,266.7861952689688,3,5,Credit Card,3,4,0,760.340656516561,7,Monday,27
4922,2023-03-31,1842,41,Fashion,392.82457969240016,3,0,Net Banking,6,3,0,1178.4737390772004,3,Friday,13
4923,2023-04-04,1269,37,Electronics,804.8377086735707,4,10,Digital Wallet,4,5,0,2897.4157512248544,4,Tuesday,14
4924,2023-01-13,1395,56,Home,392.6922949941777,3,0,Digital Wallet,7,5,0,1178.076884982533,1,Friday,2
4925,2023-11-18,1912,45,Fashion,212.60699434986373,1,15,Digital Wallet,8,5,0,180.71594519738417,11,Saturday,46
4926,2023-10-20,1463,56,Fashion,74.34035773538073,3,0,Debit Card,10,5,0,223.0210732061422,10,Friday,42
4927,2023-08-18,1449,34,Books,88.69683086916059,4,10,Debit Card,6,4,0,319.30859112897815,8,Friday,33
4928,2023-11-18,2354,36,Books,762.4467339013677,2,0,Net Banking,10,5,0,1524.8934678027354,11,Saturday,46
4929,2023-10-19,2276,65,Books,450.3549611262667,3,10,Credit Card,4,5,0,1215.95839504092,10,Thursday,42
4930,2023-01-26,2308,52,Home,728.9193107800152,4,0,Digital Wallet,8,4,0,2915.6772431200607,1,Thursday,4
4931,2023-03-16,2297,49,Home,685.4642505460606,4,20,Debit Card,7,5,0,2193.485601747394,3,Thursday,11
4932,2023-12-30,1019,64,Sports,144.0088371426552,1,15,Debit Card,10,4,0,122.40751157125692,12,Saturday,52
4933,2023-10-26,1238,63,Fashion,151.45905485034453,4,10,Credit Card,8,5,0,545.2525974612403,10,Thursday,43
4934,2023-05-30,2293,64,Books,757.7885952797926,3,15,Digital Wallet,13,5,0,1932.3609179634714,5,Tuesday,22
4935,2023-05-28,1417,63,Fashion,724.0556105505631,4,20,Digital Wallet,10,5,0,2316.977953761802,5,Sunday,21
4936,2023-01-08,2333,56,Electronics,384.25045920556727,4,0,Credit Card,7,5,0,1537.001836822269,1,Sunday,1
4937,2023-01-29,2054,52,Home,86.64804069951168,1,15,Net Banking,14,4,0,73.65083459458492,1,Sunday,4
4938,2023-10-23,2127,47,Sports,21.97704148146768,1,0,Net Banking,3,4,1,21.97704148146768,10,Monday,43
4939,2023-07-28,1185,34,Electronics,295.27537996712744,3,0,Credit Card,3,3,0,885.8261399013822,7,Friday,30
4940,2023-05-08,2151,59,Fashion,19.130050851354667,4,15,Credit Card,9,4,0,65.04217289460587,5,Monday,19
4941,2023-12-06,2233,64,Home,237.77189489266638,2,10,Net Banking,14,5,0,427.98941080679947,12,Wednesday,49
4942,2023-04-26,2437,46,Books,425.30573280922516,4,10,Credit Card,7,3,1,1531.1006381132106,4,Wednesday,17
4943,2023-05-24,2304,23,Electronics,130.20160765883463,2,15,Digital Wallet,12,5,0,221.34273302001887,5,Wednesday,21
4944,2023-11-14,1252,34,Home,113.23498025323079,3,10,Net Banking,1,4,1,305.73444668372315,11,Tuesday,46
4945,2023-08-23,1018,34,Fashion,897.4730613615492,1,5,Net Banking,3,1,0,852.5994082934717,8,Wednesday,34
4946,2023-01-07,1711,31,Fashion,589.6153287326604,3,0,Net Banking,11,4,0,1768.8459861979811,1,Saturday,1
4947,2023-02-14,2159,41,Electronics,935.1111298951537,1,15,Digital Wallet,1,4,0,794.8444604108806,2,Tuesday,7
4948,2023-08-27,1222,67,Electronics,352.3679021478224,1,20,Credit Card,6,2,0,281.8943217182579,8,Sunday,34
4949,2023-06-04,1002,54,Electronics,680.3734879558715,4,15,Debit Card,13,4,0,2313.269859049963,6,Sunday,22
4950,2023-06-30,2259,57,Sports,212.64475787557248,4,15,Debit Card,2,4,0,722.9921767769464,6,Friday,26
4951,2023-08-03,1853,56,Books,622.1569141071418,1,0,Digital Wallet,7,4,0,622.1569141071418,8,Thursday,31
4952,2023-03-29,2488,49,Home,138.28987270988458,2,20,Digital Wallet,8,4,0,221.26379633581533,3,Wednesday,13
4953,2023-09-13,1227,53,Fashion,12.059832784522902,2,0,Credit Card,13,4,0,24.119665569045804,9,Wednesday,37
4954,2023-03-14,1912,67,Fashion,932.2164833954832,4,10,Debit Card,13,2,0,3355.9793402237397,3,Tuesday,11
4955,2023-06-28,1498,54,Books,559.3454324134573,3,15,Net Banking,13,1,0,1426.330852654316,6,Wednesday,26
4956,2023-07-31,1520,65,Electronics,927.671256154219,2,0,Digital Wallet,6,5,0,1855.342512308438,7,Monday,31
4957,2023-10-20,1701,31,Electronics,340.4932084650513,1,5,Debit Card,5,4,0,323.4685480417987,10,Friday,42
4958,2023-08-22,1916,44,Fashion,334.5082084701392,4,15,Net Banking,10,5,1,1137.3279087984733,8,Tuesday,34
4959,2023-08-27,2162,36,Books,406.6484517553014,4,10,Net Banking,4,4,0,1463.934426319085,8,Sunday,34
4960,2023-08-11,2299,48,Fashion,708.9805741185866,1,0,Credit Card,9,5,0,708.9805741185866,8,Friday,32
4961,2023-04-29,1290,63,Electronics,570.1505478443124,3,0,Digital Wallet,8,4,0,1710.4516435329374,4,Saturday,17
4962,2023-11-09,2076,26,Home,926.1013580281268,1,5,Net Banking,5,5,0,879.7962901267205,11,Thursday,45
4963,2023-09-21,2133,55,Electronics,35.18649212111496,3,10,Digital Wallet,13,4,0,95.0035287270104,9,Thursday,38
4964,2023-07-26,1714,34,Home,711.1139785928111,4,5,Debit Card,1,5,0,2702.233118652682,7,Wednesday,30
4965,2023-04-05,1947,36,Sports,337.0244124728888,3,15,Debit Card,8,5,0,859.4122518058664,4,Wednesday,14
4966,2023-08-10,1647,61,Books,188.43131530027657,1,20,Digital Wallet,8,3,0,150.74505224022127,8,Thursday,32
4967,2023-10-03,2027,21,Sports,515.291666294898,4,0,Net Banking,7,3,0,2061.166665179592,10,Tuesday,40
4968,2023-08-19,1683,65,Electronics,510.013146338196,2,5,Net Banking,7,5,1,969.0249780425723,8,Saturday,33
4969,2023-11-05,1869,28,Books,145.64091840154413,4,0,Debit Card,8,5,0,582.5636736061765,11,Sunday,44
4970,2023-04-29,2070,39,Electronics,209.87709557156097,1,0,Net Banking,1,5,0,209.87709557156097,4,Saturday,17
4971,2023-09-25,1093,21,Books,414.0830182525394,1,5,Net Banking,12,5,0,393.3788673399124,9,Monday,39
4972,2023-09-30,1939,34,Books,414.72329826839217,4,0,Debit Card,3,2,0,1658.8931930735687,9,Saturday,39
4973,2023-03-05,1559,25,Electronics,324.3825582234879,4,10,Credit Card,4,5,0,1167.7772096045564,3,Sunday,9
4974,2023-10-25,1212,63,Electronics,157.05969999488113,4,10,Debit Card,11,4,0,565.4149199815721,10,Wednesday,43
4975,2023-12-16,1435,51,Books,14.329942309969727,3,20,Digital Wallet,6,5,0,34.39186154392735,12,Saturday,50
4976,2023-01-11,1851,28,Books,970.5327118037404,2,10,Credit Card,10,5,0,1746.9588812467327,1,Wednesday,2
4977,2023-04-08,1507,48,Electronics,944.0642374068877,3,5,Digital Wallet,12,1,0,2690.58307660963,4,Saturday,14
4978,2023-03-12,1835,28,Electronics,488.81387538437383,1,10,Credit Card,10,5,0,439.93248784593646,3,Sunday,10
4979,2023-12-30,1650,55,Fashion,995.1012357422557,4,20,Credit Card,9,4,1,3184.3239543752184,12,Saturday,52
4980,2023-02-27,1204,38,Fashion,676.9177874744208,3,15,Debit Card,4,4,0,1726.140358059773,2,Monday,9
4981,2023-10-17,1380,63,Fashion,78.16896223146612,3,15,Debit Card,6,5,0,199.3308536902386,10,Tuesday,42
4982,2023-09-08,2096,47,Sports,126.5410170918011,1,5,Digital Wallet,9,5,0,120.21396623721104,9,Friday,36
4983,2023-10-03,2099,27,Books,916.9497354309414,3,20,Debit Card,14,2,0,2200.6793650342593,10,Tuesday,40
4984,2023-02-19,1076,43,Home,633.7516801281322,1,10,Credit Card,14,5,0,570.376512115319,2,Sunday,7
4985,2023-12-24,1815,44,Sports,844.7517903907776,3,20,Debit Card,13,4,0,2027.4042969378665,12,Sunday,51
4986,2023-08-04,1767,25,Books,899.2869531375059,2,0,Digital Wallet,9,3,0,1798.5739062750117,8,Friday,31
4987,2023-02-21,1409,56,Home,453.46259116956224,1,20,Credit Card,6,5,0,362.7700729356498,2,Tuesday,8
4988,2023-09-28,1105,25,Fashion,58.040692060926105,2,10,Digital Wallet,5,2,1,104.473245709667,9,Thursday,39
4989,2023-03-25,1550,25,Home,196.3975454083488,3,5,Net Banking,3,1,0,559.733004413794,3,Saturday,12
4990,2023-10-20,2499,51,Electronics,75.90622782941075,2,0,Debit Card,5,3,1,151.8124556588215,10,Friday,42
4991,2023-05-06,1825,33,Electronics,196.85244724152224,2,20,Credit Card,3,4,0,314.96391558643563,5,Saturday,18
4992,2023-10-23,2298,58,Books,416.42759719131806,2,15,Digital Wallet,5,2,0,707.9269152252407,10,Monday,43
4993,2023-03-13,1087,30,Sports,127.01484240983558,3,10,Debit Card,13,5,0,342.9400745065561,3,Monday,11
4994,2023-10-23,1880,40,Fashion,175.06591532728984,1,5,Debit Card,10,4,0,166.31261956092536,10,Monday,43
4995,2023-08-24,2100,29,Books,451.36356425096244,3,10,Digital Wallet,10,4,0,1218.6816234775986,8,Thursday,34
4996,2023-02-25,2100,44,Fashion,346.76924088460464,3,20,Credit Card,1,3,0,832.2461781230512,2,Saturday,8
4997,2023-12-26,2465,39,Electronics,472.9815429461606,3,5,Digital Wallet,6,4,0,1347.9973973965575,12,Tuesday,52
4998,2023-04-20,1539,49,Sports,434.88030748147145,1,15,Debit Card,7,4,0,369.64826135925074,4,Thursday,16
4999,2023-07-11,1244,66,Sports,648.0332457200847,4,0,Digital Wallet,2,4,0,2592.1329828803387,7,Tuesday,28
5000,2023-04-03,1577,44,Electronics,937.8176533870959,3,20,Net Banking,3,4,0,2250.76236812903,4,Monday,14
